year,month,day,carrier,origin,dest,departure_delay,arrival_delay,air_time,distance,delay_change_minutes,air_time_hours,speed_mph
2013,6,15,MQ,JFK,CMH,1137.0,1127.0,74.0,483,-10.0,1.2333333333333334,391.6216216216216
2013,7,22,MQ,JFK,CVG,1005.0,989.0,96.0,589,-16.0,1.6,368.125
2013,6,27,DL,JFK,PDX,899.0,850.0,313.0,2454,-49.0,5.216666666666667,470.41533546325877
2013,6,27,DL,JFK,SAN,790.0,769.0,312.0,2446,-21.0,5.2,470.38461538461536
2013,7,7,VX,JFK,SFO,629.0,676.0,334.0,2586,47.0,5.566666666666666,464.55089820359285
2013,7,27,EV,JFK,IAD,536.0,577.0,47.0,228,41.0,0.7833333333333333,291.06382978723406
2013,7,6,DL,JFK,SFO,589.0,561.0,325.0,2586,-28.0,5.416666666666667,477.4153846153846
2013,7,28,MQ,JFK,CVG,486.0,496.0,96.0,589,10.0,1.6,368.125
2013,8,21,DL,JFK,ATL,508.0,469.0,99.0,760,-39.0,1.65,460.6060606060606
2013,7,24,9E,JFK,MSP,430.0,458.0,150.0,1029,28.0,2.5,411.6
2013,6,7,MQ,JFK,ORF,419.0,451.0,53.0,290,32.0,0.8833333333333333,328.3018867924528
2013,7,10,B6,JFK,SFO,453.0,445.0,345.0,2586,-8.0,5.75,449.7391304347826
2013,6,24,DL,JFK,SEA,504.0,444.0,307.0,2422,-60.0,5.116666666666666,473.35504885993487
2013,7,10,VX,JFK,SFO,432.0,433.0,340.0,2586,1.0,5.666666666666667,456.35294117647055
2013,6,13,MQ,JFK,RDU,343.0,430.0,76.0,427,87.0,1.2666666666666666,337.10526315789474
2013,6,13,EV,JFK,IAD,388.0,421.0,56.0,228,33.0,0.9333333333333333,244.28571428571428
2013,7,7,DL,JFK,SAN,452.0,421.0,305.0,2446,-31.0,5.083333333333333,481.1803278688525
2013,7,10,9E,JFK,DFW,355.0,421.0,191.0,1391,66.0,3.183333333333333,436.96335078534037
2013,7,10,VX,JFK,LAX,413.0,420.0,320.0,2475,7.0,5.333333333333333,464.0625
2013,7,10,B6,JFK,BOS,381.0,412.0,54.0,187,31.0,0.9,207.77777777777777
2013,7,7,VX,JFK,SFO,396.0,411.0,338.0,2586,15.0,5.633333333333334,459.0532544378698
2013,8,18,VX,JFK,LAX,392.0,404.0,313.0,2475,12.0,5.216666666666667,474.4408945686901
2013,6,27,DL,JFK,SEA,278.0,400.0,337.0,2422,122.0,5.616666666666666,431.2166172106825
2013,8,28,DL,JFK,MIA,436.0,399.0,134.0,1089,-37.0,2.2333333333333334,487.6119402985075
2013,7,10,UA,JFK,SFO,325.0,399.0,360.0,2586,74.0,6.0,431.0
2013,7,10,B6,JFK,SYR,352.0,391.0,42.0,209,39.0,0.7,298.5714285714286
2013,7,10,DL,JFK,PDX,353.0,391.0,335.0,2454,38.0,5.583333333333333,439.52238805970154
2013,7,1,EV,JFK,IAD,363.0,385.0,40.0,228,22.0,0.6666666666666666,342.0
2013,7,22,9E,JFK,DTW,356.0,383.0,88.0,509,27.0,1.4666666666666666,347.04545454545456
2013,7,9,AA,JFK,SFO,364.0,380.0,361.0,2586,16.0,6.016666666666667,429.80609418282546
2013,6,13,B6,JFK,TPA,351.0,380.0,144.0,1005,29.0,2.4,418.75
2013,6,7,B6,JFK,PBI,371.0,376.0,146.0,1028,5.0,2.433333333333333,422.4657534246576
2013,6,25,9E,JFK,PIT,376.0,372.0,64.0,340,-4.0,1.0666666666666667,318.75
2013,7,18,AA,JFK,SJU,396.0,371.0,198.0,1598,-25.0,3.3,484.24242424242425
2013,7,22,VX,JFK,SFO,304.0,360.0,354.0,2586,56.0,5.9,438.3050847457627
2013,7,10,9E,JFK,SDF,296.0,357.0,110.0,662,61.0,1.8333333333333333,361.0909090909091
2013,8,28,EV,JFK,IAD,361.0,356.0,47.0,228,-5.0,0.7833333333333333,291.06382978723406
2013,7,19,DL,JFK,TPA,405.0,355.0,125.0,1005,-50.0,2.0833333333333335,482.4
2013,7,22,DL,JFK,MIA,320.0,354.0,138.0,1089,34.0,2.3,473.47826086956525
2013,7,10,B6,JFK,BUF,375.0,354.0,52.0,301,-21.0,0.8666666666666667,347.3076923076923
2013,6,10,EV,JFK,IAD,315.0,354.0,51.0,228,39.0,0.85,268.2352941176471
2013,7,22,MQ,JFK,BNA,312.0,354.0,125.0,765,42.0,2.0833333333333335,367.2
2013,7,30,VX,JFK,SFO,364.0,354.0,347.0,2586,-10.0,5.783333333333333,447.1469740634006
2013,6,27,DL,JFK,PDX,224.0,350.0,331.0,2454,126.0,5.516666666666667,444.83383685800607
2013,7,10,UA,JFK,SFO,272.0,347.0,345.0,2586,75.0,5.75,449.7391304347826
2013,7,11,UA,JFK,SFO,348.0,345.0,330.0,2586,-3.0,5.5,470.1818181818182
2013,6,14,9E,JFK,PIT,335.0,342.0,63.0,340,7.0,1.05,323.8095238095238
2013,6,27,B6,JFK,BOS,381.0,340.0,34.0,187,-41.0,0.5666666666666667,330.0
2013,7,10,B6,JFK,HOU,243.0,338.0,188.0,1428,95.0,3.1333333333333333,455.74468085106383
2013,7,22,9E,JFK,CVG,268.0,337.0,94.0,589,69.0,1.5666666666666667,375.95744680851067
2013,7,28,9E,JFK,CLE,236.0,336.0,76.0,425,100.0,1.2666666666666666,335.5263157894737
2013,8,11,DL,JFK,DEN,360.0,335.0,236.0,1626,-25.0,3.933333333333333,413.3898305084746
2013,7,10,B6,JFK,SAN,274.0,334.0,313.0,2446,60.0,5.216666666666667,468.88178913738017
2013,6,24,VX,JFK,SFO,263.0,333.0,362.0,2586,70.0,6.033333333333333,428.61878453038673
2013,6,25,B6,JFK,LAS,364.0,332.0,293.0,2248,-32.0,4.883333333333334,460.3412969283276
2013,7,9,9E,JFK,BUF,248.0,331.0,56.0,301,83.0,0.9333333333333333,322.5
2013,7,7,9E,JFK,ROC,270.0,330.0,53.0,264,60.0,0.8833333333333333,298.8679245283019
2013,6,27,US,JFK,CLT,307.0,328.0,76.0,541,21.0,1.2666666666666666,427.10526315789474
2013,8,11,B6,JFK,SEA,340.0,328.0,331.0,2422,-12.0,5.516666666666667,439.0332326283988
2013,7,7,DL,JFK,ATL,327.0,325.0,101.0,760,-2.0,1.6833333333333333,451.48514851485146
2013,7,20,9E,JFK,MSP,233.0,324.0,161.0,1029,91.0,2.683333333333333,383.47826086956525
2013,7,22,9E,JFK,PIT,335.0,324.0,66.0,340,-11.0,1.1,309.09090909090907
2013,7,10,UA,JFK,LAX,306.0,322.0,321.0,2475,16.0,5.35,462.61682242990656
2013,7,12,DL,JFK,TPA,343.0,322.0,135.0,1005,-21.0,2.25,446.6666666666667
2013,7,22,B6,JFK,CLT,284.0,322.0,82.0,541,38.0,1.3666666666666667,395.8536585365854
2013,7,22,DL,JFK,ATL,297.0,320.0,107.0,760,23.0,1.7833333333333334,426.1682242990654
2013,6,24,UA,JFK,LAX,306.0,319.0,331.0,2475,13.0,5.516666666666667,448.6404833836858
2013,7,7,B6,JFK,OAK,252.0,318.0,336.0,2576,66.0,5.6,460.00000000000006
2013,7,31,AA,JFK,SFO,293.0,317.0,356.0,2586,24.0,5.933333333333334,435.8426966292135
2013,8,1,9E,JFK,PHL,329.0,317.0,32.0,94,-12.0,0.5333333333333333,176.25
2013,8,8,MQ,JFK,BNA,315.0,316.0,112.0,765,1.0,1.8666666666666667,409.82142857142856
2013,6,24,AA,JFK,SFO,292.0,316.0,355.0,2586,24.0,5.916666666666667,437.07042253521126
2013,7,23,9E,JFK,DTW,313.0,315.0,84.0,509,2.0,1.4,363.5714285714286
2013,6,24,VX,JFK,SFO,325.0,314.0,345.0,2586,-11.0,5.75,449.7391304347826
2013,7,7,DL,JFK,SFO,319.0,312.0,323.0,2586,-7.0,5.383333333333334,480.3715170278637
2013,7,1,MQ,JFK,RDU,293.0,310.0,73.0,427,17.0,1.2166666666666666,350.95890410958907
2013,7,10,VX,JFK,SFO,301.0,310.0,335.0,2586,9.0,5.583333333333333,463.1641791044776
2013,6,10,9E,JFK,BUF,281.0,308.0,64.0,301,27.0,1.0666666666666667,282.1875
2013,7,10,AA,JFK,SFO,187.0,307.0,374.0,2586,120.0,6.233333333333333,414.8663101604278
2013,7,10,B6,JFK,SEA,257.0,307.0,341.0,2422,50.0,5.683333333333334,426.15835777126097
2013,6,24,DL,JFK,MIA,312.0,303.0,143.0,1089,-9.0,2.3833333333333333,456.9230769230769
2013,7,22,B6,JFK,LGB,211.0,302.0,329.0,2465,91.0,5.483333333333333,449.5440729483283
2013,7,7,DL,JFK,LAX,257.0,302.0,319.0,2475,45.0,5.316666666666666,465.51724137931035
2013,7,28,MQ,JFK,CMH,262.0,301.0,98.0,483,39.0,1.6333333333333333,295.7142857142857
2013,8,14,9E,JFK,DFW,301.0,300.0,193.0,1391,-1.0,3.216666666666667,432.43523316062175
2013,6,27,9E,JFK,MSP,321.0,300.0,144.0,1029,-21.0,2.4,428.75
2013,7,13,AA,JFK,LAX,260.0,300.0,307.0,2475,40.0,5.116666666666666,483.71335504885997
2013,7,10,DL,JFK,LAS,275.0,298.0,301.0,2248,23.0,5.016666666666667,448.10631229235884
2013,7,7,DL,JFK,MCO,342.0,298.0,121.0,944,-44.0,2.0166666666666666,468.099173553719
2013,7,6,VX,JFK,SFO,322.0,297.0,336.0,2586,-25.0,5.6,461.78571428571433
2013,7,1,B6,JFK,JAX,285.0,297.0,125.0,828,12.0,2.0833333333333335,397.44
2013,6,23,AA,JFK,SFO,252.0,297.0,337.0,2586,45.0,5.616666666666666,460.41543026706233
2013,7,28,B6,JFK,PWM,244.0,294.0,46.0,273,50.0,0.7666666666666667,356.0869565217391
2013,7,7,VX,JFK,SFO,299.0,294.0,337.0,2586,-5.0,5.616666666666666,460.41543026706233
2013,7,23,B6,JFK,BOS,275.0,294.0,42.0,187,19.0,0.7,267.14285714285717
2013,6,7,9E,JFK,RDU,232.0,292.0,72.0,427,60.0,1.2,355.83333333333337
2013,6,27,DL,JFK,SEA,294.0,292.0,327.0,2422,-2.0,5.45,444.4036697247706
2013,8,4,MQ,JFK,CVG,319.0,292.0,90.0,589,-27.0,1.5,392.6666666666667
2013,6,14,AA,JFK,SFO,201.0,289.0,366.0,2586,88.0,6.1,423.93442622950823
2013,6,30,9E,JFK,RIC,217.0,288.0,58.0,288,71.0,0.9666666666666667,297.9310344827586
2013,7,9,DL,JFK,ATL,268.0,288.0,98.0,760,20.0,1.6333333333333333,465.3061224489796
2013,7,22,DL,JFK,SLC,275.0,288.0,273.0,1990,13.0,4.55,437.3626373626374
2013,7,7,9E,JFK,DTW,269.0,287.0,74.0,509,18.0,1.2333333333333334,412.7027027027027
2013,6,23,VX,JFK,SFO,214.0,287.0,343.0,2586,73.0,5.716666666666667,452.3615160349854
2013,6,25,VX,JFK,SFO,290.0,287.0,348.0,2586,-3.0,5.8,445.86206896551727
2013,6,7,B6,JFK,FLL,282.0,287.0,151.0,1069,5.0,2.5166666666666666,424.76821192052984
2013,7,22,B6,JFK,FLL,286.0,286.0,141.0,1069,0.0,2.35,454.89361702127655
2013,6,13,B6,JFK,RDU,287.0,285.0,73.0,427,-2.0,1.2166666666666666,350.95890410958907
2013,6,25,B6,JFK,SFO,291.0,285.0,346.0,2586,-6.0,5.766666666666667,448.4393063583815
2013,7,22,VX,JFK,SFO,223.0,284.0,345.0,2586,61.0,5.75,449.7391304347826
2013,7,10,DL,JFK,LAX,319.0,284.0,313.0,2475,-35.0,5.216666666666667,474.4408945686901
2013,8,8,DL,JFK,PDX,244.0,283.0,348.0,2454,39.0,5.8,423.1034482758621
2013,6,19,9E,JFK,PHL,268.0,283.0,41.0,94,15.0,0.6833333333333333,137.5609756097561
2013,7,10,AA,JFK,LAX,194.0,282.0,346.0,2475,88.0,5.766666666666667,429.19075144508673
2013,7,17,9E,JFK,BWI,313.0,280.0,34.0,184,-33.0,0.5666666666666667,324.70588235294116
2013,6,27,VX,JFK,SFO,249.0,278.0,345.0,2586,29.0,5.75,449.7391304347826
2013,8,28,B6,JFK,JAX,272.0,277.0,110.0,828,5.0,1.8333333333333333,451.6363636363637
2013,7,11,B6,JFK,BUF,242.0,277.0,52.0,301,35.0,0.8666666666666667,347.3076923076923
2013,8,29,DL,JFK,DEN,340.0,276.0,199.0,1626,-64.0,3.316666666666667,490.251256281407
2013,6,27,B6,JFK,ORD,207.0,276.0,108.0,740,69.0,1.8,411.1111111111111
2013,6,30,B6,JFK,BUF,298.0,275.0,53.0,301,-23.0,0.8833333333333333,340.7547169811321
2013,6,24,9E,JFK,BWI,232.0,275.0,59.0,184,43.0,0.9833333333333333,187.11864406779662
2013,7,3,B6,JFK,PWM,253.0,274.0,43.0,273,21.0,0.7166666666666667,380.93023255813955
2013,7,10,DL,JFK,LAX,268.0,274.0,310.0,2475,6.0,5.166666666666667,479.0322580645161
2013,6,24,B6,JFK,MCO,265.0,273.0,123.0,944,8.0,2.05,460.48780487804885
2013,6,24,9E,JFK,PHL,171.0,273.0,31.0,94,102.0,0.5166666666666667,181.93548387096772
2013,7,30,VX,JFK,SFO,270.0,273.0,359.0,2586,3.0,5.983333333333333,432.20055710306406
2013,6,24,US,JFK,PHX,275.0,270.0,270.0,2153,-5.0,4.5,478.44444444444446
2013,6,15,DL,JFK,ATL,301.0,270.0,99.0,760,-31.0,1.65,460.6060606060606
2013,7,18,DL,JFK,SFO,312.0,270.0,323.0,2586,-42.0,5.383333333333334,480.3715170278637
2013,6,23,UA,JFK,SFO,207.0,269.0,331.0,2586,62.0,5.516666666666667,468.761329305136
2013,7,22,AA,JFK,MIA,232.0,268.0,142.0,1089,36.0,2.3666666666666667,460.14084507042253
2013,7,28,9E,JFK,DFW,202.0,268.0,196.0,1391,66.0,3.2666666666666666,425.81632653061223
2013,8,2,9E,JFK,BUF,260.0,267.0,62.0,301,7.0,1.0333333333333334,291.2903225806451
2013,7,20,B6,JFK,LGB,210.0,267.0,341.0,2465,57.0,5.683333333333334,433.72434017595305
2013,7,9,UA,JFK,SFO,233.0,267.0,350.0,2586,34.0,5.833333333333333,443.31428571428575
2013,7,10,B6,JFK,MCO,268.0,267.0,119.0,944,-1.0,1.9833333333333334,475.9663865546218
2013,6,23,VX,JFK,SFO,263.0,267.0,338.0,2586,4.0,5.633333333333334,459.0532544378698
2013,8,16,9E,JFK,DTW,297.0,267.0,85.0,509,-30.0,1.4166666666666667,359.2941176470588
2013,6,29,B6,JFK,BOS,270.0,266.0,40.0,187,-4.0,0.6666666666666666,280.5
2013,6,4,UA,JFK,LAX,250.0,265.0,340.0,2475,15.0,5.666666666666667,436.7647058823529
2013,6,23,DL,JFK,SFO,245.0,264.0,333.0,2586,19.0,5.55,465.94594594594594
2013,6,28,AA,JFK,LAX,224.0,263.0,324.0,2475,39.0,5.4,458.3333333333333
2013,7,1,B6,JFK,MCO,263.0,262.0,134.0,944,-1.0,2.2333333333333334,422.6865671641791
2013,6,14,VX,JFK,LAX,271.0,262.0,338.0,2475,-9.0,5.633333333333334,439.34911242603545
2013,7,1,EV,JFK,IAD,214.0,262.0,49.0,228,48.0,0.8166666666666667,279.18367346938777
2013,6,27,B6,JFK,JAX,281.0,262.0,114.0,828,-19.0,1.9,435.7894736842105
2013,8,20,9E,JFK,MCI,284.0,262.0,148.0,1113,-22.0,2.466666666666667,451.2162162162162
2013,7,10,DL,JFK,PHX,259.0,261.0,275.0,2153,2.0,4.583333333333333,469.74545454545455
2013,8,2,9E,JFK,DTW,265.0,261.0,93.0,509,-4.0,1.55,328.38709677419354
2013,6,13,AA,JFK,LAS,255.0,261.0,298.0,2248,6.0,4.966666666666667,452.6174496644295
2013,7,22,MQ,JFK,DCA,193.0,260.0,49.0,213,67.0,0.8166666666666667,260.81632653061223
2013,7,17,9E,JFK,CLT,214.0,259.0,96.0,541,45.0,1.6,338.125
2013,6,24,DL,JFK,LAX,283.0,259.0,313.0,2475,-24.0,5.216666666666667,474.4408945686901
2013,6,24,B6,JFK,SFO,275.0,259.0,349.0,2586,-16.0,5.816666666666666,444.5845272206304
2013,8,3,US,JFK,CLT,270.0,259.0,77.0,541,-11.0,1.2833333333333334,421.55844155844153
2013,6,24,VX,JFK,SFO,243.0,258.0,360.0,2586,15.0,6.0,431.0
2013,8,8,US,JFK,CLT,223.0,258.0,94.0,541,35.0,1.5666666666666667,345.3191489361702
2013,6,2,MQ,JFK,IND,241.0,258.0,105.0,665,17.0,1.75,380.0
2013,6,18,B6,JFK,RDU,255.0,258.0,72.0,427,3.0,1.2,355.83333333333337
2013,7,22,B6,JFK,SEA,209.0,258.0,344.0,2422,49.0,5.733333333333333,422.4418604651163
2013,7,9,9E,JFK,ORD,263.0,258.0,115.0,740,-5.0,1.9166666666666667,386.0869565217391
2013,7,6,VX,JFK,SFO,210.0,258.0,338.0,2586,48.0,5.633333333333334,459.0532544378698
2013,7,20,9E,JFK,ORD,220.0,257.0,124.0,740,37.0,2.066666666666667,358.0645161290322
2013,7,22,B6,JFK,OAK,180.0,257.0,353.0,2576,77.0,5.883333333333334,437.8470254957507
2013,6,10,9E,JFK,IAD,211.0,256.0,47.0,228,45.0,0.7833333333333333,291.06382978723406
2013,7,8,DL,JFK,SAT,299.0,256.0,194.0,1587,-43.0,3.2333333333333334,490.82474226804123
2013,6,14,DL,JFK,SJU,157.0,256.0,237.0,1598,99.0,3.95,404.55696202531647
2013,8,10,B6,JFK,MSY,244.0,255.0,169.0,1182,11.0,2.816666666666667,419.64497041420117
2013,7,9,VX,JFK,SFO,255.0,254.0,343.0,2586,-1.0,5.716666666666667,452.3615160349854
2013,8,4,MQ,JFK,CLE,194.0,254.0,75.0,425,60.0,1.25,340.0
2013,6,25,DL,JFK,LAS,279.0,254.0,287.0,2248,-25.0,4.783333333333333,469.9651567944251
2013,6,24,EV,JFK,IAD,207.0,254.0,47.0,228,47.0,0.7833333333333333,291.06382978723406
2013,6,13,B6,JFK,FLL,230.0,254.0,161.0,1069,24.0,2.683333333333333,398.3850931677019
2013,7,8,VX,JFK,SFO,256.0,253.0,339.0,2586,-3.0,5.65,457.6991150442478
2013,6,22,B6,JFK,SFO,306.0,253.0,322.0,2586,-53.0,5.366666666666666,481.86335403726713
2013,7,22,EV,JFK,IAD,192.0,253.0,61.0,228,61.0,1.0166666666666666,224.26229508196724
2013,7,22,9E,JFK,CHS,225.0,252.0,86.0,636,27.0,1.4333333333333333,443.72093023255815
2013,6,18,B6,JFK,PWM,281.0,252.0,46.0,273,-29.0,0.7666666666666667,356.0869565217391
2013,6,24,UA,JFK,SFO,225.0,252.0,364.0,2586,27.0,6.066666666666666,426.2637362637363
2013,6,25,B6,JFK,FLL,261.0,251.0,144.0,1069,-10.0,2.4,445.4166666666667
2013,7,10,DL,JFK,AUS,241.0,251.0,191.0,1521,10.0,3.183333333333333,477.8010471204189
2013,6,13,9E,JFK,PHL,190.0,251.0,46.0,94,61.0,0.7666666666666667,122.6086956521739
2013,8,1,B6,JFK,BTV,234.0,250.0,47.0,266,16.0,0.7833333333333333,339.5744680851064
2013,8,18,9E,JFK,DCA,245.0,250.0,54.0,213,5.0,0.9,236.66666666666666
2013,8,8,AA,JFK,LAS,250.0,250.0,302.0,2248,0.0,5.033333333333333,446.6225165562914
2013,7,16,B6,JFK,BUF,268.0,250.0,51.0,301,-18.0,0.85,354.11764705882354
2013,6,25,9E,JFK,BWI,200.0,250.0,42.0,184,50.0,0.7,262.8571428571429
2013,6,19,DL,JFK,PHX,277.0,249.0,273.0,2153,-28.0,4.55,473.1868131868132
2013,6,28,B6,JFK,PBI,247.0,249.0,151.0,1028,2.0,2.5166666666666666,408.47682119205297
2013,8,21,DL,JFK,SEA,281.0,248.0,322.0,2422,-33.0,5.366666666666666,451.304347826087
2013,6,19,EV,JFK,IAD,253.0,248.0,44.0,228,-5.0,0.7333333333333333,310.90909090909093
2013,8,16,AA,JFK,SFO,294.0,247.0,317.0,2586,-47.0,5.283333333333333,489.4637223974764
2013,6,27,B6,JFK,BUR,226.0,247.0,321.0,2465,21.0,5.35,460.7476635514019
2013,7,1,9E,JFK,CHS,200.0,247.0,107.0,636,47.0,1.7833333333333334,356.6355140186916
2013,7,23,9E,JFK,MSP,219.0,247.0,150.0,1029,28.0,2.5,411.6
2013,7,1,B6,JFK,IAD,257.0,246.0,45.0,228,-11.0,0.75,304.0
2013,6,30,B6,JFK,PBI,245.0,246.0,146.0,1028,1.0,2.433333333333333,422.4657534246576
2013,7,22,B6,JFK,ROC,210.0,246.0,57.0,264,36.0,0.95,277.89473684210526
2013,6,10,B6,JFK,SYR,243.0,246.0,46.0,209,3.0,0.7666666666666667,272.6086956521739
2013,8,7,9E,JFK,SDF,209.0,244.0,104.0,662,35.0,1.7333333333333334,381.9230769230769
2013,7,1,VX,JFK,LAX,287.0,243.0,298.0,2475,-44.0,4.966666666666667,498.3221476510067
2013,6,30,B6,JFK,ROC,253.0,243.0,50.0,264,-10.0,0.8333333333333334,316.8
2013,7,10,UA,JFK,SFO,206.0,243.0,326.0,2586,37.0,5.433333333333334,475.9509202453988
2013,7,18,B6,JFK,MCO,257.0,243.0,125.0,944,-14.0,2.0833333333333335,453.11999999999995
2013,8,25,US,JFK,PHX,286.0,243.0,256.0,2153,-43.0,4.266666666666667,504.609375
2013,6,27,9E,JFK,MCI,158.0,242.0,156.0,1113,84.0,2.6,428.07692307692304
2013,6,28,DL,JFK,MIA,224.0,242.0,153.0,1089,18.0,2.55,427.05882352941177
2013,7,17,9E,JFK,PHL,238.0,242.0,28.0,94,4.0,0.4666666666666667,201.42857142857142
2013,6,28,9E,JFK,BOS,277.0,241.0,44.0,187,-36.0,0.7333333333333333,255.00000000000003
2013,6,7,AA,JFK,SFO,277.0,241.0,320.0,2586,-36.0,5.333333333333333,484.875
2013,6,26,DL,JFK,SFO,260.0,241.0,318.0,2586,-19.0,5.3,487.9245283018868
2013,8,28,MQ,JFK,TPA,255.0,241.0,125.0,1005,-14.0,2.0833333333333335,482.4
2013,8,9,DL,JFK,PDX,219.0,240.0,324.0,2454,21.0,5.4,454.4444444444444
2013,7,23,B6,JFK,ORD,192.0,240.0,129.0,740,48.0,2.15,344.1860465116279
2013,8,9,AA,JFK,BOS,216.0,239.0,43.0,187,23.0,0.7166666666666667,260.93023255813955
2013,6,24,MQ,JFK,CVG,232.0,238.0,87.0,589,6.0,1.45,406.2068965517241
2013,7,22,9E,JFK,BOS,205.0,238.0,38.0,187,33.0,0.6333333333333333,295.2631578947369
2013,6,17,B6,JFK,SJU,228.0,238.0,191.0,1598,10.0,3.183333333333333,501.98952879581157
2013,7,10,DL,JFK,SAT,249.0,238.0,204.0,1587,-11.0,3.4,466.7647058823529
2013,7,10,B6,JFK,SMF,224.0,238.0,335.0,2521,14.0,5.583333333333333,451.52238805970154
2013,6,13,9E,JFK,IND,199.0,237.0,104.0,665,38.0,1.7333333333333334,383.65384615384613
2013,7,3,DL,JFK,SFO,296.0,237.0,311.0,2586,-59.0,5.183333333333334,498.90675241157555
2013,8,1,9E,JFK,DTW,228.0,237.0,79.0,509,9.0,1.3166666666666667,386.5822784810127
2013,7,22,AA,JFK,LAS,182.0,237.0,314.0,2248,55.0,5.233333333333333,429.5541401273885
2013,7,8,DL,JFK,BOS,271.0,236.0,33.0,187,-35.0,0.55,340.0
2013,8,1,VX,JFK,SFO,187.0,236.0,373.0,2586,49.0,6.216666666666667,415.97855227882036
2013,7,25,B6,JFK,LAX,245.0,235.0,318.0,2475,-10.0,5.3,466.9811320754717
2013,7,19,UA,JFK,SFO,217.0,235.0,339.0,2586,18.0,5.65,457.6991150442478
2013,6,10,DL,JFK,SLC,215.0,235.0,277.0,1990,20.0,4.616666666666666,431.0469314079423
2013,8,5,AA,JFK,LAX,208.0,235.0,319.0,2475,27.0,5.316666666666666,465.51724137931035
2013,6,24,AA,JFK,SFO,187.0,235.0,373.0,2586,48.0,6.216666666666667,415.97855227882036
2013,7,3,DL,JFK,SEA,253.0,234.0,309.0,2422,-19.0,5.15,470.2912621359223
2013,6,17,B6,JFK,BOS,182.0,234.0,45.0,187,52.0,0.75,249.33333333333334
2013,6,2,VX,JFK,LAX,222.0,234.0,342.0,2475,12.0,5.7,434.2105263157895
2013,7,10,B6,JFK,BOS,210.0,233.0,43.0,187,23.0,0.7166666666666667,260.93023255813955
2013,6,14,DL,JFK,MIA,244.0,232.0,139.0,1089,-12.0,2.316666666666667,470.0719424460431
2013,7,22,DL,JFK,MIA,225.0,232.0,140.0,1089,7.0,2.3333333333333335,466.71428571428567
2013,8,3,DL,JFK,SAN,248.0,231.0,305.0,2446,-17.0,5.083333333333333,481.1803278688525
2013,7,17,9E,JFK,CLE,216.0,231.0,70.0,425,15.0,1.1666666666666667,364.2857142857143
2013,6,21,9E,JFK,DTW,260.0,231.0,81.0,509,-29.0,1.35,377.037037037037
2013,6,7,B6,JFK,MCO,216.0,231.0,137.0,944,15.0,2.283333333333333,413.43065693430657
2013,6,18,9E,JFK,IND,243.0,230.0,105.0,665,-13.0,1.75,380.0
2013,7,10,B6,JFK,SFO,168.0,230.0,341.0,2586,62.0,5.683333333333334,455.0146627565982
2013,6,2,9E,JFK,ORF,213.0,229.0,69.0,290,16.0,1.15,252.17391304347828
2013,7,22,AA,JFK,SEA,190.0,229.0,350.0,2422,39.0,5.833333333333333,415.20000000000005
2013,6,13,B6,JFK,MSY,248.0,229.0,156.0,1182,-19.0,2.6,454.6153846153846
2013,7,19,EV,JFK,IAD,230.0,229.0,43.0,228,-1.0,0.7166666666666667,318.13953488372096
2013,7,29,B6,JFK,BOS,245.0,229.0,34.0,187,-16.0,0.5666666666666667,330.0
2013,6,10,US,JFK,PHX,240.0,229.0,269.0,2153,-11.0,4.483333333333333,480.2230483271375
2013,7,21,9E,JFK,ORD,251.0,228.0,118.0,740,-23.0,1.9666666666666666,376.271186440678
2013,7,22,MQ,JFK,CMH,151.0,228.0,79.0,483,77.0,1.3166666666666667,366.8354430379747
2013,7,8,DL,JFK,DTW,217.0,228.0,92.0,509,11.0,1.5333333333333334,331.95652173913044
2013,6,24,9E,JFK,DFW,247.0,228.0,171.0,1391,-19.0,2.85,488.0701754385965
2013,8,20,DL,JFK,LAS,245.0,227.0,277.0,2248,-18.0,4.616666666666666,486.9314079422383
2013,8,2,9E,JFK,CVG,255.0,227.0,91.0,589,-28.0,1.5166666666666666,388.35164835164835
2013,8,8,DL,JFK,ATL,230.0,227.0,101.0,760,-3.0,1.6833333333333333,451.48514851485146
2013,7,10,9E,JFK,RDU,159.0,227.0,65.0,427,68.0,1.0833333333333333,394.1538461538462
2013,7,22,VX,JFK,LAX,180.0,227.0,333.0,2475,47.0,5.55,445.94594594594594
2013,8,4,AA,JFK,SJU,212.0,227.0,208.0,1598,15.0,3.466666666666667,460.96153846153845
2013,8,1,DL,JFK,ATL,241.0,227.0,103.0,760,-14.0,1.7166666666666666,442.71844660194176
2013,8,28,B6,JFK,BOS,205.0,227.0,40.0,187,22.0,0.6666666666666666,280.5
2013,6,13,AA,JFK,SFO,217.0,226.0,336.0,2586,9.0,5.6,461.78571428571433
2013,7,10,B6,JFK,SJC,212.0,226.0,338.0,2569,14.0,5.633333333333334,456.03550295857985
2013,6,23,B6,JFK,FLL,175.0,226.0,149.0,1069,51.0,2.4833333333333334,430.4697986577181
2013,6,18,B6,JFK,MCO,255.0,226.0,132.0,944,-29.0,2.2,429.09090909090907
2013,7,12,9E,JFK,IAD,229.0,226.0,48.0,228,-3.0,0.8,285.0
2013,7,7,B6,JFK,BUF,240.0,226.0,57.0,301,-14.0,0.95,316.8421052631579
2013,7,10,B6,JFK,FLL,213.0,226.0,138.0,1069,13.0,2.3,464.7826086956522
2013,6,24,9E,JFK,PHL,143.0,226.0,48.0,94,83.0,0.8,117.5
2013,6,28,MQ,JFK,DCA,208.0,225.0,85.0,213,17.0,1.4166666666666667,150.35294117647058
2013,6,30,AA,JFK,ORD,245.0,225.0,115.0,740,-20.0,1.9166666666666667,386.0869565217391
2013,8,24,9E,JFK,MSP,269.0,225.0,135.0,1029,-44.0,2.25,457.3333333333333
2013,7,11,B6,JFK,CHS,219.0,225.0,97.0,636,6.0,1.6166666666666667,393.40206185567007
2013,7,10,DL,JFK,LAS,233.0,225.0,292.0,2248,-8.0,4.866666666666666,461.91780821917814
2013,6,28,AA,JFK,LAX,254.0,224.0,311.0,2475,-30.0,5.183333333333334,477.491961414791
2013,7,22,MQ,JFK,BWI,179.0,224.0,45.0,184,45.0,0.75,245.33333333333334
2013,7,23,DL,JFK,LAX,209.0,224.0,323.0,2475,15.0,5.383333333333334,459.75232198142413
2013,6,7,B6,JFK,PHX,238.0,224.0,267.0,2153,-14.0,4.45,483.8202247191011
2013,7,22,9E,JFK,ORD,172.0,223.0,112.0,740,51.0,1.8666666666666667,396.42857142857144
2013,7,23,B6,JFK,AUS,224.0,223.0,194.0,1521,-1.0,3.2333333333333334,470.4123711340206
2013,6,17,9E,JFK,MKE,184.0,223.0,126.0,745,39.0,2.1,354.76190476190476
2013,8,22,B6,JFK,BUR,236.0,222.0,312.0,2465,-14.0,5.2,474.03846153846155
2013,7,21,EV,JFK,IAD,183.0,222.0,47.0,228,39.0,0.7833333333333333,291.06382978723406
2013,7,10,9E,JFK,PIT,222.0,222.0,55.0,340,0.0,0.9166666666666666,370.90909090909093
2013,6,7,9E,JFK,CVG,226.0,222.0,87.0,589,-4.0,1.45,406.2068965517241
2013,6,2,UA,JFK,LAX,193.0,222.0,353.0,2475,29.0,5.883333333333334,420.6798866855524
2013,7,22,9E,JFK,RDU,238.0,221.0,63.0,427,-17.0,1.05,406.66666666666663
2013,8,17,B6,JFK,PDX,255.0,221.0,316.0,2454,-34.0,5.266666666666667,465.9493670886076
2013,7,10,B6,JFK,ROC,200.0,221.0,95.0,264,21.0,1.5833333333333333,166.73684210526318
2013,7,1,B6,JFK,MCO,235.0,221.0,140.0,944,-14.0,2.3333333333333335,404.57142857142856
2013,7,22,B6,JFK,SFO,169.0,221.0,345.0,2586,52.0,5.75,449.7391304347826
2013,7,23,B6,JFK,ACK,219.0,221.0,44.0,199,2.0,0.7333333333333333,271.3636363636364
2013,6,28,VX,JFK,LAX,233.0,221.0,327.0,2475,-12.0,5.45,454.1284403669725
2013,7,28,9E,JFK,MSY,160.0,220.0,162.0,1182,60.0,2.7,437.77777777777777
2013,6,27,B6,JFK,SFO,166.0,220.0,327.0,2586,54.0,5.45,474.4954128440367
2013,7,10,B6,JFK,PDX,173.0,220.0,345.0,2454,47.0,5.75,426.7826086956522
2013,6,7,9E,JFK,BNA,151.0,220.0,115.0,765,69.0,1.9166666666666667,399.1304347826087
2013,7,23,DL,JFK,SEA,207.0,220.0,337.0,2422,13.0,5.616666666666666,431.2166172106825
2013,7,1,B6,JFK,MCO,211.0,219.0,141.0,944,8.0,2.35,401.70212765957444
2013,7,2,9E,JFK,IND,214.0,219.0,101.0,665,5.0,1.6833333333333333,395.049504950495
2013,7,2,B6,JFK,FLL,222.0,219.0,159.0,1069,-3.0,2.65,403.39622641509436
2013,7,10,9E,JFK,JAX,226.0,219.0,108.0,828,-7.0,1.8,460.0
2013,7,11,DL,JFK,SEA,233.0,219.0,317.0,2422,-14.0,5.283333333333333,458.4227129337539
2013,6,30,US,JFK,PHX,242.0,219.0,273.0,2153,-23.0,4.55,473.1868131868132
2013,6,30,MQ,JFK,BNA,238.0,218.0,114.0,765,-20.0,1.9,402.63157894736844
2013,7,10,B6,JFK,DEN,249.0,218.0,217.0,1626,-31.0,3.6166666666666667,449.5852534562212
2013,7,1,B6,JFK,BUF,230.0,218.0,57.0,301,-12.0,0.95,316.8421052631579
2013,6,30,B6,JFK,BTV,191.0,218.0,46.0,266,27.0,0.7666666666666667,346.95652173913044
2013,7,10,DL,JFK,SAN,118.0,218.0,314.0,2446,100.0,5.233333333333333,467.38853503184714
2013,8,3,EV,JFK,IAD,184.0,218.0,58.0,228,34.0,0.9666666666666667,235.86206896551724
2013,6,14,DL,JFK,SFO,145.0,217.0,364.0,2586,72.0,6.066666666666666,426.2637362637363
2013,6,28,B6,JFK,MCO,233.0,217.0,128.0,944,-16.0,2.1333333333333333,442.5
2013,6,18,B6,JFK,BUF,166.0,217.0,58.0,301,51.0,0.9666666666666667,311.37931034482756
2013,8,8,AA,JFK,SAN,184.0,217.0,328.0,2446,33.0,5.466666666666667,447.4390243902439
2013,6,14,9E,JFK,ORF,229.0,216.0,47.0,290,-13.0,0.7833333333333333,370.21276595744683
2013,8,1,B6,JFK,PDX,215.0,215.0,342.0,2454,0.0,5.7,430.5263157894737
2013,8,28,9E,JFK,PHL,216.0,215.0,35.0,94,-1.0,0.5833333333333334,161.14285714285714
2013,6,7,MQ,JFK,RDU,199.0,214.0,74.0,427,15.0,1.2333333333333334,346.2162162162162
2013,7,28,MQ,JFK,IND,132.0,214.0,126.0,665,82.0,2.1,316.66666666666663
2013,6,24,B6,JFK,ORD,116.0,214.0,114.0,740,98.0,1.9,389.47368421052636
2013,6,25,B6,JFK,AUS,204.0,214.0,187.0,1521,10.0,3.1166666666666667,488.02139037433153
2013,8,28,B6,JFK,CLT,170.0,214.0,94.0,541,44.0,1.5666666666666667,345.3191489361702
2013,7,24,B6,JFK,MCO,208.0,213.0,141.0,944,5.0,2.35,401.70212765957444
2013,6,13,B6,JFK,PBI,167.0,213.0,149.0,1028,46.0,2.4833333333333334,413.9597315436242
2013,7,22,9E,JFK,DTW,165.0,213.0,81.0,509,48.0,1.35,377.037037037037
2013,7,25,VX,JFK,LAX,233.0,213.0,320.0,2475,-20.0,5.333333333333333,464.0625
2013,7,19,DL,JFK,BOS,245.0,213.0,35.0,187,-32.0,0.5833333333333334,320.57142857142856
2013,6,13,B6,JFK,MSY,137.0,213.0,176.0,1182,76.0,2.933333333333333,402.9545454545455
2013,6,7,MQ,JFK,DCA,168.0,212.0,51.0,213,44.0,0.85,250.58823529411765
2013,7,9,VX,JFK,SFO,235.0,212.0,339.0,2586,-23.0,5.65,457.6991150442478
2013,6,27,B6,JFK,ROC,146.0,212.0,56.0,264,66.0,0.9333333333333333,282.85714285714283
2013,8,8,B6,JFK,BOS,191.0,212.0,39.0,187,21.0,0.65,287.6923076923077
2013,6,28,AA,JFK,LAX,200.0,211.0,310.0,2475,11.0,5.166666666666667,479.0322580645161
2013,6,2,VX,JFK,SFO,200.0,211.0,347.0,2586,11.0,5.783333333333333,447.1469740634006
2013,8,30,AA,JFK,SJU,237.0,211.0,203.0,1598,-26.0,3.3833333333333333,472.3152709359606
2013,7,7,B6,JFK,SYR,227.0,211.0,39.0,209,-16.0,0.65,321.53846153846155
2013,7,3,9E,JFK,PIT,216.0,211.0,62.0,340,-5.0,1.0333333333333334,329.0322580645161
2013,7,12,UA,JFK,SFO,232.0,211.0,314.0,2586,-21.0,5.233333333333333,494.140127388535
2013,7,28,9E,JFK,ORD,170.0,210.0,124.0,740,40.0,2.066666666666667,358.0645161290322
2013,6,25,DL,JFK,TPA,236.0,209.0,129.0,1005,-27.0,2.15,467.4418604651163
2013,6,24,9E,JFK,CLT,150.0,209.0,79.0,541,59.0,1.3166666666666667,410.88607594936707
2013,8,8,B6,JFK,PWM,172.0,209.0,52.0,273,37.0,0.8666666666666667,315.0
2013,6,23,AA,JFK,SFO,163.0,209.0,332.0,2586,46.0,5.533333333333333,467.34939759036143
2013,7,22,B6,JFK,PWM,227.0,209.0,45.0,273,-18.0,0.75,364.0
2013,6,30,B6,JFK,BUR,207.0,209.0,309.0,2465,2.0,5.15,478.6407766990291
2013,7,5,9E,JFK,BWI,211.0,209.0,35.0,184,-2.0,0.5833333333333334,315.4285714285714
2013,7,11,B6,JFK,ORD,232.0,208.0,102.0,740,-24.0,1.7,435.29411764705884
2013,8,24,B6,JFK,MCO,244.0,208.0,123.0,944,-36.0,2.05,460.48780487804885
2013,7,8,AA,JFK,SFO,225.0,208.0,332.0,2586,-17.0,5.533333333333333,467.34939759036143
2013,6,17,DL,JFK,BOS,185.0,208.0,51.0,187,23.0,0.85,220.0
2013,8,28,B6,JFK,MCO,224.0,208.0,121.0,944,-16.0,2.0166666666666666,468.099173553719
2013,6,24,9E,JFK,IAD,168.0,208.0,70.0,228,40.0,1.1666666666666667,195.42857142857142
2013,6,17,B6,JFK,RSW,167.0,207.0,150.0,1074,40.0,2.5,429.6
2013,8,23,DL,JFK,MIA,195.0,207.0,151.0,1089,12.0,2.5166666666666666,432.7152317880795
2013,7,8,9E,JFK,CHS,229.0,207.0,93.0,636,-22.0,1.55,410.3225806451613
2013,7,25,B6,JFK,SYR,188.0,207.0,42.0,209,19.0,0.7,298.5714285714286
2013,7,22,AA,JFK,LAX,191.0,207.0,329.0,2475,16.0,5.483333333333333,451.36778115501517
2013,6,24,B6,JFK,TPA,222.0,206.0,130.0,1005,-16.0,2.1666666666666665,463.84615384615387
2013,6,25,9E,JFK,DCA,204.0,206.0,38.0,213,2.0,0.6333333333333333,336.3157894736842
2013,6,18,US,JFK,PHX,229.0,206.0,277.0,2153,-23.0,4.616666666666666,466.35379061371845
2013,7,2,B6,JFK,BUF,199.0,206.0,56.0,301,7.0,0.9333333333333333,322.5
2013,6,7,EV,JFK,IAD,199.0,206.0,50.0,228,7.0,0.8333333333333334,273.59999999999997
2013,7,12,9E,JFK,PHL,161.0,206.0,31.0,94,45.0,0.5166666666666667,181.93548387096772
2013,7,12,9E,JFK,BWI,184.0,206.0,38.0,184,22.0,0.6333333333333333,290.5263157894737
2013,7,22,B6,JFK,BTV,209.0,206.0,57.0,266,-3.0,0.95,280.0
2013,6,26,VX,JFK,SFO,196.0,205.0,357.0,2586,9.0,5.95,434.62184873949576
2013,8,8,B6,JFK,JAX,218.0,205.0,107.0,828,-13.0,1.7833333333333334,464.29906542056074
2013,7,8,9E,JFK,JAX,247.0,205.0,104.0,828,-42.0,1.7333333333333334,477.6923076923077
2013,7,1,AA,JFK,IAH,203.0,205.0,203.0,1417,2.0,3.3833333333333333,418.8177339901478
2013,6,18,B6,JFK,IAD,225.0,205.0,47.0,228,-20.0,0.7833333333333333,291.06382978723406
2013,7,14,MQ,JFK,CMH,227.0,205.0,63.0,483,-22.0,1.05,460.0
2013,6,27,VX,JFK,LAX,204.0,205.0,311.0,2475,1.0,5.183333333333334,477.491961414791
2013,7,22,B6,JFK,BOS,171.0,205.0,43.0,187,34.0,0.7166666666666667,260.93023255813955
2013,6,25,B6,JFK,BUF,213.0,204.0,55.0,301,-9.0,0.9166666666666666,328.3636363636364
2013,6,13,MQ,JFK,CMH,184.0,204.0,73.0,483,20.0,1.2166666666666666,396.98630136986304
2013,8,8,B6,JFK,SMF,184.0,204.0,339.0,2521,20.0,5.65,446.1946902654867
2013,6,10,9E,JFK,MKE,192.0,204.0,109.0,745,12.0,1.8166666666666667,410.0917431192661
2013,7,1,B6,JFK,MCO,204.0,204.0,139.0,944,0.0,2.316666666666667,407.4820143884892
2013,7,5,B6,JFK,MCO,235.0,203.0,125.0,944,-32.0,2.0833333333333335,453.11999999999995
2013,6,24,MQ,JFK,BNA,193.0,203.0,105.0,765,10.0,1.75,437.14285714285717
2013,7,22,B6,JFK,MCO,105.0,203.0,128.0,944,98.0,2.1333333333333333,442.5
2013,6,27,B6,JFK,BUF,191.0,203.0,53.0,301,12.0,0.8833333333333333,340.7547169811321
2013,7,24,9E,JFK,CVG,213.0,203.0,88.0,589,-10.0,1.4666666666666666,401.5909090909091
2013,6,30,AA,JFK,SAN,194.0,202.0,327.0,2446,8.0,5.45,448.80733944954125
2013,6,27,B6,JFK,FLL,130.0,202.0,149.0,1069,72.0,2.4833333333333334,430.4697986577181
2013,6,14,B6,JFK,OAK,218.0,202.0,334.0,2576,-16.0,5.566666666666666,462.7544910179641
2013,7,19,B6,JFK,FLL,197.0,202.0,137.0,1069,5.0,2.283333333333333,468.17518248175185
2013,6,24,B6,JFK,OAK,187.0,202.0,353.0,2576,15.0,5.883333333333334,437.8470254957507
2013,6,13,9E,JFK,BNA,174.0,201.0,111.0,765,27.0,1.85,413.5135135135135
2013,7,1,B6,JFK,BOS,207.0,201.0,40.0,187,-6.0,0.6666666666666666,280.5
2013,7,30,VX,JFK,SFO,172.0,201.0,358.0,2586,29.0,5.966666666666667,433.4078212290503
2013,7,1,B6,JFK,PBI,136.0,201.0,159.0,1028,65.0,2.65,387.9245283018868
2013,8,8,VX,JFK,LAX,175.0,200.0,330.0,2475,25.0,5.5,450.0
2013,6,7,9E,JFK,CVG,215.0,200.0,83.0,589,-15.0,1.3833333333333333,425.7831325301205
2013,6,13,9E,JFK,RDU,209.0,200.0,68.0,427,-9.0,1.1333333333333333,376.7647058823529
2013,7,7,UA,JFK,SFO,114.0,200.0,382.0,2586,86.0,6.366666666666666,406.17801047120423
2013,6,10,9E,JFK,CLT,170.0,199.0,86.0,541,29.0,1.4333333333333333,377.4418604651163
2013,6,28,VX,JFK,SFO,172.0,199.0,337.0,2586,27.0,5.616666666666666,460.41543026706233
2013,6,29,9E,JFK,DTW,204.0,199.0,78.0,509,-5.0,1.3,391.53846153846155
2013,8,8,B6,JFK,PHX,176.0,199.0,282.0,2153,23.0,4.7,458.0851063829787
2013,8,9,B6,JFK,SJU,218.0,198.0,193.0,1598,-20.0,3.216666666666667,496.78756476683935
2013,7,10,UA,JFK,LAX,129.0,198.0,346.0,2475,69.0,5.766666666666667,429.19075144508673
2013,7,23,DL,JFK,SAN,162.0,198.0,322.0,2446,36.0,5.366666666666666,455.776397515528
2013,7,9,9E,JFK,IAD,230.0,198.0,38.0,228,-32.0,0.6333333333333333,360.0
2013,8,13,B6,JFK,SJU,106.0,197.0,197.0,1598,91.0,3.283333333333333,486.7005076142132
2013,7,28,AA,JFK,LAX,169.0,197.0,315.0,2475,28.0,5.25,471.42857142857144
2013,6,24,DL,JFK,SFO,205.0,197.0,357.0,2586,-8.0,5.95,434.62184873949576
2013,6,12,9E,JFK,ORD,168.0,197.0,176.0,740,29.0,2.933333333333333,252.27272727272728
2013,8,8,B6,JFK,ROC,213.0,197.0,47.0,264,-16.0,0.7833333333333333,337.02127659574467
2013,6,30,DL,JFK,ATL,194.0,197.0,108.0,760,3.0,1.8,422.22222222222223
2013,6,24,UA,JFK,SFO,163.0,197.0,367.0,2586,34.0,6.116666666666666,422.77929155313353
2013,6,23,9E,JFK,IND,209.0,196.0,91.0,665,-13.0,1.5166666666666666,438.46153846153845
2013,7,8,9E,JFK,DTW,218.0,196.0,80.0,509,-22.0,1.3333333333333333,381.75
2013,7,7,DL,JFK,SFO,108.0,196.0,378.0,2586,88.0,6.3,410.4761904761905
2013,7,28,UA,JFK,LAX,140.0,196.0,350.0,2475,56.0,5.833333333333333,424.28571428571433
2013,7,25,B6,JFK,SYR,212.0,195.0,40.0,209,-17.0,0.6666666666666666,313.5
2013,6,25,B6,JFK,SFO,207.0,195.0,339.0,2586,-12.0,5.65,457.6991150442478
2013,7,7,B6,JFK,BOS,206.0,195.0,39.0,187,-11.0,0.65,287.6923076923077
2013,6,10,9E,JFK,ORD,183.0,195.0,112.0,740,12.0,1.8666666666666667,396.42857142857144
2013,6,10,9E,JFK,PHL,153.0,195.0,38.0,94,42.0,0.6333333333333333,148.42105263157896
2013,6,24,B6,JFK,MCO,209.0,195.0,134.0,944,-14.0,2.2333333333333334,422.6865671641791
2013,7,7,EV,JFK,IAD,200.0,195.0,46.0,228,-5.0,0.7666666666666667,297.39130434782606
2013,6,27,AA,JFK,IAH,184.0,195.0,191.0,1417,11.0,3.183333333333333,445.13089005235605
2013,6,28,VX,JFK,SFO,142.0,194.0,358.0,2586,52.0,5.966666666666667,433.4078212290503
2013,7,22,AA,JFK,IAH,163.0,194.0,196.0,1417,31.0,3.2666666666666666,433.7755102040816
2013,6,27,B6,JFK,SJU,175.0,194.0,204.0,1598,19.0,3.4,470.0
2013,8,28,B6,JFK,RSW,194.0,194.0,147.0,1074,0.0,2.45,438.3673469387755
2013,8,9,B6,JFK,RSW,215.0,194.0,139.0,1074,-21.0,2.316666666666667,463.59712230215825
2013,7,10,AA,JFK,LAS,125.0,194.0,300.0,2248,69.0,5.0,449.6
2013,6,24,DL,JFK,SAT,226.0,194.0,203.0,1587,-32.0,3.3833333333333333,469.064039408867
2013,7,10,MQ,JFK,ORF,187.0,193.0,52.0,290,6.0,0.8666666666666667,334.6153846153846
2013,7,1,B6,JFK,LGB,123.0,193.0,304.0,2465,70.0,5.066666666666666,486.5131578947369
2013,8,4,9E,JFK,DTW,211.0,193.0,87.0,509,-18.0,1.45,351.0344827586207
2013,6,13,9E,JFK,BWI,191.0,193.0,36.0,184,2.0,0.6,306.6666666666667
2013,7,28,UA,JFK,SFO,127.0,193.0,362.0,2586,66.0,6.033333333333333,428.61878453038673
2013,7,7,VX,JFK,LAX,150.0,193.0,326.0,2475,43.0,5.433333333333334,455.52147239263803
2013,6,13,AA,JFK,LAX,157.0,193.0,332.0,2475,36.0,5.533333333333333,447.28915662650604
2013,6,28,B6,JFK,FLL,190.0,193.0,152.0,1069,3.0,2.533333333333333,421.97368421052636
2013,7,28,B6,JFK,LGB,120.0,193.0,351.0,2465,73.0,5.85,421.3675213675214
2013,6,13,9E,JFK,ORF,101.0,193.0,63.0,290,92.0,1.05,276.1904761904762
2013,8,28,B6,JFK,BUF,196.0,193.0,57.0,301,-3.0,0.95,316.8421052631579
2013,6,7,B6,JFK,PWM,100.0,193.0,48.0,273,93.0,0.8,341.25
2013,7,27,B6,JFK,CLT,202.0,192.0,82.0,541,-10.0,1.3666666666666667,395.8536585365854
2013,7,10,B6,JFK,JAX,197.0,192.0,110.0,828,-5.0,1.8333333333333333,451.6363636363637
2013,6,29,9E,JFK,MKE,185.0,192.0,107.0,745,7.0,1.7833333333333334,417.75700934579436
2013,7,21,UA,JFK,LAX,172.0,192.0,326.0,2475,20.0,5.433333333333334,455.52147239263803
2013,7,4,B6,JFK,AUS,185.0,192.0,208.0,1521,7.0,3.466666666666667,438.75
2013,7,16,B6,JFK,BOS,207.0,192.0,39.0,187,-15.0,0.65,287.6923076923077
2013,8,28,B6,JFK,HOU,187.0,191.0,171.0,1428,4.0,2.85,501.05263157894734
2013,6,8,9E,JFK,BOS,208.0,191.0,38.0,187,-17.0,0.6333333333333333,295.2631578947369
2013,8,8,VX,JFK,LAX,204.0,191.0,325.0,2475,-13.0,5.416666666666667,456.9230769230769
2013,8,2,AA,JFK,LAS,201.0,191.0,310.0,2248,-10.0,5.166666666666667,435.09677419354836
2013,7,22,MQ,JFK,CMH,41.0,191.0,96.0,483,150.0,1.6,301.875
2013,8,22,9E,JFK,IND,207.0,191.0,97.0,665,-16.0,1.6166666666666667,411.340206185567
2013,7,8,9E,JFK,DCA,198.0,191.0,44.0,213,-7.0,0.7333333333333333,290.4545454545455
2013,7,9,9E,JFK,DFW,155.0,191.0,181.0,1391,36.0,3.0166666666666666,461.10497237569064
2013,6,28,9E,JFK,ORD,239.0,191.0,104.0,740,-48.0,1.7333333333333334,426.9230769230769
2013,6,26,B6,JFK,SFO,203.0,191.0,334.0,2586,-12.0,5.566666666666666,464.55089820359285
2013,6,13,B6,JFK,SYR,202.0,191.0,38.0,209,-11.0,0.6333333333333333,330.0
2013,7,9,9E,JFK,DTW,204.0,191.0,76.0,509,-13.0,1.2666666666666666,401.8421052631579
2013,7,28,DL,JFK,AUS,100.0,191.0,204.0,1521,91.0,3.4,447.3529411764706
2013,8,2,B6,JFK,LAS,187.0,191.0,299.0,2248,4.0,4.983333333333333,451.10367892976586
2013,7,1,9E,JFK,DFW,194.0,190.0,194.0,1391,-4.0,3.2333333333333334,430.2061855670103
2013,6,18,B6,JFK,BUF,221.0,190.0,52.0,301,-31.0,0.8666666666666667,347.3076923076923
2013,8,28,AA,JFK,LAX,180.0,190.0,310.0,2475,10.0,5.166666666666667,479.0322580645161
2013,7,28,EV,JFK,IAD,94.0,190.0,67.0,228,96.0,1.1166666666666667,204.17910447761193
2013,6,18,AA,JFK,TPA,185.0,190.0,144.0,1005,5.0,2.4,418.75
2013,7,29,DL,JFK,PDX,190.0,190.0,338.0,2454,0.0,5.633333333333334,435.6213017751479
2013,8,16,DL,JFK,FLL,223.0,189.0,139.0,1069,-34.0,2.316666666666667,461.4388489208633
2013,6,13,DL,JFK,TPA,151.0,189.0,140.0,1005,38.0,2.3333333333333335,430.71428571428567
2013,8,28,B6,JFK,PWM,164.0,189.0,49.0,273,25.0,0.8166666666666667,334.2857142857143
2013,6,25,VX,JFK,SFO,187.0,189.0,351.0,2586,2.0,5.85,442.0512820512821
2013,7,10,MQ,JFK,DCA,176.0,189.0,49.0,213,13.0,0.8166666666666667,260.81632653061223
2013,6,27,B6,JFK,BUF,199.0,189.0,48.0,301,-10.0,0.8,376.25
2013,6,25,9E,JFK,PHL,199.0,189.0,26.0,94,-10.0,0.43333333333333335,216.9230769230769
2013,7,11,B6,JFK,FLL,159.0,189.0,149.0,1069,30.0,2.4833333333333334,430.4697986577181
2013,7,10,B6,JFK,LAS,106.0,188.0,296.0,2248,82.0,4.933333333333334,455.6756756756757
2013,8,22,B6,JFK,SJU,203.0,188.0,199.0,1598,-15.0,3.316666666666667,481.80904522613065
2013,6,26,9E,JFK,JAX,171.0,188.0,113.0,828,17.0,1.8833333333333333,439.6460176991151
2013,6,25,VX,JFK,LAX,182.0,188.0,335.0,2475,6.0,5.583333333333333,443.2835820895523
2013,7,7,DL,JFK,BOS,192.0,188.0,37.0,187,-4.0,0.6166666666666667,303.2432432432432
2013,7,1,DL,JFK,SFO,245.0,188.0,315.0,2586,-57.0,5.25,492.57142857142856
2013,6,4,B6,JFK,FLL,175.0,188.0,150.0,1069,13.0,2.5,427.6
2013,6,24,B6,JFK,LAS,204.0,188.0,296.0,2248,-16.0,4.933333333333334,455.6756756756757
2013,6,15,MQ,JFK,DCA,174.0,187.0,48.0,213,13.0,0.8,266.25
2013,6,23,DL,JFK,ATL,126.0,187.0,111.0,760,61.0,1.85,410.8108108108108
2013,6,28,AA,JFK,SFO,145.0,187.0,358.0,2586,42.0,5.966666666666667,433.4078212290503
2013,6,24,B6,JFK,DEN,222.0,187.0,211.0,1626,-35.0,3.5166666666666666,462.3696682464455
2013,7,22,AA,JFK,SFO,192.0,187.0,336.0,2586,-5.0,5.6,461.78571428571433
2013,7,9,9E,JFK,ORD,85.0,187.0,133.0,740,102.0,2.216666666666667,333.8345864661654
2013,8,28,B6,JFK,MCO,200.0,187.0,120.0,944,-13.0,2.0,472.0
2013,6,2,MQ,JFK,DCA,122.0,187.0,56.0,213,65.0,0.9333333333333333,228.21428571428572
2013,7,1,B6,JFK,PDX,235.0,186.0,304.0,2454,-49.0,5.066666666666666,484.3421052631579
2013,8,28,9E,JFK,BWI,157.0,186.0,35.0,184,29.0,0.5833333333333334,315.4285714285714
2013,8,8,B6,JFK,BUR,127.0,186.0,329.0,2465,59.0,5.483333333333333,449.5440729483283
2013,7,28,MQ,JFK,CMH,148.0,186.0,79.0,483,38.0,1.3166666666666667,366.8354430379747
2013,7,10,B6,JFK,PWM,201.0,186.0,47.0,273,-15.0,0.7833333333333333,348.51063829787233
2013,7,7,DL,JFK,SFO,141.0,185.0,354.0,2586,44.0,5.9,438.3050847457627
2013,7,22,MQ,JFK,DCA,171.0,185.0,56.0,213,14.0,0.9333333333333333,228.21428571428572
2013,7,23,9E,JFK,BUF,163.0,185.0,51.0,301,22.0,0.85,354.11764705882354
2013,8,1,VX,JFK,LAX,193.0,185.0,319.0,2475,-8.0,5.316666666666666,465.51724137931035
2013,6,25,AA,JFK,SFO,158.0,185.0,347.0,2586,27.0,5.783333333333333,447.1469740634006
2013,6,28,B6,JFK,LAS,195.0,185.0,297.0,2248,-10.0,4.95,454.14141414141415
2013,7,8,VX,JFK,SFO,218.0,185.0,335.0,2586,-33.0,5.583333333333333,463.1641791044776
2013,7,29,B6,JFK,SFO,187.0,185.0,363.0,2586,-2.0,6.05,427.43801652892563
2013,7,29,B6,JFK,BUF,206.0,185.0,54.0,301,-21.0,0.9,334.44444444444446
2013,6,18,9E,JFK,MCI,190.0,185.0,168.0,1113,-5.0,2.8,397.5
2013,7,9,AA,JFK,SFO,156.0,185.0,356.0,2586,29.0,5.933333333333334,435.8426966292135
2013,7,2,AA,JFK,IAH,146.0,185.0,205.0,1417,39.0,3.4166666666666665,414.7317073170732
2013,6,24,B6,JFK,FLL,186.0,185.0,150.0,1069,-1.0,2.5,427.6
2013,8,28,DL,JFK,DTW,187.0,185.0,88.0,509,-2.0,1.4666666666666666,347.04545454545456
2013,6,28,MQ,JFK,ORF,126.0,185.0,67.0,290,59.0,1.1166666666666667,259.7014925373134
2013,7,23,B6,JFK,LAX,201.0,185.0,316.0,2475,-16.0,5.266666666666667,469.9367088607595
2013,6,7,MQ,JFK,BNA,151.0,185.0,119.0,765,34.0,1.9833333333333334,385.7142857142857
2013,6,7,AA,JFK,TPA,189.0,185.0,149.0,1005,-4.0,2.4833333333333334,404.6979865771812
2013,7,22,DL,JFK,SAT,114.0,185.0,212.0,1587,71.0,3.533333333333333,449.1509433962264
2013,8,5,B6,JFK,BUR,195.0,184.0,332.0,2465,-11.0,5.533333333333333,445.48192771084337
2013,7,18,B6,JFK,AUS,204.0,184.0,181.0,1521,-20.0,3.0166666666666666,504.1988950276243
2013,6,26,B6,JFK,MCO,168.0,184.0,138.0,944,16.0,2.3,410.4347826086957
2013,6,27,AA,JFK,BOS,85.0,184.0,41.0,187,99.0,0.6833333333333333,273.6585365853658
2013,7,28,B6,JFK,ROC,197.0,184.0,48.0,264,-13.0,0.8,330.0
2013,7,28,UA,JFK,SFO,87.0,183.0,356.0,2586,96.0,5.933333333333334,435.8426966292135
2013,6,23,B6,JFK,RSW,182.0,183.0,151.0,1074,1.0,2.5166666666666666,426.75496688741725
2013,6,24,US,JFK,CLT,169.0,183.0,74.0,541,14.0,1.2333333333333334,438.64864864864865
2013,7,11,VX,JFK,SFO,187.0,183.0,339.0,2586,-4.0,5.65,457.6991150442478
2013,7,23,9E,JFK,CVG,161.0,183.0,98.0,589,22.0,1.6333333333333333,360.6122448979592
2013,6,24,B6,JFK,PDX,211.0,183.0,315.0,2454,-28.0,5.25,467.42857142857144
2013,7,9,VX,JFK,SFO,196.0,183.0,338.0,2586,-13.0,5.633333333333334,459.0532544378698
2013,7,18,B6,JFK,SJU,191.0,183.0,195.0,1598,-8.0,3.25,491.6923076923077
2013,6,7,9E,JFK,MCI,118.0,182.0,145.0,1113,64.0,2.4166666666666665,460.55172413793105
2013,6,27,B6,JFK,SFO,167.0,182.0,330.0,2586,15.0,5.5,470.1818181818182
2013,7,8,B6,JFK,CHS,177.0,182.0,95.0,636,5.0,1.5833333333333333,401.6842105263158
2013,7,23,VX,JFK,LAX,186.0,182.0,330.0,2475,-4.0,5.5,450.0
2013,7,23,DL,JFK,AUS,194.0,182.0,197.0,1521,-12.0,3.283333333333333,463.24873096446703
2013,6,28,B6,JFK,PSE,198.0,182.0,199.0,1617,-16.0,3.316666666666667,487.53768844221105
2013,6,17,MQ,JFK,CVG,145.0,182.0,92.0,589,37.0,1.5333333333333334,384.1304347826087
2013,7,7,AA,JFK,SFO,122.0,182.0,362.0,2586,60.0,6.033333333333333,428.61878453038673
2013,7,1,B6,JFK,LAS,219.0,182.0,276.0,2248,-37.0,4.6,488.69565217391306
2013,7,23,9E,JFK,PHL,186.0,182.0,24.0,94,-4.0,0.4,235.0
2013,7,16,VX,JFK,SFO,214.0,182.0,304.0,2586,-32.0,5.066666666666666,510.39473684210526
2013,7,22,B6,JFK,LAS,132.0,181.0,304.0,2248,49.0,5.066666666666666,443.68421052631584
2013,7,9,B6,JFK,ORD,100.0,181.0,139.0,740,81.0,2.316666666666667,319.42446043165467
2013,6,30,B6,JFK,PBI,127.0,181.0,144.0,1028,54.0,2.4,428.33333333333337
2013,7,2,DL,JFK,SJU,182.0,181.0,202.0,1598,-1.0,3.3666666666666667,474.65346534653463
2013,7,21,MQ,JFK,ORF,185.0,181.0,57.0,290,-4.0,0.95,305.2631578947369
2013,6,17,MQ,JFK,BNA,130.0,181.0,116.0,765,51.0,1.9333333333333333,395.6896551724138
2013,8,8,DL,JFK,PHX,120.0,180.0,329.0,2153,60.0,5.483333333333333,392.64437689969606
2013,7,19,AA,JFK,MIA,204.0,180.0,141.0,1089,-24.0,2.35,463.40425531914894
2013,8,22,AA,JFK,LAX,212.0,180.0,298.0,2475,-32.0,4.966666666666667,498.3221476510067
2013,6,25,B6,JFK,PBI,205.0,180.0,128.0,1028,-25.0,2.1333333333333333,481.875
2013,7,10,MQ,JFK,BNA,112.0,180.0,112.0,765,68.0,1.8666666666666667,409.82142857142856
2013,6,25,9E,JFK,IND,162.0,180.0,115.0,665,18.0,1.9166666666666667,346.95652173913044
2013,6,24,B6,JFK,JAX,198.0,180.0,110.0,828,-18.0,1.8333333333333333,451.6363636363637
2013,6,28,DL,JFK,DEN,228.0,180.0,216.0,1626,-48.0,3.6,451.66666666666663
2013,7,23,B6,JFK,SJU,184.0,180.0,196.0,1598,-4.0,3.2666666666666666,489.18367346938777
2013,7,1,B6,JFK,SJC,229.0,180.0,316.0,2569,-49.0,5.266666666666667,487.7848101265823
2013,7,7,DL,JFK,SFO,60.0,179.0,371.0,2586,119.0,6.183333333333334,418.2210242587601
2013,8,1,9E,JFK,CVG,160.0,179.0,91.0,589,19.0,1.5166666666666666,388.35164835164835
2013,7,1,DL,JFK,BOS,196.0,178.0,36.0,187,-18.0,0.6,311.6666666666667
2013,8,1,B6,JFK,IAD,179.0,178.0,45.0,228,-1.0,0.75,304.0
2013,7,1,9E,JFK,PHL,182.0,178.0,32.0,94,-4.0,0.5333333333333333,176.25
2013,7,22,B6,JFK,BUF,136.0,178.0,53.0,301,42.0,0.8833333333333333,340.7547169811321
2013,7,23,B6,JFK,BOS,183.0,178.0,44.0,187,-5.0,0.7333333333333333,255.00000000000003
2013,7,22,UA,JFK,LAX,119.0,178.0,324.0,2475,59.0,5.4,458.3333333333333
2013,7,23,MQ,JFK,IND,113.0,178.0,116.0,665,65.0,1.9333333333333333,343.9655172413793
2013,7,23,MQ,JFK,DCA,189.0,178.0,40.0,213,-11.0,0.6666666666666666,319.5
2013,6,30,DL,JFK,SFO,150.0,178.0,317.0,2586,28.0,5.283333333333333,489.4637223974764
2013,7,22,B6,JFK,DEN,154.0,178.0,222.0,1626,24.0,3.7,439.4594594594594
2013,6,29,B6,JFK,LAS,223.0,178.0,275.0,2248,-45.0,4.583333333333333,490.4727272727273
2013,6,28,9E,JFK,MSP,193.0,178.0,142.0,1029,-15.0,2.3666666666666667,434.7887323943662
2013,8,8,B6,JFK,SYR,164.0,178.0,47.0,209,14.0,0.7833333333333333,266.8085106382979
2013,7,10,DL,JFK,SFO,16.0,177.0,387.0,2586,161.0,6.45,400.93023255813955
2013,7,29,VX,JFK,SFO,118.0,177.0,366.0,2586,59.0,6.1,423.93442622950823
2013,7,8,9E,JFK,DCA,194.0,177.0,38.0,213,-17.0,0.6333333333333333,336.3157894736842
2013,7,22,MQ,JFK,ORF,88.0,177.0,54.0,290,89.0,0.9,322.22222222222223
2013,7,22,9E,JFK,MKE,119.0,177.0,123.0,745,58.0,2.05,363.4146341463415
2013,8,8,DL,JFK,LAX,148.0,177.0,314.0,2475,29.0,5.233333333333333,472.9299363057325
2013,7,16,AA,JFK,LAX,186.0,177.0,308.0,2475,-9.0,5.133333333333334,482.1428571428571
2013,7,16,AA,JFK,SFO,175.0,177.0,337.0,2586,2.0,5.616666666666666,460.41543026706233
2013,6,13,VX,JFK,SFO,102.0,177.0,350.0,2586,75.0,5.833333333333333,443.31428571428575
2013,8,8,MQ,JFK,CMH,162.0,177.0,69.0,483,15.0,1.15,420.00000000000006
2013,7,23,9E,JFK,RDU,193.0,177.0,61.0,427,-16.0,1.0166666666666666,420.0
2013,7,1,B6,JFK,MCO,194.0,177.0,126.0,944,-17.0,2.1,449.5238095238095
2013,7,22,B6,JFK,SJC,125.0,177.0,358.0,2569,52.0,5.966666666666667,430.5586592178771
2013,7,28,B6,JFK,FLL,151.0,176.0,145.0,1069,25.0,2.4166666666666665,442.3448275862069
2013,6,7,DL,JFK,MSY,154.0,176.0,159.0,1182,22.0,2.65,446.0377358490566
2013,7,8,UA,JFK,SFO,135.0,176.0,366.0,2586,41.0,6.1,423.93442622950823
2013,7,22,AA,JFK,BOS,170.0,176.0,33.0,187,6.0,0.55,340.0
2013,6,18,B6,JFK,MCO,180.0,176.0,137.0,944,-4.0,2.283333333333333,413.43065693430657
2013,7,31,MQ,JFK,RDU,186.0,176.0,65.0,427,-10.0,1.0833333333333333,394.1538461538462
2013,7,20,DL,JFK,ATL,128.0,176.0,104.0,760,48.0,1.7333333333333334,438.46153846153845
2013,7,8,US,JFK,PHX,203.0,176.0,266.0,2153,-27.0,4.433333333333334,485.63909774436087
2013,7,28,DL,JFK,SEA,136.0,176.0,325.0,2422,40.0,5.416666666666667,447.1384615384615
2013,7,8,9E,JFK,MSP,200.0,175.0,147.0,1029,-25.0,2.45,419.99999999999994
2013,7,9,UA,JFK,SFO,139.0,175.0,359.0,2586,36.0,5.983333333333333,432.20055710306406
2013,7,19,B6,JFK,SEA,148.0,175.0,342.0,2422,27.0,5.7,424.91228070175436
2013,6,2,US,JFK,CLT,144.0,175.0,89.0,541,31.0,1.4833333333333334,364.71910112359546
2013,6,12,9E,JFK,MSP,203.0,175.0,153.0,1029,-28.0,2.55,403.5294117647059
2013,7,9,DL,JFK,PDX,106.0,175.0,336.0,2454,69.0,5.6,438.2142857142857
2013,7,2,B6,JFK,BTV,182.0,175.0,49.0,266,-7.0,0.8166666666666667,325.7142857142857
2013,8,3,MQ,JFK,CLE,135.0,175.0,76.0,425,40.0,1.2666666666666666,335.5263157894737
2013,7,10,B6,JFK,BUF,192.0,175.0,53.0,301,-17.0,0.8833333333333333,340.7547169811321
2013,6,25,9E,JFK,CLT,166.0,175.0,77.0,541,9.0,1.2833333333333334,421.55844155844153
2013,7,23,AA,JFK,ORD,139.0,174.0,119.0,740,35.0,1.9833333333333334,373.109243697479
2013,7,23,9E,JFK,DCA,133.0,174.0,50.0,213,41.0,0.8333333333333334,255.6
2013,6,28,B6,JFK,LGB,123.0,174.0,325.0,2465,51.0,5.416666666666667,455.07692307692304
2013,6,25,VX,JFK,SFO,172.0,174.0,346.0,2586,2.0,5.766666666666667,448.4393063583815
2013,7,22,AA,JFK,LAX,119.0,174.0,327.0,2475,55.0,5.45,454.1284403669725
2013,6,30,B6,JFK,MCO,125.0,173.0,138.0,944,48.0,2.3,410.4347826086957
2013,7,13,MQ,JFK,RDU,184.0,173.0,67.0,427,-11.0,1.1166666666666667,382.3880597014925
2013,8,9,B6,JFK,BOS,185.0,173.0,42.0,187,-12.0,0.7,267.14285714285717
2013,8,9,DL,JFK,SJU,189.0,173.0,197.0,1598,-16.0,3.283333333333333,486.7005076142132
2013,8,8,AA,JFK,ORD,171.0,173.0,123.0,740,2.0,2.05,360.9756097560976
2013,6,7,MQ,JFK,DCA,154.0,173.0,51.0,213,19.0,0.85,250.58823529411765
2013,7,1,B6,JFK,SLC,210.0,173.0,255.0,1990,-37.0,4.25,468.2352941176471
2013,7,22,B6,JFK,BUF,132.0,173.0,60.0,301,41.0,1.0,301.0
2013,7,8,9E,JFK,BUF,131.0,173.0,51.0,301,42.0,0.85,354.11764705882354
2013,8,8,9E,JFK,CVG,181.0,172.0,85.0,589,-9.0,1.4166666666666667,415.7647058823529
2013,6,10,9E,JFK,CVG,141.0,172.0,88.0,589,31.0,1.4666666666666666,401.5909090909091
2013,8,8,B6,JFK,SJU,176.0,172.0,194.0,1598,-4.0,3.2333333333333334,494.2268041237113
2013,7,10,B6,JFK,LAS,188.0,172.0,294.0,2248,-16.0,4.9,458.7755102040816
2013,7,25,9E,JFK,JAX,176.0,172.0,115.0,828,-4.0,1.9166666666666667,432.0
2013,8,9,B6,JFK,FLL,190.0,172.0,140.0,1069,-18.0,2.3333333333333335,458.1428571428571
2013,8,3,DL,JFK,SEA,178.0,172.0,329.0,2422,-6.0,5.483333333333333,441.70212765957444
2013,7,1,B6,JFK,TPA,183.0,172.0,140.0,1005,-11.0,2.3333333333333335,430.71428571428567
2013,6,17,AA,JFK,MIA,116.0,172.0,168.0,1089,56.0,2.8,388.92857142857144
2013,8,11,AA,JFK,SFO,140.0,172.0,356.0,2586,32.0,5.933333333333334,435.8426966292135
2013,6,13,B6,JFK,BTV,186.0,172.0,47.0,266,-14.0,0.7833333333333333,339.5744680851064
2013,7,3,B6,JFK,IAD,157.0,172.0,46.0,228,15.0,0.7666666666666667,297.39130434782606
2013,8,16,B6,JFK,MCO,161.0,172.0,152.0,944,11.0,2.533333333333333,372.63157894736844
2013,7,27,B6,JFK,SYR,185.0,172.0,40.0,209,-13.0,0.6666666666666666,313.5
2013,7,23,B6,JFK,BUR,117.0,172.0,335.0,2465,55.0,5.583333333333333,441.4925373134329
2013,6,28,B6,JFK,BUF,189.0,172.0,59.0,301,-17.0,0.9833333333333333,306.10169491525426
2013,6,24,B6,JFK,MSY,200.0,171.0,150.0,1182,-29.0,2.5,472.8
2013,7,22,UA,JFK,SFO,159.0,171.0,341.0,2586,12.0,5.683333333333334,455.0146627565982
2013,6,13,DL,JFK,FLL,168.0,171.0,156.0,1069,3.0,2.6,411.15384615384613
2013,7,1,B6,JFK,SEA,208.0,171.0,305.0,2422,-37.0,5.083333333333333,476.45901639344265
2013,7,1,B6,JFK,LAX,190.0,171.0,314.0,2475,-19.0,5.233333333333333,472.9299363057325
2013,6,28,9E,JFK,PHL,197.0,171.0,27.0,94,-26.0,0.45,208.88888888888889
2013,6,10,9E,JFK,IND,149.0,171.0,100.0,665,22.0,1.6666666666666667,399.0
2013,8,2,MQ,JFK,BWI,175.0,171.0,37.0,184,-4.0,0.6166666666666667,298.3783783783784
2013,8,8,B6,JFK,SJC,95.0,171.0,372.0,2569,76.0,6.2,414.3548387096774
2013,6,23,UA,JFK,SFO,105.0,171.0,358.0,2586,66.0,5.966666666666667,433.4078212290503
2013,7,17,AA,JFK,SFO,210.0,171.0,315.0,2586,-39.0,5.25,492.57142857142856
2013,7,12,VX,JFK,SFO,150.0,171.0,326.0,2586,21.0,5.433333333333334,475.9509202453988
2013,6,10,MQ,JFK,IND,169.0,171.0,99.0,665,2.0,1.65,403.03030303030306
2013,8,23,B6,JFK,BUF,164.0,171.0,54.0,301,7.0,0.9,334.44444444444446
2013,7,10,DL,JFK,PDX,51.0,171.0,342.0,2454,120.0,5.7,430.5263157894737
2013,8,27,DL,JFK,TPA,215.0,171.0,119.0,1005,-44.0,1.9833333333333334,506.7226890756302
2013,7,7,B6,JFK,BOS,181.0,170.0,41.0,187,-11.0,0.6833333333333333,273.6585365853658
2013,7,2,B6,JFK,SJU,168.0,170.0,206.0,1598,2.0,3.433333333333333,465.4368932038835
2013,6,24,B6,JFK,SJC,133.0,170.0,347.0,2569,37.0,5.783333333333333,444.20749279538904
2013,6,24,B6,JFK,JAX,73.0,170.0,114.0,828,97.0,1.9,435.7894736842105
2013,7,16,VX,JFK,SFO,189.0,170.0,339.0,2586,-19.0,5.65,457.6991150442478
2013,6,2,B6,JFK,MCO,197.0,170.0,127.0,944,-27.0,2.1166666666666667,445.98425196850394
2013,6,30,B6,JFK,RDU,183.0,170.0,68.0,427,-13.0,1.1333333333333333,376.7647058823529
2013,6,10,DL,JFK,FLL,154.0,169.0,145.0,1069,15.0,2.4166666666666665,442.3448275862069
2013,8,8,VX,JFK,SFO,154.0,169.0,353.0,2586,15.0,5.883333333333334,439.5467422096317
2013,7,28,VX,JFK,LAX,92.0,169.0,347.0,2475,77.0,5.783333333333333,427.95389048991353
2013,7,22,B6,JFK,TPA,122.0,169.0,130.0,1005,47.0,2.1666666666666665,463.84615384615387
2013,7,10,DL,JFK,SFO,23.0,169.0,383.0,2586,146.0,6.383333333333334,405.11749347258484
2013,7,2,B6,JFK,MCO,93.0,169.0,151.0,944,76.0,2.5166666666666666,375.0993377483444
2013,6,29,B6,JFK,SJU,194.0,169.0,194.0,1598,-25.0,3.2333333333333334,494.2268041237113
2013,7,8,AA,JFK,SFO,141.0,169.0,339.0,2586,28.0,5.65,457.6991150442478
2013,7,11,VX,JFK,SFO,209.0,169.0,330.0,2586,-40.0,5.5,470.1818181818182
2013,6,27,B6,JFK,MCO,147.0,169.0,130.0,944,22.0,2.1666666666666665,435.69230769230774
2013,6,25,B6,JFK,PBI,155.0,169.0,134.0,1028,14.0,2.2333333333333334,460.29850746268653
2013,7,21,B6,JFK,MCO,192.0,169.0,120.0,944,-23.0,2.0,472.0
2013,8,10,9E,JFK,CLT,178.0,168.0,103.0,541,-10.0,1.7166666666666666,315.1456310679612
2013,7,12,9E,JFK,MVY,183.0,168.0,37.0,173,-15.0,0.6166666666666667,280.5405405405405
2013,7,10,DL,JFK,SLC,54.0,168.0,298.0,1990,114.0,4.966666666666667,400.6711409395973
2013,7,11,B6,JFK,BOS,165.0,168.0,43.0,187,3.0,0.7166666666666667,260.93023255813955
2013,7,21,EV,JFK,IAD,164.0,168.0,47.0,228,4.0,0.7833333333333333,291.06382978723406
2013,7,7,B6,JFK,JAX,163.0,168.0,119.0,828,5.0,1.9833333333333334,417.47899159663865
2013,6,7,B6,JFK,BUF,147.0,168.0,55.0,301,21.0,0.9166666666666666,328.3636363636364
2013,6,24,VX,JFK,LAX,189.0,168.0,313.0,2475,-21.0,5.216666666666667,474.4408945686901
2013,7,9,UA,JFK,SFO,156.0,168.0,326.0,2586,12.0,5.433333333333334,475.9509202453988
2013,7,23,AA,JFK,LAX,189.0,168.0,327.0,2475,-21.0,5.45,454.1284403669725
2013,7,28,AA,JFK,SFO,122.0,168.0,372.0,2586,46.0,6.2,417.09677419354836
2013,7,23,B6,JFK,BOS,171.0,168.0,44.0,187,-3.0,0.7333333333333333,255.00000000000003
2013,7,28,DL,JFK,LAX,160.0,167.0,327.0,2475,7.0,5.45,454.1284403669725
2013,8,28,9E,JFK,CLE,153.0,167.0,74.0,425,14.0,1.2333333333333334,344.5945945945946
2013,6,30,B6,JFK,LAX,188.0,167.0,310.0,2475,-21.0,5.166666666666667,479.0322580645161
2013,6,18,B6,JFK,BUF,175.0,167.0,52.0,301,-8.0,0.8666666666666667,347.3076923076923
2013,8,8,B6,JFK,LAS,182.0,167.0,296.0,2248,-15.0,4.933333333333334,455.6756756756757
2013,6,24,UA,JFK,SFO,128.0,167.0,350.0,2586,39.0,5.833333333333333,443.31428571428575
2013,8,9,UA,JFK,SFO,122.0,167.0,358.0,2586,45.0,5.966666666666667,433.4078212290503
2013,6,24,MQ,JFK,DCA,53.0,167.0,55.0,213,114.0,0.9166666666666666,232.36363636363637
2013,6,23,EV,JFK,IAD,166.0,167.0,44.0,228,1.0,0.7333333333333333,310.90909090909093
2013,6,7,9E,JFK,CLT,120.0,167.0,82.0,541,47.0,1.3666666666666667,395.8536585365854
2013,6,16,B6,JFK,LAX,177.0,166.0,336.0,2475,-11.0,5.6,441.9642857142857
2013,6,25,B6,JFK,TPA,109.0,166.0,147.0,1005,57.0,2.45,410.204081632653
2013,6,13,B6,JFK,BUR,46.0,166.0,336.0,2465,120.0,5.6,440.17857142857144
2013,7,22,B6,JFK,MCO,159.0,166.0,127.0,944,7.0,2.1166666666666667,445.98425196850394
2013,7,9,VX,JFK,LAX,183.0,166.0,303.0,2475,-17.0,5.05,490.0990099009901
2013,7,26,9E,JFK,CLE,186.0,166.0,71.0,425,-20.0,1.1833333333333333,359.15492957746477
2013,7,12,B6,JFK,SJU,168.0,166.0,193.0,1598,-2.0,3.216666666666667,496.78756476683935
2013,7,6,B6,JFK,PBI,172.0,166.0,132.0,1028,-6.0,2.2,467.27272727272725
2013,6,27,AA,JFK,SFO,81.0,166.0,343.0,2586,85.0,5.716666666666667,452.3615160349854
2013,7,12,VX,JFK,SFO,211.0,166.0,309.0,2586,-45.0,5.15,502.13592233009706
2013,6,27,B6,JFK,ORD,94.0,166.0,107.0,740,72.0,1.7833333333333334,414.95327102803736
2013,7,23,MQ,JFK,CMH,168.0,166.0,70.0,483,-2.0,1.1666666666666667,414.0
2013,6,17,9E,JFK,RDU,159.0,166.0,70.0,427,7.0,1.1666666666666667,366.0
2013,6,7,9E,JFK,JAX,178.0,166.0,121.0,828,-12.0,2.0166666666666666,410.57851239669424
2013,6,2,MQ,JFK,CMH,176.0,166.0,69.0,483,-10.0,1.15,420.00000000000006
2013,8,28,UA,JFK,SFO,151.0,166.0,357.0,2586,15.0,5.95,434.62184873949576
2013,7,22,B6,JFK,PDX,114.0,165.0,334.0,2454,51.0,5.566666666666666,440.83832335329345
2013,6,27,9E,JFK,MSY,149.0,165.0,146.0,1182,16.0,2.433333333333333,485.7534246575343
2013,8,4,DL,JFK,SAT,190.0,165.0,206.0,1587,-25.0,3.433333333333333,462.2330097087379
2013,6,13,9E,JFK,IAD,139.0,165.0,51.0,228,26.0,0.85,268.2352941176471
2013,7,21,9E,JFK,BWI,175.0,165.0,46.0,184,-10.0,0.7666666666666667,239.99999999999997
2013,7,28,B6,JFK,MSY,126.0,165.0,165.0,1182,39.0,2.75,429.8181818181818
2013,6,28,DL,JFK,PDX,198.0,165.0,311.0,2454,-33.0,5.183333333333334,473.4405144694534
2013,8,12,UA,JFK,SFO,153.0,165.0,366.0,2586,12.0,6.1,423.93442622950823
2013,6,30,B6,JFK,ORD,136.0,165.0,118.0,740,29.0,1.9666666666666666,376.271186440678
2013,7,1,9E,JFK,MSP,206.0,165.0,138.0,1029,-41.0,2.3,447.3913043478261
2013,7,13,B6,JFK,BQN,171.0,165.0,195.0,1576,-6.0,3.25,484.9230769230769
2013,8,4,AA,JFK,SFO,150.0,165.0,356.0,2586,15.0,5.933333333333334,435.8426966292135
2013,8,8,DL,JFK,SFO,111.0,165.0,384.0,2586,54.0,6.4,404.0625
2013,7,22,B6,JFK,IAD,80.0,164.0,71.0,228,84.0,1.1833333333333333,192.67605633802816
2013,7,28,DL,JFK,DEN,99.0,164.0,221.0,1626,65.0,3.683333333333333,441.44796380090503
2013,7,1,B6,JFK,AUS,150.0,164.0,218.0,1521,14.0,3.6333333333333333,418.6238532110092
2013,7,19,9E,JFK,BWI,183.0,164.0,35.0,184,-19.0,0.5833333333333334,315.4285714285714
2013,6,23,B6,JFK,SFO,135.0,164.0,334.0,2586,29.0,5.566666666666666,464.55089820359285
2013,6,7,B6,JFK,SEA,92.0,164.0,323.0,2422,72.0,5.383333333333334,449.907120743034
2013,7,1,9E,JFK,ORD,210.0,164.0,113.0,740,-46.0,1.8833333333333333,392.92035398230087
2013,7,19,B6,JFK,PHX,189.0,164.0,265.0,2153,-25.0,4.416666666666667,487.47169811320754
2013,6,13,9E,JFK,ORF,131.0,164.0,52.0,290,33.0,0.8666666666666667,334.6153846153846
2013,7,22,DL,JFK,PHX,72.0,164.0,285.0,2153,92.0,4.75,453.2631578947368
2013,6,10,9E,JFK,CVG,122.0,164.0,95.0,589,42.0,1.5833333333333333,372.0
2013,7,11,B6,JFK,PBI,155.0,164.0,138.0,1028,9.0,2.3,446.9565217391305
2013,6,27,B6,JFK,RSW,66.0,163.0,148.0,1074,97.0,2.466666666666667,435.40540540540536
2013,6,18,B6,JFK,PWM,190.0,163.0,39.0,273,-27.0,0.65,420.0
2013,7,28,B6,JFK,ORD,116.0,163.0,112.0,740,47.0,1.8666666666666667,396.42857142857144
2013,7,13,B6,JFK,AUS,168.0,163.0,180.0,1521,-5.0,3.0,507.0
2013,7,13,9E,JFK,RIC,126.0,163.0,61.0,288,37.0,1.0166666666666666,283.27868852459017
2013,7,13,B6,JFK,PSE,184.0,163.0,195.0,1617,-21.0,3.25,497.53846153846155
2013,8,2,B6,JFK,PBI,129.0,163.0,143.0,1028,34.0,2.3833333333333333,431.32867132867136
2013,7,12,B6,JFK,MCO,145.0,163.0,146.0,944,18.0,2.433333333333333,387.9452054794521
2013,6,13,B6,JFK,ROC,142.0,163.0,50.0,264,21.0,0.8333333333333334,316.8
2013,6,26,B6,JFK,PBI,109.0,163.0,143.0,1028,54.0,2.3833333333333333,431.32867132867136
2013,7,23,B6,JFK,MCO,153.0,163.0,132.0,944,10.0,2.2,429.09090909090907
2013,6,4,9E,JFK,MSP,171.0,163.0,167.0,1029,-8.0,2.783333333333333,369.70059880239523
2013,6,2,9E,JFK,CVG,185.0,163.0,88.0,589,-22.0,1.4666666666666666,401.5909090909091
2013,6,25,B6,JFK,SJU,142.0,163.0,201.0,1598,21.0,3.35,477.0149253731343
2013,8,8,B6,JFK,FLL,154.0,162.0,140.0,1069,8.0,2.3333333333333335,458.1428571428571
2013,7,22,DL,JFK,SLC,124.0,162.0,282.0,1990,38.0,4.7,423.40425531914894
2013,7,28,B6,JFK,LAX,59.0,162.0,352.0,2475,103.0,5.866666666666666,421.87500000000006
2013,7,28,MQ,JFK,RDU,136.0,162.0,73.0,427,26.0,1.2166666666666666,350.95890410958907
2013,7,22,UA,JFK,LAX,93.0,162.0,336.0,2475,69.0,5.6,441.9642857142857
2013,7,21,AA,JFK,MIA,154.0,162.0,157.0,1089,8.0,2.6166666666666667,416.1783439490446
2013,7,9,9E,JFK,JAX,179.0,162.0,105.0,828,-17.0,1.75,473.14285714285717
2013,6,10,9E,JFK,MCI,162.0,162.0,152.0,1113,0.0,2.533333333333333,439.3421052631579
2013,6,27,B6,JFK,FLL,138.0,162.0,145.0,1069,24.0,2.4166666666666665,442.3448275862069
2013,7,18,B6,JFK,PBI,154.0,162.0,141.0,1028,8.0,2.35,437.4468085106383
2013,6,23,DL,JFK,SFO,151.0,162.0,332.0,2586,11.0,5.533333333333333,467.34939759036143
2013,7,10,B6,JFK,LAX,169.0,162.0,320.0,2475,-7.0,5.333333333333333,464.0625
2013,7,24,MQ,JFK,PIT,165.0,162.0,62.0,340,-3.0,1.0333333333333334,329.0322580645161
2013,6,17,AA,JFK,SEA,136.0,162.0,341.0,2422,26.0,5.683333333333334,426.15835777126097
2013,7,2,B6,JFK,PWM,167.0,161.0,45.0,273,-6.0,0.75,364.0
2013,6,9,9E,JFK,CVG,198.0,161.0,89.0,589,-37.0,1.4833333333333334,397.07865168539325
2013,7,18,B6,JFK,ORD,168.0,161.0,107.0,740,-7.0,1.7833333333333334,414.95327102803736
2013,6,28,B6,JFK,LAX,181.0,161.0,319.0,2475,-20.0,5.316666666666666,465.51724137931035
2013,6,30,B6,JFK,MVY,150.0,161.0,39.0,173,11.0,0.65,266.15384615384613
2013,6,25,AA,JFK,SFO,181.0,161.0,336.0,2586,-20.0,5.6,461.78571428571433
2013,7,8,B6,JFK,ROC,167.0,161.0,49.0,264,-6.0,0.8166666666666667,323.265306122449
2013,7,23,B6,JFK,MCO,153.0,161.0,125.0,944,8.0,2.0833333333333335,453.11999999999995
2013,6,28,B6,JFK,DEN,180.0,161.0,208.0,1626,-19.0,3.466666666666667,469.03846153846155
2013,6,27,VX,JFK,SFO,118.0,161.0,363.0,2586,43.0,6.05,427.43801652892563
2013,7,10,9E,JFK,CVG,178.0,161.0,88.0,589,-17.0,1.4666666666666666,401.5909090909091
2013,7,28,B6,JFK,BUR,15.0,161.0,356.0,2465,146.0,5.933333333333334,415.44943820224717
2013,6,24,B6,JFK,PWM,120.0,161.0,47.0,273,41.0,0.7833333333333333,348.51063829787233
2013,8,10,DL,JFK,BOS,167.0,160.0,40.0,187,-7.0,0.6666666666666666,280.5
2013,6,27,B6,JFK,HOU,121.0,160.0,188.0,1428,39.0,3.1333333333333333,455.74468085106383
2013,8,19,MQ,JFK,IND,145.0,160.0,100.0,665,15.0,1.6666666666666667,399.0
2013,6,26,B6,JFK,RSW,150.0,160.0,159.0,1074,10.0,2.65,405.28301886792457
2013,7,10,B6,JFK,MCO,163.0,160.0,122.0,944,-3.0,2.033333333333333,464.26229508196724
2013,6,13,9E,JFK,PHL,182.0,160.0,28.0,94,-22.0,0.4666666666666667,201.42857142857142
2013,7,10,B6,JFK,ROC,89.0,160.0,60.0,264,71.0,1.0,264.0
2013,6,27,DL,JFK,SAT,163.0,160.0,196.0,1587,-3.0,3.2666666666666666,485.81632653061223
2013,8,1,9E,JFK,JAX,156.0,160.0,118.0,828,4.0,1.9666666666666666,421.0169491525424
2013,6,14,B6,JFK,SEA,36.0,160.0,340.0,2422,124.0,5.666666666666667,427.4117647058823
2013,6,3,9E,JFK,ORD,181.0,160.0,120.0,740,-21.0,2.0,370.0
2013,6,10,B6,JFK,MSY,127.0,160.0,173.0,1182,33.0,2.8833333333333333,409.9421965317919
2013,8,9,VX,JFK,SFO,172.0,159.0,361.0,2586,-13.0,6.016666666666667,429.80609418282546
2013,7,3,DL,JFK,SFO,186.0,159.0,313.0,2586,-27.0,5.216666666666667,495.7188498402556
2013,7,18,B6,JFK,SLC,172.0,159.0,252.0,1990,-13.0,4.2,473.8095238095238
2013,6,16,B6,JFK,LAS,144.0,159.0,322.0,2248,15.0,5.366666666666666,418.8819875776398
2013,6,7,AA,JFK,BOS,76.0,159.0,36.0,187,83.0,0.6,311.6666666666667
2013,6,16,AA,JFK,LAX,144.0,159.0,352.0,2475,15.0,5.866666666666666,421.87500000000006
2013,6,7,9E,JFK,MSP,92.0,159.0,145.0,1029,67.0,2.4166666666666665,425.7931034482759
2013,6,7,AA,JFK,MIA,91.0,159.0,193.0,1089,68.0,3.216666666666667,338.5492227979274
2013,6,25,DL,JFK,SFO,141.0,159.0,341.0,2586,18.0,5.683333333333334,455.0146627565982
2013,7,22,9E,JFK,DCA,160.0,158.0,54.0,213,-2.0,0.9,236.66666666666666
2013,7,22,B6,JFK,LAS,82.0,158.0,292.0,2248,76.0,4.866666666666666,461.91780821917814
2013,7,22,DL,JFK,LAX,103.0,158.0,324.0,2475,55.0,5.4,458.3333333333333
2013,6,10,UA,JFK,LAX,129.0,158.0,297.0,2475,29.0,4.95,500.0
2013,6,25,B6,JFK,JAX,157.0,158.0,109.0,828,1.0,1.8166666666666667,455.7798165137615
2013,7,23,EV,JFK,IAD,165.0,158.0,43.0,228,-7.0,0.7166666666666667,318.13953488372096
2013,8,8,9E,JFK,ORD,98.0,158.0,124.0,740,60.0,2.066666666666667,358.0645161290322
2013,7,16,B6,JFK,LAS,197.0,158.0,265.0,2248,-39.0,4.416666666666667,508.9811320754717
2013,7,3,9E,JFK,MSY,184.0,158.0,159.0,1182,-26.0,2.65,446.0377358490566
2013,7,1,9E,JFK,CVG,184.0,158.0,93.0,589,-26.0,1.55,380.0
2013,8,17,B6,JFK,SJU,168.0,158.0,195.0,1598,-10.0,3.25,491.6923076923077
2013,6,17,AA,JFK,AUS,102.0,157.0,224.0,1521,55.0,3.7333333333333334,407.4107142857143
2013,7,18,AA,JFK,MIA,164.0,157.0,139.0,1089,-7.0,2.316666666666667,470.0719424460431
2013,6,25,UA,JFK,LAX,122.0,157.0,343.0,2475,35.0,5.716666666666667,432.94460641399417
2013,8,10,MQ,JFK,IND,167.0,157.0,106.0,665,-10.0,1.7666666666666666,376.41509433962267
2013,6,7,B6,JFK,ORD,144.0,157.0,118.0,740,13.0,1.9666666666666666,376.271186440678
2013,7,1,B6,JFK,SFO,212.0,157.0,315.0,2586,-55.0,5.25,492.57142857142856
2013,6,25,B6,JFK,MCO,161.0,157.0,122.0,944,-4.0,2.033333333333333,464.26229508196724
2013,7,5,B6,JFK,SJU,147.0,157.0,199.0,1598,10.0,3.316666666666667,481.80904522613065
2013,6,17,AA,JFK,SFO,141.0,157.0,367.0,2586,16.0,6.116666666666666,422.77929155313353
2013,6,28,B6,JFK,BUF,148.0,157.0,59.0,301,9.0,0.9833333333333333,306.10169491525426
2013,7,7,B6,JFK,AUS,118.0,157.0,197.0,1521,39.0,3.283333333333333,463.24873096446703
2013,7,1,AA,JFK,SAN,172.0,157.0,310.0,2446,-15.0,5.166666666666667,473.41935483870964
2013,6,15,MQ,JFK,DCA,181.0,156.0,42.0,213,-25.0,0.7,304.2857142857143
2013,7,22,B6,JFK,BUF,25.0,156.0,57.0,301,131.0,0.95,316.8421052631579
2013,8,2,9E,JFK,RDU,187.0,156.0,64.0,427,-31.0,1.0666666666666667,400.3125
2013,6,24,AA,JFK,SFO,133.0,156.0,362.0,2586,23.0,6.033333333333333,428.61878453038673
2013,7,28,B6,JFK,BTV,162.0,156.0,49.0,266,-6.0,0.8166666666666667,325.7142857142857
2013,6,15,DL,JFK,SFO,165.0,156.0,369.0,2586,-9.0,6.15,420.48780487804873
2013,8,13,EV,JFK,IAD,158.0,156.0,57.0,228,-2.0,0.95,240.0
2013,7,18,DL,JFK,DEN,195.0,156.0,199.0,1626,-39.0,3.316666666666667,490.251256281407
2013,7,22,MQ,JFK,RDU,142.0,156.0,66.0,427,14.0,1.1,388.18181818181813
2013,6,24,B6,JFK,LAS,170.0,156.0,290.0,2248,-14.0,4.833333333333333,465.1034482758621
2013,7,28,AA,JFK,IAH,127.0,156.0,200.0,1417,29.0,3.3333333333333335,425.09999999999997
2013,7,22,DL,JFK,LAS,75.0,156.0,296.0,2248,81.0,4.933333333333334,455.6756756756757
2013,6,28,B6,JFK,TPA,158.0,155.0,139.0,1005,-3.0,2.316666666666667,433.81294964028774
2013,7,19,B6,JFK,SJU,149.0,155.0,200.0,1598,6.0,3.3333333333333335,479.4
2013,6,28,B6,JFK,SJU,166.0,155.0,205.0,1598,-11.0,3.4166666666666665,467.70731707317077
2013,6,30,B6,JFK,BUF,169.0,155.0,53.0,301,-14.0,0.8833333333333333,340.7547169811321
2013,6,23,DL,JFK,LAS,191.0,155.0,288.0,2248,-36.0,4.8,468.33333333333337
2013,6,13,B6,JFK,MVY,136.0,155.0,31.0,173,19.0,0.5166666666666667,334.83870967741933
2013,7,20,UA,JFK,SFO,112.0,155.0,349.0,2586,43.0,5.816666666666666,444.5845272206304
2013,8,5,B6,JFK,PBI,151.0,155.0,129.0,1028,4.0,2.15,478.13953488372096
2013,7,13,9E,JFK,ROC,177.0,155.0,47.0,264,-22.0,0.7833333333333333,337.02127659574467
2013,8,18,MQ,JFK,IND,142.0,155.0,115.0,665,13.0,1.9166666666666667,346.95652173913044
2013,7,1,9E,JFK,IND,161.0,155.0,105.0,665,-6.0,1.75,380.0
2013,6,28,9E,JFK,BUF,107.0,155.0,55.0,301,48.0,0.9166666666666666,328.3636363636364
2013,8,5,UA,JFK,SFO,134.0,155.0,377.0,2586,21.0,6.283333333333333,411.56498673740055
2013,6,10,B6,JFK,BUF,140.0,155.0,58.0,301,15.0,0.9666666666666667,311.37931034482756
2013,7,22,B6,JFK,ORD,107.0,155.0,108.0,740,48.0,1.8,411.1111111111111
2013,7,23,MQ,JFK,CMH,90.0,154.0,82.0,483,64.0,1.3666666666666667,353.4146341463414
2013,6,13,B6,JFK,LAS,111.0,154.0,323.0,2248,43.0,5.383333333333334,417.5851393188854
2013,8,8,9E,JFK,DCA,68.0,154.0,58.0,213,86.0,0.9666666666666667,220.3448275862069
2013,7,11,B6,JFK,JAX,143.0,154.0,149.0,828,11.0,2.4833333333333334,333.4228187919463
2013,7,29,MQ,JFK,DCA,155.0,154.0,46.0,213,-1.0,0.7666666666666667,277.8260869565217
2013,6,17,B6,JFK,FLL,167.0,154.0,152.0,1069,-13.0,2.533333333333333,421.97368421052636
2013,6,13,9E,JFK,BWI,53.0,154.0,60.0,184,101.0,1.0,184.0
2013,6,29,B6,JFK,LGB,149.0,153.0,320.0,2465,4.0,5.333333333333333,462.1875
2013,7,3,9E,JFK,CLE,129.0,153.0,75.0,425,24.0,1.25,340.0
2013,7,22,B6,JFK,ABQ,98.0,153.0,259.0,1826,55.0,4.316666666666666,423.011583011583
2013,7,8,DL,JFK,SFO,154.0,153.0,349.0,2586,-1.0,5.816666666666666,444.5845272206304
2013,8,29,B6,JFK,SJU,138.0,153.0,213.0,1598,15.0,3.55,450.1408450704226
2013,6,23,B6,JFK,ORD,171.0,153.0,98.0,740,-18.0,1.6333333333333333,453.0612244897959
2013,7,1,B6,JFK,BUF,172.0,153.0,52.0,301,-19.0,0.8666666666666667,347.3076923076923
2013,7,9,UA,JFK,SFO,83.0,153.0,346.0,2586,70.0,5.766666666666667,448.4393063583815
2013,7,28,UA,JFK,LAX,120.0,153.0,331.0,2475,33.0,5.516666666666667,448.6404833836858
2013,8,8,MQ,JFK,DCA,77.0,153.0,59.0,213,76.0,0.9833333333333333,216.61016949152543
2013,7,30,9E,JFK,BOS,198.0,153.0,36.0,187,-45.0,0.6,311.6666666666667
2013,7,23,B6,JFK,TPA,132.0,153.0,157.0,1005,21.0,2.6166666666666667,384.0764331210191
2013,8,2,9E,JFK,DCA,149.0,153.0,48.0,213,4.0,0.8,266.25
2013,7,14,DL,JFK,PHX,203.0,153.0,244.0,2153,-50.0,4.066666666666666,529.4262295081968
2013,8,9,9E,JFK,MSY,138.0,153.0,156.0,1182,15.0,2.6,454.6153846153846
2013,7,22,9E,JFK,MCI,130.0,153.0,157.0,1113,23.0,2.6166666666666667,425.3503184713376
2013,6,26,9E,JFK,BWI,128.0,153.0,35.0,184,25.0,0.5833333333333334,315.4285714285714
2013,7,23,9E,JFK,BNA,103.0,153.0,123.0,765,50.0,2.05,373.1707317073171
2013,6,13,B6,JFK,JAX,54.0,152.0,199.0,828,98.0,3.316666666666667,249.64824120603012
2013,8,9,B6,JFK,PDX,172.0,152.0,325.0,2454,-20.0,5.416666666666667,453.0461538461538
2013,6,30,B6,JFK,SFO,187.0,152.0,323.0,2586,-35.0,5.383333333333334,480.3715170278637
2013,7,23,B6,JFK,MSY,149.0,152.0,153.0,1182,3.0,2.55,463.5294117647059
2013,7,12,9E,JFK,CVG,155.0,152.0,83.0,589,-3.0,1.3833333333333333,425.7831325301205
2013,7,27,B6,JFK,FLL,159.0,152.0,141.0,1069,-7.0,2.35,454.89361702127655
2013,8,28,B6,JFK,MSY,178.0,152.0,145.0,1182,-26.0,2.4166666666666665,489.1034482758621
2013,7,9,B6,JFK,SLC,177.0,152.0,272.0,1990,-25.0,4.533333333333333,438.97058823529414
2013,6,13,9E,JFK,JAX,137.0,152.0,115.0,828,15.0,1.9166666666666667,432.0
2013,7,10,B6,JFK,FLL,115.0,152.0,138.0,1069,37.0,2.3,464.7826086956522
2013,7,6,DL,JFK,SFO,177.0,152.0,325.0,2586,-25.0,5.416666666666667,477.4153846153846
2013,7,18,B6,JFK,BQN,155.0,151.0,196.0,1576,-4.0,3.2666666666666666,482.44897959183675
2013,6,28,B6,JFK,BUR,115.0,151.0,316.0,2465,36.0,5.266666666666667,468.0379746835443
2013,8,22,AA,JFK,BOS,168.0,151.0,45.0,187,-17.0,0.75,249.33333333333334
2013,6,25,DL,JFK,ATL,144.0,151.0,112.0,760,7.0,1.8666666666666667,407.1428571428571
2013,6,2,MQ,JFK,CMH,141.0,151.0,74.0,483,10.0,1.2333333333333334,391.6216216216216
2013,7,10,VX,JFK,LAX,105.0,151.0,355.0,2475,46.0,5.916666666666667,418.30985915492954
2013,8,8,UA,JFK,LAX,121.0,151.0,339.0,2475,30.0,5.65,438.0530973451327
2013,6,10,9E,JFK,DTW,159.0,151.0,74.0,509,-8.0,1.2333333333333334,412.7027027027027
2013,8,4,B6,JFK,PDX,150.0,151.0,346.0,2454,1.0,5.766666666666667,425.5491329479769
2013,8,28,B6,JFK,BTV,144.0,151.0,47.0,266,7.0,0.7833333333333333,339.5744680851064
2013,6,14,DL,JFK,TPA,158.0,151.0,118.0,1005,-7.0,1.9666666666666666,511.0169491525424
2013,8,3,B6,JFK,RDU,154.0,151.0,69.0,427,-3.0,1.15,371.304347826087
2013,7,7,B6,JFK,SJC,98.0,151.0,334.0,2569,53.0,5.566666666666666,461.497005988024
2013,8,8,B6,JFK,BOS,149.0,151.0,41.0,187,2.0,0.6833333333333333,273.6585365853658
2013,7,22,B6,JFK,AUS,114.0,151.0,201.0,1521,37.0,3.35,454.02985074626866
2013,8,28,B6,JFK,ROC,167.0,151.0,44.0,264,-16.0,0.7333333333333333,360.0
2013,7,9,B6,JFK,SFO,134.0,151.0,336.0,2586,17.0,5.6,461.78571428571433
2013,6,11,B6,JFK,ACK,71.0,150.0,99.0,199,79.0,1.65,120.60606060606061
2013,7,2,B6,JFK,CLT,94.0,150.0,102.0,541,56.0,1.7,318.2352941176471
2013,8,8,B6,JFK,LAX,143.0,150.0,330.0,2475,7.0,5.5,450.0
2013,6,28,B6,JFK,IAD,162.0,150.0,44.0,228,-12.0,0.7333333333333333,310.90909090909093
2013,6,25,9E,JFK,JAX,132.0,150.0,108.0,828,18.0,1.8,460.0
2013,7,22,B6,JFK,RDU,46.0,150.0,70.0,427,104.0,1.1666666666666667,366.0
2013,6,26,9E,JFK,BWI,137.0,150.0,39.0,184,13.0,0.65,283.0769230769231
2013,7,10,9E,JFK,MKE,50.0,150.0,127.0,745,100.0,2.1166666666666667,351.9685039370079
2013,7,28,AA,JFK,BOS,115.0,150.0,35.0,187,35.0,0.5833333333333334,320.57142857142856
2013,6,24,B6,JFK,PBI,120.0,150.0,146.0,1028,30.0,2.433333333333333,422.4657534246576
2013,7,21,B6,JFK,SEA,123.0,150.0,331.0,2422,27.0,5.516666666666667,439.0332326283988
2013,7,21,DL,JFK,ATL,156.0,150.0,107.0,760,-6.0,1.7833333333333334,426.1682242990654
2013,8,8,9E,JFK,BNA,141.0,150.0,105.0,765,9.0,1.75,437.14285714285717
2013,6,13,B6,JFK,MCO,112.0,150.0,137.0,944,38.0,2.283333333333333,413.43065693430657
2013,6,9,AA,JFK,SFO,147.0,150.0,336.0,2586,3.0,5.6,461.78571428571433
2013,8,8,9E,JFK,PHL,153.0,149.0,26.0,94,-4.0,0.43333333333333335,216.9230769230769
2013,6,27,B6,JFK,SLC,81.0,149.0,268.0,1990,68.0,4.466666666666667,445.5223880597015
2013,7,9,9E,JFK,DCA,161.0,149.0,42.0,213,-12.0,0.7,304.2857142857143
2013,6,7,9E,JFK,BOS,126.0,149.0,44.0,187,23.0,0.7333333333333333,255.00000000000003
2013,8,22,AA,JFK,LAX,109.0,149.0,297.0,2475,40.0,4.95,500.0
2013,8,1,B6,JFK,LAX,139.0,149.0,328.0,2475,10.0,5.466666666666667,452.7439024390244
2013,8,28,DL,JFK,BOS,47.0,149.0,48.0,187,102.0,0.8,233.75
2013,8,9,B6,JFK,ROC,168.0,149.0,48.0,264,-19.0,0.8,330.0
2013,7,10,UA,JFK,LAX,94.0,149.0,314.0,2475,55.0,5.233333333333333,472.9299363057325
2013,6,25,B6,JFK,LAS,123.0,149.0,295.0,2248,26.0,4.916666666666667,457.2203389830508
2013,6,26,VX,JFK,SFO,153.0,149.0,342.0,2586,-4.0,5.7,453.6842105263158
2013,7,18,B6,JFK,LAS,187.0,149.0,268.0,2248,-38.0,4.466666666666667,503.2835820895522
2013,6,28,B6,JFK,FLL,134.0,149.0,163.0,1069,15.0,2.716666666666667,393.4969325153374
2013,6,25,DL,JFK,SFO,145.0,149.0,352.0,2586,4.0,5.866666666666666,440.79545454545456
2013,6,28,B6,JFK,ROC,164.0,149.0,50.0,264,-15.0,0.8333333333333334,316.8
2013,8,28,B6,JFK,IAD,154.0,149.0,47.0,228,-5.0,0.7833333333333333,291.06382978723406
2013,8,8,B6,JFK,SLC,108.0,149.0,299.0,1990,41.0,4.983333333333333,399.33110367892976
2013,6,10,DL,JFK,BOS,144.0,148.0,31.0,187,4.0,0.5166666666666667,361.9354838709677
2013,7,28,DL,JFK,LAS,104.0,148.0,311.0,2248,44.0,5.183333333333334,433.69774919614144
2013,6,10,B6,JFK,RDU,161.0,148.0,69.0,427,-13.0,1.15,371.304347826087
2013,7,7,DL,JFK,LAX,159.0,148.0,304.0,2475,-11.0,5.066666666666666,488.4868421052632
2013,6,28,DL,JFK,TPA,168.0,148.0,141.0,1005,-20.0,2.35,427.6595744680851
2013,7,7,UA,JFK,SFO,68.0,148.0,368.0,2586,80.0,6.133333333333334,421.6304347826087
2013,6,17,9E,JFK,CVG,158.0,148.0,95.0,589,-10.0,1.5833333333333333,372.0
2013,6,24,MQ,JFK,CMH,102.0,148.0,73.0,483,46.0,1.2166666666666666,396.98630136986304
2013,6,27,B6,JFK,LAS,132.0,148.0,292.0,2248,16.0,4.866666666666666,461.91780821917814
2013,6,7,9E,JFK,CLE,87.0,148.0,75.0,425,61.0,1.25,340.0
2013,6,13,9E,JFK,RDU,114.0,148.0,71.0,427,34.0,1.1833333333333333,360.84507042253523
2013,8,9,EV,JFK,IAD,154.0,148.0,49.0,228,-6.0,0.8166666666666667,279.18367346938777
2013,7,1,B6,JFK,BUF,128.0,148.0,54.0,301,20.0,0.9,334.44444444444446
2013,7,26,DL,JFK,BOS,158.0,147.0,50.0,187,-11.0,0.8333333333333334,224.39999999999998
2013,6,26,B6,JFK,SJU,114.0,147.0,196.0,1598,33.0,3.2666666666666666,489.18367346938777
2013,7,22,DL,JFK,ATL,116.0,147.0,115.0,760,31.0,1.9166666666666667,396.52173913043475
2013,6,13,9E,JFK,DTW,139.0,147.0,88.0,509,8.0,1.4666666666666666,347.04545454545456
2013,6,1,AA,JFK,ORD,182.0,147.0,111.0,740,-35.0,1.85,400.0
2013,7,7,B6,JFK,SJU,131.0,147.0,201.0,1598,16.0,3.35,477.0149253731343
2013,7,1,B6,JFK,BOS,120.0,147.0,39.0,187,27.0,0.65,287.6923076923077
2013,7,22,B6,JFK,MSY,144.0,147.0,165.0,1182,3.0,2.75,429.8181818181818
2013,7,5,EV,JFK,IAD,156.0,147.0,42.0,228,-9.0,0.7,325.7142857142857
2013,7,7,DL,JFK,SAT,133.0,147.0,198.0,1587,14.0,3.3,480.90909090909093
2013,7,23,B6,JFK,JAX,130.0,147.0,112.0,828,17.0,1.8666666666666667,443.57142857142856
2013,7,28,DL,JFK,LAS,102.0,147.0,304.0,2248,45.0,5.066666666666666,443.68421052631584
2013,7,23,MQ,JFK,CVG,115.0,147.0,96.0,589,32.0,1.6,368.125
2013,6,17,DL,JFK,SAT,168.0,146.0,218.0,1587,-22.0,3.6333333333333333,436.7889908256881
2013,6,17,AA,JFK,LAX,116.0,146.0,351.0,2475,30.0,5.85,423.0769230769231
2013,6,13,B6,JFK,RDU,158.0,146.0,71.0,427,-12.0,1.1833333333333333,360.84507042253523
2013,6,17,B6,JFK,AUS,93.0,146.0,250.0,1521,53.0,4.166666666666667,365.03999999999996
2013,6,27,B6,JFK,FLL,135.0,146.0,147.0,1069,11.0,2.45,436.3265306122449
2013,7,3,9E,JFK,CHS,103.0,146.0,92.0,636,43.0,1.5333333333333334,414.78260869565213
2013,8,28,AA,JFK,ORD,146.0,146.0,119.0,740,0.0,1.9833333333333334,373.109243697479
2013,8,8,B6,JFK,MCO,178.0,146.0,116.0,944,-32.0,1.9333333333333333,488.2758620689655
2013,8,4,9E,JFK,PIT,172.0,146.0,61.0,340,-26.0,1.0166666666666666,334.42622950819674
2013,6,13,9E,JFK,CLE,126.0,146.0,80.0,425,20.0,1.3333333333333333,318.75
2013,6,18,DL,JFK,BOS,72.0,146.0,64.0,187,74.0,1.0666666666666667,175.3125
2013,7,11,US,JFK,CLT,131.0,146.0,86.0,541,15.0,1.4333333333333333,377.4418604651163
2013,6,27,B6,JFK,SJC,94.0,146.0,362.0,2569,52.0,6.033333333333333,425.8011049723757
2013,7,4,DL,JFK,SFO,163.0,146.0,328.0,2586,-17.0,5.466666666666667,473.0487804878049
2013,7,7,DL,JFK,SEA,20.0,145.0,327.0,2422,125.0,5.45,444.4036697247706
2013,8,22,B6,JFK,TPA,152.0,145.0,125.0,1005,-7.0,2.0833333333333335,482.4
2013,8,1,MQ,JFK,CMH,127.0,145.0,76.0,483,18.0,1.2666666666666666,381.3157894736842
2013,8,1,B6,JFK,MCO,156.0,145.0,127.0,944,-11.0,2.1166666666666667,445.98425196850394
2013,8,9,B6,JFK,PWM,94.0,145.0,52.0,273,51.0,0.8666666666666667,315.0
2013,6,2,UA,JFK,LAX,143.0,145.0,336.0,2475,2.0,5.6,441.9642857142857
2013,7,8,9E,JFK,CHS,162.0,145.0,94.0,636,-17.0,1.5666666666666667,405.95744680851067
2013,8,9,DL,JFK,BOS,117.0,145.0,48.0,187,28.0,0.8,233.75
2013,6,25,MQ,JFK,ORF,162.0,145.0,48.0,290,-17.0,0.8,362.5
2013,6,17,B6,JFK,MCO,161.0,145.0,131.0,944,-16.0,2.183333333333333,432.3664122137405
2013,7,11,B6,JFK,ROC,147.0,145.0,49.0,264,-2.0,0.8166666666666667,323.265306122449
2013,6,23,B6,JFK,BUF,138.0,145.0,52.0,301,7.0,0.8666666666666667,347.3076923076923
2013,7,13,9E,JFK,CLE,132.0,145.0,72.0,425,13.0,1.2,354.1666666666667
2013,7,28,VX,JFK,SFO,91.0,145.0,363.0,2586,54.0,6.05,427.43801652892563
2013,6,17,B6,JFK,SLC,165.0,145.0,274.0,1990,-20.0,4.566666666666666,435.7664233576643
2013,7,24,B6,JFK,RSW,140.0,145.0,150.0,1074,5.0,2.5,429.6
2013,6,10,B6,JFK,MCO,102.0,144.0,143.0,944,42.0,2.3833333333333333,396.0839160839161
2013,7,23,B6,JFK,HOU,97.0,144.0,212.0,1428,47.0,3.533333333333333,404.1509433962264
2013,8,28,B6,JFK,HOU,143.0,144.0,188.0,1428,1.0,3.1333333333333333,455.74468085106383
2013,6,24,DL,JFK,PDX,160.0,144.0,310.0,2454,-16.0,5.166666666666667,474.96774193548384
2013,7,23,B6,JFK,MCO,108.0,144.0,136.0,944,36.0,2.2666666666666666,416.47058823529414
2013,7,1,B6,JFK,BOS,175.0,144.0,41.0,187,-31.0,0.6833333333333333,273.6585365853658
2013,8,31,9E,JFK,ROC,135.0,144.0,72.0,264,9.0,1.2,220.0
2013,8,8,B6,JFK,LAX,53.0,144.0,356.0,2475,91.0,5.933333333333334,417.13483146067415
2013,6,18,B6,JFK,AUS,160.0,144.0,210.0,1521,-16.0,3.5,434.57142857142856
2013,6,13,9E,JFK,CVG,68.0,144.0,94.0,589,76.0,1.5666666666666667,375.95744680851067
2013,6,22,B6,JFK,RSW,140.0,144.0,152.0,1074,4.0,2.533333333333333,423.94736842105266
2013,7,23,DL,JFK,BOS,147.0,144.0,40.0,187,-3.0,0.6666666666666666,280.5
2013,7,22,B6,JFK,JAX,147.0,144.0,111.0,828,-3.0,1.85,447.56756756756755
2013,8,5,B6,JFK,PBI,161.0,144.0,128.0,1028,-17.0,2.1333333333333333,481.875
2013,7,28,DL,JFK,LAX,22.0,144.0,339.0,2475,122.0,5.65,438.0530973451327
2013,8,1,B6,JFK,MCO,158.0,144.0,129.0,944,-14.0,2.15,439.0697674418605
2013,6,10,9E,JFK,JAX,120.0,143.0,133.0,828,23.0,2.216666666666667,373.5338345864661
2013,8,28,B6,JFK,MCO,176.0,143.0,122.0,944,-33.0,2.033333333333333,464.26229508196724
2013,6,27,B6,JFK,BTV,159.0,143.0,44.0,266,-16.0,0.7333333333333333,362.72727272727275
2013,8,8,B6,JFK,ROC,127.0,143.0,53.0,264,16.0,0.8833333333333333,298.8679245283019
2013,8,9,DL,JFK,BOS,108.0,143.0,43.0,187,35.0,0.7166666666666667,260.93023255813955
2013,6,14,9E,JFK,DFW,73.0,143.0,188.0,1391,70.0,3.1333333333333333,443.93617021276594
2013,8,1,DL,JFK,MIA,140.0,143.0,165.0,1089,3.0,2.75,396.0
2013,6,30,B6,JFK,TPA,136.0,143.0,147.0,1005,7.0,2.45,410.204081632653
2013,8,10,B6,JFK,FLL,144.0,143.0,146.0,1069,-1.0,2.433333333333333,439.3150684931507
2013,8,1,MQ,JFK,BWI,118.0,143.0,48.0,184,25.0,0.8,230.0
2013,6,18,DL,JFK,MCO,174.0,143.0,131.0,944,-31.0,2.183333333333333,432.3664122137405
2013,7,31,B6,JFK,PDX,154.0,143.0,338.0,2454,-11.0,5.633333333333334,435.6213017751479
2013,6,28,DL,JFK,LAS,167.0,143.0,289.0,2248,-24.0,4.816666666666666,466.7128027681661
2013,7,26,EV,JFK,IAD,141.0,143.0,50.0,228,2.0,0.8333333333333334,273.59999999999997
2013,7,25,MQ,JFK,RDU,130.0,143.0,73.0,427,13.0,1.2166666666666666,350.95890410958907
2013,7,28,AA,JFK,SEA,128.0,143.0,330.0,2422,15.0,5.5,440.3636363636364
2013,6,10,DL,JFK,MCO,113.0,143.0,137.0,944,30.0,2.283333333333333,413.43065693430657
2013,6,29,B6,JFK,TPA,115.0,143.0,167.0,1005,28.0,2.783333333333333,361.07784431137725
2013,7,1,DL,JFK,MCO,163.0,143.0,128.0,944,-20.0,2.1333333333333333,442.5
2013,7,10,B6,JFK,RSW,71.0,143.0,150.0,1074,72.0,2.5,429.6
2013,7,2,B6,JFK,BOS,126.0,143.0,33.0,187,17.0,0.55,340.0
2013,7,1,B6,JFK,SJU,108.0,143.0,202.0,1598,35.0,3.3666666666666667,474.65346534653463
2013,6,27,DL,JFK,ATL,32.0,142.0,103.0,760,110.0,1.7166666666666666,442.71844660194176
2013,6,7,B6,JFK,BUF,55.0,142.0,56.0,301,87.0,0.9333333333333333,322.5
2013,7,12,9E,JFK,BWI,159.0,142.0,34.0,184,-17.0,0.5666666666666667,324.70588235294116
2013,6,14,DL,JFK,ATL,186.0,142.0,94.0,760,-44.0,1.5666666666666667,485.1063829787234
2013,6,24,AA,JFK,LAX,146.0,142.0,317.0,2475,-4.0,5.283333333333333,468.45425867507885
2013,8,24,AA,JFK,SJU,156.0,142.0,207.0,1598,-14.0,3.45,463.18840579710144
2013,7,2,B6,JFK,IAD,99.0,142.0,52.0,228,43.0,0.8666666666666667,263.0769230769231
2013,7,28,MQ,JFK,DCA,113.0,142.0,51.0,213,29.0,0.85,250.58823529411765
2013,8,9,B6,JFK,ORD,151.0,142.0,119.0,740,-9.0,1.9833333333333334,373.109243697479
2013,6,26,AA,JFK,SFO,141.0,142.0,350.0,2586,1.0,5.833333333333333,443.31428571428575
2013,8,28,B6,JFK,JAX,134.0,142.0,104.0,828,8.0,1.7333333333333334,477.6923076923077
2013,6,2,AA,JFK,SEA,145.0,142.0,340.0,2422,-3.0,5.666666666666667,427.4117647058823
2013,6,26,AA,JFK,SFO,131.0,142.0,351.0,2586,11.0,5.85,442.0512820512821
2013,6,10,DL,JFK,ATL,118.0,142.0,106.0,760,24.0,1.7666666666666666,430.188679245283
2013,7,12,B6,JFK,MCO,119.0,142.0,130.0,944,23.0,2.1666666666666665,435.69230769230774
2013,7,15,9E,JFK,RDU,182.0,142.0,65.0,427,-40.0,1.0833333333333333,394.1538461538462
2013,6,30,B6,JFK,BUF,-2.0,142.0,80.0,301,144.0,1.3333333333333333,225.75
2013,7,10,B6,JFK,BOS,159.0,142.0,39.0,187,-17.0,0.65,287.6923076923077
2013,6,15,MQ,JFK,RDU,160.0,142.0,61.0,427,-18.0,1.0166666666666666,420.0
2013,7,22,B6,JFK,BUR,76.0,141.0,327.0,2465,65.0,5.45,452.29357798165137
2013,6,10,AA,JFK,BOS,129.0,141.0,31.0,187,12.0,0.5166666666666667,361.9354838709677
2013,7,7,MQ,JFK,DCA,102.0,141.0,64.0,213,39.0,1.0666666666666667,199.6875
2013,8,9,B6,JFK,SFO,133.0,141.0,342.0,2586,8.0,5.7,453.6842105263158
2013,7,29,DL,JFK,PHX,171.0,141.0,282.0,2153,-30.0,4.7,458.0851063829787
2013,6,24,AA,JFK,BOS,118.0,141.0,53.0,187,23.0,0.8833333333333333,211.69811320754718
2013,7,1,US,JFK,CLT,148.0,141.0,83.0,541,-7.0,1.3833333333333333,391.0843373493976
2013,7,14,AA,JFK,LAS,186.0,141.0,279.0,2248,-45.0,4.65,483.4408602150537
2013,6,10,B6,JFK,TPA,125.0,141.0,145.0,1005,16.0,2.4166666666666665,415.86206896551727
2013,6,28,B6,JFK,BOS,154.0,141.0,42.0,187,-13.0,0.7,267.14285714285717
2013,7,23,B6,JFK,SMF,124.0,141.0,332.0,2521,17.0,5.533333333333333,455.6024096385542
2013,8,9,B6,JFK,PSE,157.0,141.0,196.0,1617,-16.0,3.2666666666666666,495.0
2013,7,11,B6,JFK,SYR,155.0,141.0,44.0,209,-14.0,0.7333333333333333,285.0
2013,8,8,AA,JFK,BOS,129.0,140.0,41.0,187,11.0,0.6833333333333333,273.6585365853658
2013,7,29,VX,JFK,SFO,119.0,140.0,370.0,2586,21.0,6.166666666666667,419.35135135135135
2013,6,7,MQ,JFK,DCA,130.0,140.0,61.0,213,10.0,1.0166666666666666,209.5081967213115
2013,8,8,B6,JFK,AUS,123.0,140.0,196.0,1521,17.0,3.2666666666666666,465.6122448979592
2013,8,12,9E,JFK,DCA,162.0,140.0,41.0,213,-22.0,0.6833333333333333,311.7073170731707
2013,8,8,B6,JFK,SYR,138.0,140.0,46.0,209,2.0,0.7666666666666667,272.6086956521739
2013,6,28,B6,JFK,SFO,88.0,140.0,368.0,2586,52.0,6.133333333333334,421.6304347826087
2013,6,2,9E,JFK,BNA,154.0,140.0,113.0,765,-14.0,1.8833333333333333,406.1946902654867
2013,7,3,9E,JFK,ORD,114.0,140.0,117.0,740,26.0,1.95,379.4871794871795
2013,6,23,MQ,JFK,CMH,140.0,140.0,70.0,483,0.0,1.1666666666666667,414.0
2013,7,10,B6,JFK,SJU,153.0,140.0,195.0,1598,-13.0,3.25,491.6923076923077
2013,6,27,B6,JFK,ROC,137.0,140.0,50.0,264,3.0,0.8333333333333334,316.8
2013,7,27,US,JFK,CLT,65.0,140.0,82.0,541,75.0,1.3666666666666667,395.8536585365854
2013,7,12,UA,JFK,SFO,132.0,140.0,323.0,2586,8.0,5.383333333333334,480.3715170278637
2013,7,8,9E,JFK,DTW,151.0,140.0,92.0,509,-11.0,1.5333333333333334,331.95652173913044
2013,7,19,B6,JFK,TPA,162.0,140.0,126.0,1005,-22.0,2.1,478.57142857142856
2013,8,28,B6,JFK,BTV,148.0,140.0,48.0,266,-8.0,0.8,332.5
2013,7,23,B6,JFK,PWM,144.0,140.0,47.0,273,-4.0,0.7833333333333333,348.51063829787233
2013,7,28,B6,JFK,AUS,53.0,140.0,207.0,1521,87.0,3.45,440.86956521739125
2013,8,30,AA,JFK,BOS,154.0,139.0,39.0,187,-15.0,0.65,287.6923076923077
2013,7,22,VX,JFK,LAX,63.0,139.0,317.0,2475,76.0,5.283333333333333,468.45425867507885
2013,6,3,9E,JFK,DCA,130.0,139.0,53.0,213,9.0,0.8833333333333333,241.13207547169813
2013,8,12,9E,JFK,CVG,170.0,139.0,96.0,589,-31.0,1.6,368.125
2013,7,24,9E,JFK,MSP,177.0,139.0,140.0,1029,-38.0,2.3333333333333335,441.0
2013,7,10,B6,JFK,PSE,155.0,139.0,200.0,1617,-16.0,3.3333333333333335,485.09999999999997
2013,6,30,B6,JFK,SEA,110.0,139.0,315.0,2422,29.0,5.25,461.3333333333333
2013,7,1,B6,JFK,BOS,158.0,139.0,38.0,187,-19.0,0.6333333333333333,295.2631578947369
2013,7,28,MQ,JFK,BWI,100.0,139.0,47.0,184,39.0,0.7833333333333333,234.8936170212766
2013,7,1,B6,JFK,BOS,125.0,139.0,46.0,187,14.0,0.7666666666666667,243.91304347826085
2013,7,8,B6,JFK,BOS,169.0,139.0,33.0,187,-30.0,0.55,340.0
2013,8,28,B6,JFK,AUS,156.0,139.0,179.0,1521,-17.0,2.9833333333333334,509.83240223463685
2013,6,27,B6,JFK,PDX,47.0,139.0,330.0,2454,92.0,5.5,446.1818181818182
2013,6,10,B6,JFK,CHS,112.0,139.0,101.0,636,27.0,1.6833333333333333,377.8217821782178
2013,6,27,VX,JFK,LAX,51.0,139.0,352.0,2475,88.0,5.866666666666666,421.87500000000006
2013,6,11,B6,JFK,TPA,150.0,139.0,136.0,1005,-11.0,2.2666666666666666,443.38235294117646
2013,7,23,US,JFK,PHX,100.0,138.0,289.0,2153,38.0,4.816666666666666,446.9896193771626
2013,6,10,B6,JFK,CLT,111.0,138.0,88.0,541,27.0,1.4666666666666666,368.8636363636364
2013,7,1,MQ,JFK,PIT,149.0,138.0,66.0,340,-11.0,1.1,309.09090909090907
2013,8,16,B6,JFK,FLL,153.0,138.0,145.0,1069,-15.0,2.4166666666666665,442.3448275862069
2013,7,9,AA,JFK,AUS,125.0,138.0,186.0,1521,13.0,3.1,490.64516129032256
2013,8,8,B6,JFK,BUF,106.0,138.0,59.0,301,32.0,0.9833333333333333,306.10169491525426
2013,6,24,DL,JFK,AUS,-3.0,138.0,247.0,1521,141.0,4.116666666666666,369.47368421052636
2013,7,17,DL,JFK,SEA,138.0,138.0,313.0,2422,0.0,5.216666666666667,464.2811501597444
2013,6,17,9E,JFK,ORD,116.0,138.0,136.0,740,22.0,2.2666666666666666,326.47058823529414
2013,7,23,B6,JFK,SFO,83.0,138.0,363.0,2586,55.0,6.05,427.43801652892563
2013,6,18,9E,JFK,PHL,140.0,138.0,34.0,94,-2.0,0.5666666666666667,165.88235294117646
2013,6,10,DL,JFK,AUS,133.0,138.0,195.0,1521,5.0,3.25,468.0
2013,7,23,B6,JFK,TPA,120.0,138.0,140.0,1005,18.0,2.3333333333333335,430.71428571428567
2013,6,26,B6,JFK,CLT,105.0,138.0,104.0,541,33.0,1.7333333333333334,312.1153846153846
2013,8,24,9E,JFK,ROC,151.0,138.0,48.0,264,-13.0,0.8,330.0
2013,8,28,B6,JFK,MCO,132.0,138.0,118.0,944,6.0,1.9666666666666666,480.0
2013,7,22,AA,JFK,AUS,52.0,138.0,217.0,1521,86.0,3.6166666666666667,420.55299539170505
2013,7,8,DL,JFK,LAS,167.0,137.0,279.0,2248,-30.0,4.65,483.4408602150537
2013,7,22,B6,JFK,PBI,13.0,137.0,147.0,1028,124.0,2.45,419.59183673469386
2013,8,9,B6,JFK,PBI,116.0,137.0,136.0,1028,21.0,2.2666666666666666,453.5294117647059
2013,6,25,DL,JFK,MCO,156.0,137.0,125.0,944,-19.0,2.0833333333333335,453.11999999999995
2013,7,21,B6,JFK,DEN,170.0,137.0,212.0,1626,-33.0,3.533333333333333,460.188679245283
2013,7,23,B6,JFK,ABQ,119.0,137.0,253.0,1826,18.0,4.216666666666667,433.04347826086956
2013,7,8,B6,JFK,PDX,138.0,137.0,334.0,2454,-1.0,5.566666666666666,440.83832335329345
2013,8,12,AA,JFK,LAS,125.0,137.0,314.0,2248,12.0,5.233333333333333,429.5541401273885
2013,6,2,B6,JFK,IAD,119.0,137.0,50.0,228,18.0,0.8333333333333334,273.59999999999997
2013,7,1,B6,JFK,BUF,117.0,137.0,62.0,301,20.0,1.0333333333333334,291.2903225806451
2013,7,27,MQ,JFK,DCA,136.0,137.0,54.0,213,1.0,0.9,236.66666666666666
2013,6,3,US,JFK,PHX,140.0,137.0,270.0,2153,-3.0,4.5,478.44444444444446
2013,8,13,B6,JFK,SJU,104.0,137.0,232.0,1598,33.0,3.8666666666666667,413.2758620689655
2013,6,26,B6,JFK,DEN,139.0,137.0,212.0,1626,-2.0,3.533333333333333,460.188679245283
2013,7,28,DL,JFK,SAT,80.0,137.0,216.0,1587,57.0,3.6,440.8333333333333
2013,6,2,9E,JFK,CLE,110.0,137.0,76.0,425,27.0,1.2666666666666666,335.5263157894737
2013,6,2,9E,JFK,RIC,146.0,137.0,57.0,288,-9.0,0.95,303.15789473684214
2013,7,18,B6,JFK,SEA,154.0,136.0,322.0,2422,-18.0,5.366666666666666,451.304347826087
2013,8,8,B6,JFK,RDU,137.0,136.0,67.0,427,-1.0,1.1166666666666667,382.3880597014925
2013,8,9,VX,JFK,LAX,128.0,136.0,337.0,2475,8.0,5.616666666666666,440.65281899109794
2013,6,24,MQ,JFK,CMH,141.0,136.0,66.0,483,-5.0,1.1,439.09090909090907
2013,7,22,B6,JFK,LAX,57.0,136.0,337.0,2475,79.0,5.616666666666666,440.65281899109794
2013,7,1,DL,JFK,FLL,110.0,136.0,175.0,1069,26.0,2.9166666666666665,366.51428571428573
2013,6,24,B6,JFK,RSW,25.0,136.0,155.0,1074,111.0,2.5833333333333335,415.7419354838709
2013,7,1,DL,JFK,LAX,156.0,136.0,303.0,2475,-20.0,5.05,490.0990099009901
2013,7,19,B6,JFK,SJU,143.0,136.0,199.0,1598,-7.0,3.316666666666667,481.80904522613065
2013,6,25,DL,JFK,PDX,132.0,136.0,327.0,2454,4.0,5.45,450.27522935779814
2013,7,12,DL,JFK,MIA,95.0,136.0,153.0,1089,41.0,2.55,427.05882352941177
2013,7,22,B6,JFK,ROC,111.0,136.0,46.0,264,25.0,0.7666666666666667,344.3478260869565
2013,8,1,B6,JFK,LAX,137.0,136.0,318.0,2475,-1.0,5.3,466.9811320754717
2013,6,13,9E,JFK,BWI,33.0,136.0,39.0,184,103.0,0.65,283.0769230769231
2013,8,13,B6,JFK,SJU,129.0,136.0,209.0,1598,7.0,3.4833333333333334,458.755980861244
2013,8,28,US,JFK,PHX,124.0,136.0,273.0,2153,12.0,4.55,473.1868131868132
2013,7,8,9E,JFK,RDU,159.0,136.0,64.0,427,-23.0,1.0666666666666667,400.3125
2013,7,23,B6,JFK,ROC,135.0,136.0,48.0,264,1.0,0.8,330.0
2013,8,22,EV,JFK,IAD,132.0,136.0,48.0,228,4.0,0.8,285.0
2013,6,25,AA,JFK,SFO,140.0,136.0,348.0,2586,-4.0,5.8,445.86206896551727
2013,6,27,DL,JFK,FLL,131.0,136.0,140.0,1069,5.0,2.3333333333333335,458.1428571428571
2013,8,25,B6,JFK,SJU,156.0,135.0,195.0,1598,-21.0,3.25,491.6923076923077
2013,6,27,UA,JFK,LAX,37.0,135.0,312.0,2475,98.0,5.2,475.96153846153845
2013,7,22,B6,JFK,ROC,69.0,135.0,49.0,264,66.0,0.8166666666666667,323.265306122449
2013,8,8,DL,JFK,DEN,104.0,135.0,248.0,1626,31.0,4.133333333333334,393.3870967741935
2013,7,1,B6,JFK,ORD,127.0,135.0,114.0,740,8.0,1.9,389.47368421052636
2013,7,22,B6,JFK,SJU,116.0,135.0,191.0,1598,19.0,3.183333333333333,501.98952879581157
2013,8,8,DL,JFK,SAT,160.0,135.0,200.0,1587,-25.0,3.3333333333333335,476.09999999999997
2013,6,27,B6,JFK,LAS,66.0,135.0,286.0,2248,69.0,4.766666666666667,471.6083916083916
2013,7,24,US,JFK,CLT,123.0,135.0,85.0,541,12.0,1.4166666666666667,381.88235294117646
2013,6,8,MQ,JFK,RDU,121.0,135.0,76.0,427,14.0,1.2666666666666666,337.10526315789474
2013,6,21,AA,JFK,MIA,140.0,135.0,144.0,1089,-5.0,2.4,453.75
2013,7,7,DL,JFK,FLL,69.0,135.0,140.0,1069,66.0,2.3333333333333335,458.1428571428571
2013,6,30,B6,JFK,IAD,97.0,135.0,77.0,228,38.0,1.2833333333333334,177.66233766233765
2013,7,11,B6,JFK,MCO,138.0,135.0,133.0,944,-3.0,2.216666666666667,425.8646616541353
2013,6,30,B6,JFK,FLL,127.0,135.0,149.0,1069,8.0,2.4833333333333334,430.4697986577181
2013,6,29,9E,JFK,BOS,158.0,135.0,42.0,187,-23.0,0.7,267.14285714285717
2013,7,11,B6,JFK,AUS,143.0,135.0,198.0,1521,-8.0,3.3,460.90909090909093
2013,7,17,B6,JFK,FLL,151.0,135.0,137.0,1069,-16.0,2.283333333333333,468.17518248175185
2013,8,8,B6,JFK,CLT,113.0,135.0,94.0,541,22.0,1.5666666666666667,345.3191489361702
2013,6,26,UA,JFK,LAX,108.0,135.0,326.0,2475,27.0,5.433333333333334,455.52147239263803
2013,6,12,B6,JFK,ORD,75.0,135.0,182.0,740,60.0,3.033333333333333,243.95604395604397
2013,7,10,AA,JFK,MCO,34.0,135.0,122.0,944,101.0,2.033333333333333,464.26229508196724
2013,7,5,B6,JFK,RSW,151.0,135.0,149.0,1074,-16.0,2.4833333333333334,432.48322147651004
2013,8,14,DL,JFK,LAX,97.0,135.0,342.0,2475,38.0,5.7,434.2105263157895
2013,8,13,MQ,JFK,CMH,103.0,134.0,74.0,483,31.0,1.2333333333333334,391.6216216216216
2013,6,26,B6,JFK,TPA,76.0,134.0,181.0,1005,58.0,3.0166666666666666,333.1491712707182
2013,7,20,AA,JFK,BOS,111.0,134.0,42.0,187,23.0,0.7,267.14285714285717
2013,6,27,B6,JFK,BQN,142.0,134.0,194.0,1576,-8.0,3.2333333333333334,487.4226804123711
2013,6,26,B6,JFK,PHX,110.0,134.0,275.0,2153,24.0,4.583333333333333,469.74545454545455
2013,8,28,9E,JFK,ORD,144.0,134.0,123.0,740,-10.0,2.05,360.9756097560976
2013,6,30,AA,JFK,DFW,150.0,134.0,187.0,1391,-16.0,3.1166666666666667,446.3101604278075
2013,6,24,B6,JFK,SEA,152.0,134.0,313.0,2422,-18.0,5.216666666666667,464.2811501597444
2013,6,17,AA,JFK,SAN,92.0,134.0,335.0,2446,42.0,5.583333333333333,438.089552238806
2013,6,7,9E,JFK,ORD,132.0,134.0,117.0,740,2.0,1.95,379.4871794871795
2013,7,10,B6,JFK,BTV,103.0,134.0,68.0,266,31.0,1.1333333333333333,234.7058823529412
2013,7,7,MQ,JFK,DCA,126.0,134.0,46.0,213,8.0,0.7666666666666667,277.8260869565217
2013,6,7,9E,JFK,BWI,86.0,134.0,44.0,184,48.0,0.7333333333333333,250.90909090909093
2013,6,18,DL,JFK,SAT,159.0,134.0,222.0,1587,-25.0,3.7,428.9189189189189
2013,7,8,9E,JFK,BOS,157.0,134.0,43.0,187,-23.0,0.7166666666666667,260.93023255813955
2013,6,3,9E,JFK,CLE,136.0,134.0,77.0,425,-2.0,1.2833333333333334,331.16883116883116
2013,6,13,HA,JFK,HNL,113.0,134.0,634.0,4983,21.0,10.566666666666666,471.5772870662461
2013,6,11,B6,JFK,BOS,92.0,133.0,46.0,187,41.0,0.7666666666666667,243.91304347826085
2013,8,13,B6,JFK,PBI,117.0,133.0,157.0,1028,16.0,2.6166666666666667,392.86624203821657
2013,8,13,B6,JFK,PBI,102.0,133.0,151.0,1028,31.0,2.5166666666666666,408.47682119205297
2013,8,28,B6,JFK,BUF,129.0,133.0,57.0,301,4.0,0.95,316.8421052631579
2013,6,10,VX,JFK,SFO,101.0,133.0,367.0,2586,32.0,6.116666666666666,422.77929155313353
2013,8,3,B6,JFK,BTV,133.0,133.0,45.0,266,0.0,0.75,354.6666666666667
2013,6,8,AA,JFK,SFO,166.0,133.0,340.0,2586,-33.0,5.666666666666667,456.35294117647055
2013,8,3,MQ,JFK,DCA,155.0,133.0,42.0,213,-22.0,0.7,304.2857142857143
2013,8,9,DL,JFK,SFO,66.0,133.0,398.0,2586,67.0,6.633333333333334,389.84924623115575
2013,6,27,B6,JFK,CHS,100.0,133.0,108.0,636,33.0,1.8,353.3333333333333
2013,6,24,B6,JFK,PWM,150.0,133.0,47.0,273,-17.0,0.7833333333333333,348.51063829787233
2013,6,28,B6,JFK,RSW,112.0,133.0,151.0,1074,21.0,2.5166666666666666,426.75496688741725
2013,7,23,B6,JFK,BOS,111.0,133.0,62.0,187,22.0,1.0333333333333334,180.96774193548384
2013,7,11,B6,JFK,RDU,130.0,133.0,69.0,427,3.0,1.15,371.304347826087
2013,6,18,VX,JFK,LAX,127.0,133.0,343.0,2475,6.0,5.716666666666667,432.94460641399417
2013,8,22,AA,JFK,LAX,177.0,133.0,303.0,2475,-44.0,5.05,490.0990099009901
2013,7,21,UA,JFK,SFO,132.0,133.0,339.0,2586,1.0,5.65,457.6991150442478
2013,6,13,VX,JFK,SFO,86.0,133.0,363.0,2586,47.0,6.05,427.43801652892563
2013,7,7,AA,JFK,SAN,75.0,133.0,325.0,2446,58.0,5.416666666666667,451.5692307692307
2013,8,30,AA,JFK,ORD,93.0,133.0,126.0,740,40.0,2.1,352.38095238095235
2013,7,8,MQ,JFK,CMH,130.0,133.0,85.0,483,3.0,1.4166666666666667,340.94117647058823
2013,6,17,DL,JFK,ATL,78.0,133.0,119.0,760,55.0,1.9833333333333334,383.1932773109244
2013,8,8,MQ,JFK,DCA,123.0,133.0,48.0,213,10.0,0.8,266.25
2013,7,23,B6,JFK,FLL,136.0,132.0,143.0,1069,-4.0,2.3833333333333333,448.53146853146853
2013,7,24,MQ,JFK,RDU,91.0,132.0,88.0,427,41.0,1.4666666666666666,291.1363636363637
2013,7,1,DL,JFK,BOS,146.0,132.0,36.0,187,-14.0,0.6,311.6666666666667
2013,6,23,DL,JFK,SEA,94.0,132.0,321.0,2422,38.0,5.35,452.7102803738318
2013,7,13,9E,JFK,ORD,88.0,132.0,107.0,740,44.0,1.7833333333333334,414.95327102803736
2013,7,7,B6,JFK,IAD,-9.0,132.0,78.0,228,141.0,1.3,175.3846153846154
2013,6,14,AA,JFK,LAX,-2.0,132.0,334.0,2475,134.0,5.566666666666666,444.6107784431138
2013,8,1,B6,JFK,LAS,123.0,132.0,301.0,2248,9.0,5.016666666666667,448.10631229235884
2013,6,28,B6,JFK,BOS,153.0,132.0,39.0,187,-21.0,0.65,287.6923076923077
2013,6,9,9E,JFK,ORD,136.0,132.0,112.0,740,-4.0,1.8666666666666667,396.42857142857144
2013,6,29,B6,JFK,ORD,147.0,132.0,115.0,740,-15.0,1.9166666666666667,386.0869565217391
2013,6,11,9E,JFK,CVG,175.0,132.0,84.0,589,-43.0,1.4,420.7142857142857
2013,6,13,MQ,JFK,CMH,117.0,132.0,75.0,483,15.0,1.25,386.4
2013,8,8,B6,JFK,SAN,109.0,132.0,317.0,2446,23.0,5.283333333333333,462.9652996845426
2013,6,24,B6,JFK,BUR,132.0,132.0,317.0,2465,0.0,5.283333333333333,466.5615141955836
2013,7,28,B6,JFK,SFO,52.0,132.0,351.0,2586,80.0,5.85,442.0512820512821
2013,7,21,9E,JFK,ORD,144.0,132.0,118.0,740,-12.0,1.9666666666666666,376.271186440678
2013,8,28,9E,JFK,PIT,130.0,132.0,51.0,340,2.0,0.85,400.0
2013,7,22,B6,JFK,LAX,-2.0,132.0,332.0,2475,134.0,5.533333333333333,447.28915662650604
2013,7,11,B6,JFK,JAX,137.0,132.0,121.0,828,-5.0,2.0166666666666666,410.57851239669424
2013,7,2,B6,JFK,BUF,142.0,131.0,53.0,301,-11.0,0.8833333333333333,340.7547169811321
2013,6,26,9E,JFK,DCA,147.0,131.0,43.0,213,-16.0,0.7166666666666667,297.2093023255814
2013,7,19,9E,JFK,CVG,145.0,131.0,91.0,589,-14.0,1.5166666666666666,388.35164835164835
2013,7,25,9E,JFK,CVG,157.0,131.0,88.0,589,-26.0,1.4666666666666666,401.5909090909091
2013,7,9,9E,JFK,MSP,104.0,131.0,167.0,1029,27.0,2.783333333333333,369.70059880239523
2013,6,30,UA,JFK,SFO,94.0,131.0,338.0,2586,37.0,5.633333333333334,459.0532544378698
2013,8,22,9E,JFK,PHL,147.0,131.0,30.0,94,-16.0,0.5,188.0
2013,7,22,DL,JFK,PDX,20.0,131.0,342.0,2454,111.0,5.7,430.5263157894737
2013,6,2,AA,JFK,SFO,132.0,131.0,353.0,2586,-1.0,5.883333333333334,439.5467422096317
2013,8,4,MQ,JFK,DCA,115.0,131.0,46.0,213,16.0,0.7666666666666667,277.8260869565217
2013,7,10,MQ,JFK,DCA,123.0,131.0,49.0,213,8.0,0.8166666666666667,260.81632653061223
2013,8,30,AA,JFK,BOS,126.0,131.0,42.0,187,5.0,0.7,267.14285714285717
2013,6,24,MQ,JFK,CLE,62.0,131.0,73.0,425,69.0,1.2166666666666666,349.3150684931507
2013,7,23,B6,JFK,BTV,145.0,131.0,44.0,266,-14.0,0.7333333333333333,362.72727272727275
2013,6,13,AA,JFK,AUS,71.0,131.0,207.0,1521,60.0,3.45,440.86956521739125
2013,7,11,B6,JFK,SJU,129.0,131.0,200.0,1598,2.0,3.3333333333333335,479.4
2013,6,10,VX,JFK,SFO,79.0,131.0,355.0,2586,52.0,5.916666666666667,437.07042253521126
2013,6,26,B6,JFK,BTV,110.0,130.0,48.0,266,20.0,0.8,332.5
2013,7,2,B6,JFK,ACK,138.0,130.0,41.0,199,-8.0,0.6833333333333333,291.2195121951219
2013,7,28,B6,JFK,PHX,14.0,130.0,295.0,2153,116.0,4.916666666666667,437.89830508474574
2013,6,2,9E,JFK,CVG,148.0,130.0,92.0,589,-18.0,1.5333333333333334,384.1304347826087
2013,7,9,AA,JFK,IAH,122.0,130.0,174.0,1417,8.0,2.9,488.62068965517244
2013,8,15,B6,JFK,ROC,122.0,130.0,54.0,264,8.0,0.9,293.3333333333333
2013,6,24,AA,JFK,LAX,120.0,130.0,333.0,2475,10.0,5.55,445.94594594594594
2013,7,17,DL,JFK,SEA,120.0,130.0,314.0,2422,10.0,5.233333333333333,462.80254777070064
2013,6,30,B6,JFK,MCO,147.0,130.0,141.0,944,-17.0,2.35,401.70212765957444
2013,8,1,9E,JFK,DCA,149.0,130.0,42.0,213,-19.0,0.7,304.2857142857143
2013,6,20,B6,JFK,MCO,156.0,130.0,118.0,944,-26.0,1.9666666666666666,480.0
2013,6,13,AA,JFK,IAH,66.0,130.0,195.0,1417,64.0,3.25,436.0
2013,7,1,B6,JFK,MCO,78.0,129.0,144.0,944,51.0,2.4,393.33333333333337
2013,7,27,9E,JFK,CLT,134.0,129.0,88.0,541,-5.0,1.4666666666666666,368.8636363636364
2013,6,25,B6,JFK,BUF,142.0,129.0,56.0,301,-13.0,0.9333333333333333,322.5
2013,7,28,B6,JFK,SJU,79.0,129.0,208.0,1598,50.0,3.466666666666667,460.96153846153845
2013,8,14,B6,JFK,MCO,125.0,129.0,137.0,944,4.0,2.283333333333333,413.43065693430657
2013,7,28,B6,JFK,JAX,79.0,129.0,120.0,828,50.0,2.0,414.0
2013,7,1,9E,JFK,BWI,110.0,129.0,41.0,184,19.0,0.6833333333333333,269.2682926829268
2013,7,10,B6,JFK,MSY,114.0,129.0,155.0,1182,15.0,2.5833333333333335,457.54838709677415
2013,7,1,B6,JFK,BUF,145.0,129.0,56.0,301,-16.0,0.9333333333333333,322.5
2013,7,28,AA,JFK,LAX,74.0,129.0,347.0,2475,55.0,5.783333333333333,427.95389048991353
2013,8,30,DL,JFK,LAS,160.0,129.0,279.0,2248,-31.0,4.65,483.4408602150537
2013,6,13,B6,JFK,TPA,135.0,129.0,138.0,1005,-6.0,2.3,436.9565217391305
2013,8,22,AA,JFK,IAH,141.0,129.0,182.0,1417,-12.0,3.033333333333333,467.14285714285717
2013,7,19,B6,JFK,MCO,121.0,129.0,128.0,944,8.0,2.1333333333333333,442.5
2013,7,19,B6,JFK,PBI,131.0,129.0,132.0,1028,-2.0,2.2,467.27272727272725
2013,7,28,B6,JFK,OAK,-1.0,129.0,353.0,2576,130.0,5.883333333333334,437.8470254957507
2013,6,24,UA,JFK,LAX,157.0,129.0,295.0,2475,-28.0,4.916666666666667,503.3898305084746
2013,6,26,B6,JFK,SJU,102.0,129.0,197.0,1598,27.0,3.283333333333333,486.7005076142132
2013,7,2,B6,JFK,MCO,134.0,129.0,140.0,944,-5.0,2.3333333333333335,404.57142857142856
2013,7,10,B6,JFK,TPA,105.0,129.0,134.0,1005,24.0,2.2333333333333334,450.0
2013,7,26,AA,JFK,LAX,134.0,129.0,317.0,2475,-5.0,5.283333333333333,468.45425867507885
2013,6,13,B6,JFK,BUF,108.0,129.0,60.0,301,21.0,1.0,301.0
2013,6,26,B6,JFK,SFO,126.0,129.0,327.0,2586,3.0,5.45,474.4954128440367
2013,6,13,DL,JFK,SLC,99.0,129.0,280.0,1990,30.0,4.666666666666667,426.4285714285714
2013,7,1,B6,JFK,SYR,141.0,128.0,44.0,209,-13.0,0.7333333333333333,285.0
2013,6,17,9E,JFK,DFW,95.0,128.0,207.0,1391,33.0,3.45,403.18840579710144
2013,6,1,9E,JFK,CLE,164.0,128.0,74.0,425,-36.0,1.2333333333333334,344.5945945945946
2013,7,17,DL,JFK,ATL,58.0,128.0,149.0,760,70.0,2.4833333333333334,306.0402684563758
2013,6,7,DL,JFK,TPA,77.0,128.0,141.0,1005,51.0,2.35,427.6595744680851
2013,7,12,9E,JFK,PHL,89.0,128.0,45.0,94,39.0,0.75,125.33333333333333
2013,6,27,DL,JFK,LAS,36.0,128.0,281.0,2248,92.0,4.683333333333334,480.0
2013,7,22,B6,JFK,BUF,97.0,128.0,52.0,301,31.0,0.8666666666666667,347.3076923076923
2013,6,13,B6,JFK,OAK,61.0,128.0,377.0,2576,67.0,6.283333333333333,409.973474801061
2013,6,7,B6,JFK,PDX,39.0,128.0,329.0,2454,89.0,5.483333333333333,447.53799392097267
2013,7,10,AA,JFK,MIA,15.0,128.0,147.0,1089,113.0,2.45,444.4897959183673
2013,6,26,B6,JFK,PWM,120.0,128.0,46.0,273,8.0,0.7666666666666667,356.0869565217391
2013,7,29,B6,JFK,FLL,152.0,128.0,146.0,1069,-24.0,2.433333333333333,439.3150684931507
2013,8,28,AA,JFK,BOS,129.0,128.0,41.0,187,-1.0,0.6833333333333333,273.6585365853658
2013,8,5,AA,JFK,LAX,171.0,128.0,302.0,2475,-43.0,5.033333333333333,491.72185430463577
2013,7,23,9E,JFK,DCA,162.0,128.0,42.0,213,-34.0,0.7,304.2857142857143
2013,7,23,B6,JFK,BUF,128.0,128.0,56.0,301,0.0,0.9333333333333333,322.5
2013,6,26,9E,JFK,BOS,148.0,128.0,34.0,187,-20.0,0.5666666666666667,330.0
2013,8,22,9E,JFK,CLE,140.0,128.0,71.0,425,-12.0,1.1833333333333333,359.15492957746477
2013,7,25,B6,JFK,MSY,148.0,128.0,151.0,1182,-20.0,2.5166666666666666,469.66887417218544
2013,7,30,B6,JFK,SFO,142.0,128.0,352.0,2586,-14.0,5.866666666666666,440.79545454545456
2013,8,1,B6,JFK,LAX,119.0,127.0,328.0,2475,8.0,5.466666666666667,452.7439024390244
2013,8,8,AA,JFK,SFO,61.0,127.0,392.0,2586,66.0,6.533333333333333,395.81632653061223
2013,6,27,MQ,JFK,BWI,89.0,127.0,52.0,184,38.0,0.8666666666666667,212.3076923076923
2013,6,24,B6,JFK,SJU,131.0,127.0,201.0,1598,-4.0,3.35,477.0149253731343
2013,6,19,DL,JFK,SFO,133.0,127.0,356.0,2586,-6.0,5.933333333333334,435.8426966292135
2013,7,11,B6,JFK,FLL,133.0,127.0,162.0,1069,-6.0,2.7,395.9259259259259
2013,7,9,9E,JFK,DTW,79.0,127.0,87.0,509,48.0,1.45,351.0344827586207
2013,7,8,B6,JFK,OAK,156.0,127.0,330.0,2576,-29.0,5.5,468.3636363636364
2013,7,10,B6,JFK,AUS,91.0,127.0,190.0,1521,36.0,3.1666666666666665,480.3157894736842
2013,6,28,B6,JFK,MSY,141.0,127.0,164.0,1182,-14.0,2.7333333333333334,432.4390243902439
2013,8,11,DL,JFK,LAX,107.0,127.0,338.0,2475,20.0,5.633333333333334,439.34911242603545
2013,8,2,B6,JFK,TPA,96.0,127.0,133.0,1005,31.0,2.216666666666667,453.38345864661653
2013,7,18,B6,JFK,TPA,139.0,127.0,129.0,1005,-12.0,2.15,467.4418604651163
2013,8,1,AA,JFK,LAS,139.0,127.0,307.0,2248,-12.0,5.116666666666666,439.3485342019544
2013,7,26,B6,JFK,BUF,139.0,127.0,55.0,301,-12.0,0.9166666666666666,328.3636363636364
2013,7,27,VX,JFK,SFO,138.0,127.0,352.0,2586,-11.0,5.866666666666666,440.79545454545456
2013,6,25,9E,JFK,PIT,135.0,127.0,68.0,340,-8.0,1.1333333333333333,300.0
2013,7,10,B6,JFK,BUF,82.0,127.0,60.0,301,45.0,1.0,301.0
2013,7,16,DL,JFK,ATL,111.0,127.0,98.0,760,16.0,1.6333333333333333,465.3061224489796
2013,6,27,B6,JFK,PWM,137.0,127.0,42.0,273,-10.0,0.7,390.0
2013,6,30,UA,JFK,SFO,74.0,127.0,374.0,2586,53.0,6.233333333333333,414.8663101604278
2013,6,30,B6,JFK,BOS,136.0,127.0,39.0,187,-9.0,0.65,287.6923076923077
2013,6,30,DL,JFK,BOS,127.0,127.0,41.0,187,0.0,0.6833333333333333,273.6585365853658
2013,8,2,B6,JFK,LGB,103.0,127.0,342.0,2465,24.0,5.7,432.4561403508772
2013,6,14,MQ,JFK,BNA,15.0,127.0,117.0,765,112.0,1.95,392.3076923076923
2013,7,7,B6,JFK,DEN,105.0,127.0,223.0,1626,22.0,3.716666666666667,437.48878923766813
2013,8,13,MQ,JFK,DCA,68.0,127.0,59.0,213,59.0,0.9833333333333333,216.61016949152543
2013,6,25,9E,JFK,CLE,76.0,127.0,80.0,425,51.0,1.3333333333333333,318.75
2013,8,11,B6,JFK,LGB,114.0,127.0,335.0,2465,13.0,5.583333333333333,441.4925373134329
2013,8,8,B6,JFK,BQN,134.0,126.0,190.0,1576,-8.0,3.1666666666666665,497.68421052631584
2013,8,8,B6,JFK,PWM,136.0,126.0,45.0,273,-10.0,0.75,364.0
2013,7,10,B6,JFK,ABQ,18.0,126.0,241.0,1826,108.0,4.016666666666667,454.6058091286307
2013,6,12,B6,JFK,SAN,115.0,126.0,311.0,2446,11.0,5.183333333333334,471.89710610932474
2013,7,28,US,JFK,PHX,56.0,126.0,287.0,2153,70.0,4.783333333333333,450.10452961672473
2013,7,12,B6,JFK,FLL,126.0,126.0,146.0,1069,0.0,2.433333333333333,439.3150684931507
2013,6,27,B6,JFK,CLT,5.0,126.0,117.0,541,121.0,1.95,277.43589743589746
2013,7,7,DL,JFK,ATL,56.0,126.0,112.0,760,70.0,1.8666666666666667,407.1428571428571
2013,6,27,B6,JFK,BTV,106.0,126.0,49.0,266,20.0,0.8166666666666667,325.7142857142857
2013,7,31,DL,JFK,MIA,144.0,126.0,144.0,1089,-18.0,2.4,453.75
2013,8,8,B6,JFK,LAS,76.0,126.0,294.0,2248,50.0,4.9,458.7755102040816
2013,6,10,B6,JFK,BOS,121.0,126.0,33.0,187,5.0,0.55,340.0
2013,7,10,B6,JFK,SYR,141.0,126.0,39.0,209,-15.0,0.65,321.53846153846155
2013,6,2,DL,JFK,ATL,135.0,126.0,108.0,760,-9.0,1.8,422.22222222222223
2013,7,23,B6,JFK,DEN,114.0,126.0,215.0,1626,12.0,3.5833333333333335,453.7674418604651
2013,6,13,B6,JFK,MCO,45.0,126.0,143.0,944,81.0,2.3833333333333333,396.0839160839161
2013,6,27,B6,JFK,SJU,138.0,126.0,192.0,1598,-12.0,3.2,499.375
2013,6,10,MQ,JFK,CMH,120.0,126.0,75.0,483,6.0,1.25,386.4
2013,8,22,9E,JFK,BWI,142.0,126.0,33.0,184,-16.0,0.55,334.5454545454545
2013,6,28,B6,JFK,PDX,150.0,126.0,317.0,2454,-24.0,5.283333333333333,464.4794952681388
2013,6,13,DL,JFK,ATL,128.0,125.0,109.0,760,-3.0,1.8166666666666667,418.348623853211
2013,6,30,9E,JFK,ORD,144.0,125.0,111.0,740,-19.0,1.85,400.0
2013,7,31,9E,JFK,DTW,136.0,125.0,77.0,509,-11.0,1.2833333333333334,396.6233766233766
2013,7,9,MQ,JFK,BWI,115.0,125.0,38.0,184,10.0,0.6333333333333333,290.5263157894737
2013,8,12,MQ,JFK,IND,123.0,125.0,105.0,665,2.0,1.75,380.0
2013,6,24,DL,JFK,BOS,140.0,125.0,44.0,187,-15.0,0.7333333333333333,255.00000000000003
2013,8,26,9E,JFK,DTW,157.0,125.0,90.0,509,-32.0,1.5,339.3333333333333
2013,8,31,DL,JFK,SLC,135.0,125.0,273.0,1990,-10.0,4.55,437.3626373626374
2013,6,28,B6,JFK,ORD,159.0,125.0,105.0,740,-34.0,1.75,422.85714285714283
2013,7,12,EV,JFK,IAD,128.0,125.0,41.0,228,-3.0,0.6833333333333333,333.6585365853658
2013,7,9,AA,JFK,BOS,125.0,125.0,37.0,187,0.0,0.6166666666666667,303.2432432432432
2013,8,18,B6,JFK,TPA,135.0,125.0,135.0,1005,-10.0,2.25,446.6666666666667
2013,6,11,B6,JFK,ORD,135.0,125.0,119.0,740,-10.0,1.9833333333333334,373.109243697479
2013,6,30,B6,JFK,BQN,138.0,125.0,194.0,1576,-13.0,3.2333333333333334,487.4226804123711
2013,8,8,B6,JFK,SJU,54.0,125.0,196.0,1598,71.0,3.2666666666666666,489.18367346938777
2013,7,23,B6,JFK,LAS,104.0,125.0,305.0,2248,21.0,5.083333333333333,442.2295081967213
2013,6,13,AA,JFK,SAN,67.0,125.0,320.0,2446,58.0,5.333333333333333,458.625
2013,7,23,B6,JFK,IAD,115.0,125.0,46.0,228,10.0,0.7666666666666667,297.39130434782606
2013,6,2,B6,JFK,TPA,136.0,125.0,138.0,1005,-11.0,2.3,436.9565217391305
2013,8,8,9E,JFK,IAD,79.0,125.0,67.0,228,46.0,1.1166666666666667,204.17910447761193
2013,8,25,HA,JFK,HNL,134.0,125.0,609.0,4983,-9.0,10.15,490.935960591133
2013,6,18,B6,JFK,MCO,54.0,125.0,138.0,944,71.0,2.3,410.4347826086957
2013,6,2,DL,JFK,FLL,139.0,125.0,138.0,1069,-14.0,2.3,464.7826086956522
2013,8,8,B6,JFK,IAD,73.0,124.0,71.0,228,51.0,1.1833333333333333,192.67605633802816
2013,6,22,B6,JFK,IAD,138.0,124.0,45.0,228,-14.0,0.75,304.0
2013,6,11,9E,JFK,JAX,152.0,124.0,101.0,828,-28.0,1.6833333333333333,491.88118811881185
2013,7,23,DL,JFK,SAT,136.0,124.0,200.0,1587,-12.0,3.3333333333333335,476.09999999999997
2013,7,16,DL,JFK,BOS,149.0,124.0,32.0,187,-25.0,0.5333333333333333,350.625
2013,8,8,B6,JFK,MCO,121.0,124.0,120.0,944,3.0,2.0,472.0
2013,7,7,AA,JFK,LAX,112.0,124.0,309.0,2475,12.0,5.15,480.58252427184465
2013,6,28,B6,JFK,MCO,102.0,124.0,135.0,944,22.0,2.25,419.55555555555554
2013,8,12,9E,JFK,CLE,132.0,124.0,78.0,425,-8.0,1.3,326.9230769230769
2013,7,2,B6,JFK,PBI,100.0,124.0,143.0,1028,24.0,2.3833333333333333,431.32867132867136
2013,6,24,AA,JFK,SEA,127.0,124.0,322.0,2422,-3.0,5.366666666666666,451.304347826087
2013,8,1,9E,JFK,CVG,144.0,124.0,86.0,589,-20.0,1.4333333333333333,410.93023255813955
2013,8,28,B6,JFK,FLL,129.0,124.0,132.0,1069,-5.0,2.2,485.9090909090909
2013,7,9,AA,JFK,MIA,98.0,124.0,152.0,1089,26.0,2.533333333333333,429.8684210526316
2013,7,9,9E,JFK,MSY,165.0,124.0,148.0,1182,-41.0,2.466666666666667,479.18918918918916
2013,6,28,B6,JFK,SFO,149.0,124.0,342.0,2586,-25.0,5.7,453.6842105263158
2013,8,28,9E,JFK,IAD,136.0,124.0,46.0,228,-12.0,0.7666666666666667,297.39130434782606
2013,6,18,VX,JFK,LAX,103.0,124.0,342.0,2475,21.0,5.7,434.2105263157895
2013,7,8,B6,JFK,BUF,128.0,124.0,56.0,301,-4.0,0.9333333333333333,322.5
2013,7,21,DL,JFK,LAS,136.0,124.0,295.0,2248,-12.0,4.916666666666667,457.2203389830508
2013,6,7,DL,JFK,MCO,57.0,123.0,136.0,944,66.0,2.2666666666666666,416.47058823529414
2013,8,17,B6,JFK,BQN,95.0,123.0,223.0,1576,28.0,3.716666666666667,424.03587443946185
2013,7,19,B6,JFK,AUS,129.0,123.0,185.0,1521,-6.0,3.0833333333333335,493.2972972972973
2013,6,27,DL,JFK,DTW,54.0,123.0,142.0,509,69.0,2.3666666666666667,215.07042253521126
2013,8,9,DL,JFK,LAS,40.0,123.0,299.0,2248,83.0,4.983333333333333,451.10367892976586
2013,6,12,DL,JFK,MIA,87.0,123.0,166.0,1089,36.0,2.7666666666666666,393.6144578313253
2013,8,1,US,JFK,CLT,17.0,123.0,91.0,541,106.0,1.5166666666666666,356.7032967032967
2013,7,22,B6,JFK,LAX,82.0,123.0,317.0,2475,41.0,5.283333333333333,468.45425867507885
2013,6,30,AA,JFK,BOS,117.0,123.0,37.0,187,6.0,0.6166666666666667,303.2432432432432
2013,6,30,AA,JFK,SFO,97.0,123.0,341.0,2586,26.0,5.683333333333334,455.0146627565982
2013,6,27,DL,JFK,ATL,78.0,123.0,141.0,760,45.0,2.35,323.40425531914894
2013,6,24,B6,JFK,LGB,92.0,123.0,331.0,2465,31.0,5.516666666666667,446.82779456193356
2013,6,17,B6,JFK,MCO,73.0,123.0,138.0,944,50.0,2.3,410.4347826086957
2013,7,10,MQ,JFK,DCA,123.0,123.0,43.0,213,0.0,0.7166666666666667,297.2093023255814
2013,7,12,9E,JFK,MCI,120.0,123.0,143.0,1113,3.0,2.3833333333333333,466.993006993007
2013,6,25,B6,JFK,FLL,86.0,123.0,146.0,1069,37.0,2.433333333333333,439.3150684931507
2013,8,13,B6,JFK,BUF,116.0,123.0,55.0,301,7.0,0.9166666666666666,328.3636363636364
2013,7,23,B6,JFK,FLL,100.0,123.0,135.0,1069,23.0,2.25,475.1111111111111
2013,8,9,B6,JFK,ORD,93.0,123.0,116.0,740,30.0,1.9333333333333333,382.7586206896552
2013,7,6,B6,JFK,TPA,98.0,123.0,130.0,1005,25.0,2.1666666666666665,463.84615384615387
2013,7,25,9E,JFK,DCA,124.0,123.0,37.0,213,-1.0,0.6166666666666667,345.40540540540536
2013,8,5,AA,JFK,AUS,144.0,122.0,198.0,1521,-22.0,3.3,460.90909090909093
2013,7,1,B6,JFK,FLL,139.0,122.0,144.0,1069,-17.0,2.4,445.4166666666667
2013,7,18,AA,JFK,SJU,51.0,122.0,268.0,1598,71.0,4.466666666666667,357.76119402985074
2013,7,23,MQ,JFK,CLE,8.0,122.0,82.0,425,114.0,1.3666666666666667,310.9756097560975
2013,7,23,9E,JFK,PHL,11.0,122.0,36.0,94,111.0,0.6,156.66666666666669
2013,7,19,DL,JFK,ATL,114.0,122.0,120.0,760,8.0,2.0,380.0
2013,6,30,AA,JFK,SFO,116.0,122.0,352.0,2586,6.0,5.866666666666666,440.79545454545456
2013,6,30,MQ,JFK,CVG,93.0,122.0,96.0,589,29.0,1.6,368.125
2013,6,8,EV,JFK,IAD,134.0,122.0,43.0,228,-12.0,0.7166666666666667,318.13953488372096
2013,8,8,AA,JFK,SEA,91.0,122.0,352.0,2422,31.0,5.866666666666666,412.8409090909091
2013,7,5,B6,JFK,AUS,127.0,122.0,200.0,1521,-5.0,3.3333333333333335,456.29999999999995
2013,6,23,DL,JFK,ATL,70.0,122.0,102.0,760,52.0,1.7,447.05882352941177
2013,6,23,B6,JFK,LAS,77.0,122.0,299.0,2248,45.0,4.983333333333333,451.10367892976586
2013,6,25,9E,JFK,CVG,99.0,122.0,103.0,589,23.0,1.7166666666666666,343.1067961165049
2013,8,22,B6,JFK,RDU,139.0,122.0,62.0,427,-17.0,1.0333333333333334,413.22580645161287
2013,6,3,B6,JFK,MCO,130.0,122.0,135.0,944,-8.0,2.25,419.55555555555554
2013,7,1,B6,JFK,LAX,135.0,122.0,304.0,2475,-13.0,5.066666666666666,488.4868421052632
2013,6,24,B6,JFK,ACK,100.0,122.0,48.0,199,22.0,0.8,248.75
2013,7,12,DL,JFK,ATL,64.0,122.0,113.0,760,58.0,1.8833333333333333,403.53982300884957
2013,6,17,DL,JFK,MCO,25.0,122.0,158.0,944,97.0,2.6333333333333333,358.4810126582278
2013,8,1,B6,JFK,FLL,125.0,122.0,146.0,1069,-3.0,2.433333333333333,439.3150684931507
2013,7,2,MQ,JFK,RDU,114.0,122.0,75.0,427,8.0,1.25,341.6
2013,7,8,B6,JFK,PWM,139.0,121.0,47.0,273,-18.0,0.7833333333333333,348.51063829787233
2013,6,13,B6,JFK,BTV,117.0,121.0,48.0,266,4.0,0.8,332.5
2013,6,13,B6,JFK,FLL,61.0,121.0,172.0,1069,60.0,2.8666666666666667,372.90697674418607
2013,6,2,9E,JFK,MSP,143.0,121.0,154.0,1029,-22.0,2.566666666666667,400.9090909090909
2013,6,25,B6,JFK,TPA,115.0,121.0,130.0,1005,6.0,2.1666666666666665,463.84615384615387
2013,6,30,B6,JFK,PWM,107.0,121.0,45.0,273,14.0,0.75,364.0
2013,6,13,B6,JFK,MCO,59.0,121.0,149.0,944,62.0,2.4833333333333334,380.13422818791946
2013,7,20,DL,JFK,ATL,93.0,121.0,102.0,760,28.0,1.7,447.05882352941177
2013,6,27,MQ,JFK,CMH,34.0,121.0,76.0,483,87.0,1.2666666666666666,381.3157894736842
2013,6,25,DL,JFK,FLL,118.0,121.0,143.0,1069,3.0,2.3833333333333333,448.53146853146853
2013,6,18,B6,JFK,BOS,146.0,121.0,38.0,187,-25.0,0.6333333333333333,295.2631578947369
2013,6,2,DL,JFK,MIA,122.0,121.0,143.0,1089,-1.0,2.3833333333333333,456.9230769230769
2013,6,5,DL,JFK,ATL,45.0,121.0,120.0,760,76.0,2.0,380.0
2013,7,1,B6,JFK,TPA,33.0,121.0,161.0,1005,88.0,2.683333333333333,374.53416149068323
2013,7,22,AA,JFK,DFW,18.0,121.0,200.0,1391,103.0,3.3333333333333335,417.29999999999995
2013,8,22,MQ,JFK,RDU,138.0,121.0,67.0,427,-17.0,1.1166666666666667,382.3880597014925
2013,7,23,B6,JFK,BUF,53.0,121.0,66.0,301,68.0,1.1,273.6363636363636
2013,8,1,DL,JFK,PDX,120.0,121.0,351.0,2454,1.0,5.85,419.4871794871795
2013,7,7,AA,JFK,BOS,83.0,121.0,42.0,187,38.0,0.7,267.14285714285717
2013,8,28,B6,JFK,ORD,124.0,121.0,123.0,740,-3.0,2.05,360.9756097560976
2013,6,13,MQ,JFK,DCA,116.0,121.0,54.0,213,5.0,0.9,236.66666666666666
2013,7,10,DL,JFK,SLC,4.0,121.0,266.0,1990,117.0,4.433333333333334,448.8721804511278
2013,6,29,B6,JFK,RSW,117.0,121.0,157.0,1074,4.0,2.6166666666666667,410.44585987261144
2013,7,8,B6,JFK,SLC,163.0,121.0,258.0,1990,-42.0,4.3,462.7906976744186
2013,7,5,B6,JFK,LAX,141.0,121.0,312.0,2475,-20.0,5.2,475.96153846153845
2013,7,22,AA,JFK,MIA,74.0,121.0,146.0,1089,47.0,2.433333333333333,447.5342465753425
2013,7,22,DL,JFK,SFO,-5.0,121.0,371.0,2586,126.0,6.183333333333334,418.2210242587601
2013,7,17,B6,JFK,PSE,124.0,121.0,201.0,1617,-3.0,3.35,482.6865671641791
2013,7,9,9E,JFK,MKE,66.0,121.0,106.0,745,55.0,1.7666666666666666,421.6981132075472
2013,6,4,DL,JFK,MIA,133.0,121.0,153.0,1089,-12.0,2.55,427.05882352941177
2013,6,28,AA,JFK,SAN,57.0,121.0,342.0,2446,64.0,5.7,429.12280701754383
2013,7,28,DL,JFK,ATL,22.0,120.0,117.0,760,98.0,1.95,389.7435897435898
2013,7,1,AA,JFK,LAX,174.0,120.0,297.0,2475,-54.0,4.95,500.0
2013,8,1,B6,JFK,SYR,141.0,120.0,38.0,209,-21.0,0.6333333333333333,330.0
2013,6,7,9E,JFK,DTW,63.0,120.0,85.0,509,57.0,1.4166666666666667,359.2941176470588
2013,6,27,UA,JFK,SFO,17.0,120.0,383.0,2586,103.0,6.383333333333334,405.11749347258484
2013,8,27,UA,JFK,LAX,161.0,120.0,291.0,2475,-41.0,4.85,510.3092783505155
2013,7,7,B6,JFK,BUR,24.0,120.0,319.0,2465,96.0,5.316666666666666,463.6363636363637
2013,7,20,MQ,JFK,CMH,130.0,120.0,68.0,483,-10.0,1.1333333333333333,426.1764705882353
2013,6,14,9E,JFK,PHL,130.0,120.0,29.0,94,-10.0,0.48333333333333334,194.48275862068965
2013,8,28,AA,JFK,BOS,60.0,120.0,52.0,187,60.0,0.8666666666666667,215.76923076923077
2013,7,11,B6,JFK,RSW,126.0,120.0,154.0,1074,-6.0,2.566666666666667,418.4415584415584
2013,7,7,DL,JFK,BOS,144.0,120.0,34.0,187,-24.0,0.5666666666666667,330.0
2013,7,23,MQ,JFK,ORF,129.0,120.0,56.0,290,-9.0,0.9333333333333333,310.7142857142857
2013,6,27,B6,JFK,TPA,97.0,120.0,132.0,1005,23.0,2.2,456.81818181818176
2013,7,22,UA,JFK,SFO,92.0,120.0,346.0,2586,28.0,5.766666666666667,448.4393063583815
2013,7,23,B6,JFK,LGB,99.0,120.0,330.0,2465,21.0,5.5,448.1818181818182
2013,7,13,B6,JFK,MCO,134.0,120.0,122.0,944,-14.0,2.033333333333333,464.26229508196724
2013,7,17,9E,JFK,BWI,95.0,120.0,43.0,184,25.0,0.7166666666666667,256.74418604651163
2013,7,2,B6,JFK,FLL,27.0,120.0,167.0,1069,93.0,2.783333333333333,384.0718562874252
2013,6,7,B6,JFK,SMF,83.0,120.0,324.0,2521,37.0,5.4,466.85185185185185
2013,7,28,B6,JFK,FLL,87.0,119.0,154.0,1069,32.0,2.566666666666667,416.49350649350646
2013,6,2,B6,JFK,MCO,137.0,119.0,128.0,944,-18.0,2.1333333333333333,442.5
2013,6,27,UA,JFK,LAX,96.0,119.0,304.0,2475,23.0,5.066666666666666,488.4868421052632
2013,6,27,VX,JFK,SFO,95.0,119.0,335.0,2586,24.0,5.583333333333333,463.1641791044776
2013,7,7,DL,JFK,SLC,68.0,119.0,261.0,1990,51.0,4.35,457.4712643678161
2013,7,23,DL,JFK,LAS,74.0,119.0,298.0,2248,45.0,4.966666666666667,452.6174496644295
2013,6,13,UA,JFK,LAX,73.0,119.0,347.0,2475,46.0,5.783333333333333,427.95389048991353
2013,6,26,B6,JFK,ROC,103.0,119.0,49.0,264,16.0,0.8166666666666667,323.265306122449
2013,8,8,B6,JFK,SFO,77.0,119.0,359.0,2586,42.0,5.983333333333333,432.20055710306406
2013,6,26,B6,JFK,BUF,90.0,119.0,53.0,301,29.0,0.8833333333333333,340.7547169811321
2013,8,15,EV,JFK,IAD,122.0,119.0,44.0,228,-3.0,0.7333333333333333,310.90909090909093
2013,6,25,B6,JFK,BOS,138.0,119.0,35.0,187,-19.0,0.5833333333333334,320.57142857142856
2013,7,25,B6,JFK,MCO,107.0,119.0,135.0,944,12.0,2.25,419.55555555555554
2013,8,9,AA,JFK,LAX,134.0,119.0,329.0,2475,-15.0,5.483333333333333,451.36778115501517
2013,7,1,B6,JFK,PBI,5.0,119.0,157.0,1028,114.0,2.6166666666666667,392.86624203821657
2013,8,3,B6,JFK,SJU,102.0,119.0,198.0,1598,17.0,3.3,484.24242424242425
2013,8,9,B6,JFK,SJU,121.0,119.0,193.0,1598,-2.0,3.216666666666667,496.78756476683935
2013,6,8,B6,JFK,ROC,127.0,119.0,51.0,264,-8.0,0.85,310.5882352941177
2013,7,6,AA,JFK,LAX,162.0,119.0,301.0,2475,-43.0,5.016666666666667,493.3554817275748
2013,6,30,B6,JFK,MCO,119.0,119.0,138.0,944,0.0,2.3,410.4347826086957
2013,6,26,B6,JFK,SYR,104.0,119.0,40.0,209,15.0,0.6666666666666666,313.5
2013,6,7,DL,JFK,BOS,121.0,119.0,31.0,187,-2.0,0.5166666666666667,361.9354838709677
2013,6,25,DL,JFK,DEN,130.0,119.0,221.0,1626,-11.0,3.683333333333333,441.44796380090503
2013,7,2,9E,JFK,CVG,110.0,119.0,96.0,589,9.0,1.6,368.125
2013,6,27,AA,JFK,LAS,79.0,119.0,328.0,2248,40.0,5.466666666666667,411.2195121951219
2013,6,10,9E,JFK,BWI,100.0,119.0,43.0,184,19.0,0.7166666666666667,256.74418604651163
2013,6,13,DL,JFK,ATL,36.0,119.0,102.0,760,83.0,1.7,447.05882352941177
2013,7,1,B6,JFK,SYR,142.0,119.0,39.0,209,-23.0,0.65,321.53846153846155
2013,8,5,B6,JFK,SFO,133.0,118.0,350.0,2586,-15.0,5.833333333333333,443.31428571428575
2013,7,1,B6,JFK,BUR,163.0,118.0,297.0,2465,-45.0,4.95,497.979797979798
2013,6,24,AA,JFK,IAH,126.0,118.0,182.0,1417,-8.0,3.033333333333333,467.14285714285717
2013,6,11,9E,JFK,CLE,110.0,118.0,72.0,425,8.0,1.2,354.1666666666667
2013,8,8,B6,JFK,PBI,107.0,118.0,125.0,1028,11.0,2.0833333333333335,493.43999999999994
2013,6,28,AA,JFK,LAX,104.0,118.0,306.0,2475,14.0,5.1,485.29411764705884
2013,6,10,VX,JFK,LAX,100.0,118.0,328.0,2475,18.0,5.466666666666667,452.7439024390244
2013,6,7,B6,JFK,RDU,35.0,118.0,78.0,427,83.0,1.3,328.46153846153845
2013,6,7,DL,JFK,MIA,26.0,118.0,176.0,1089,92.0,2.933333333333333,371.25
2013,6,17,AA,JFK,BOS,98.0,118.0,45.0,187,20.0,0.75,249.33333333333334
2013,6,7,B6,JFK,MCO,79.0,118.0,138.0,944,39.0,2.3,410.4347826086957
2013,6,28,VX,JFK,LAX,75.0,118.0,338.0,2475,43.0,5.633333333333334,439.34911242603545
2013,8,9,B6,JFK,ORD,33.0,118.0,119.0,740,85.0,1.9833333333333334,373.109243697479
2013,6,12,UA,JFK,LAX,81.0,118.0,323.0,2475,37.0,5.383333333333334,459.75232198142413
2013,8,3,B6,JFK,MCO,82.0,118.0,135.0,944,36.0,2.25,419.55555555555554
2013,6,30,B6,JFK,ROC,131.0,118.0,51.0,264,-13.0,0.85,310.5882352941177
2013,6,10,B6,JFK,PBI,102.0,118.0,138.0,1028,16.0,2.3,446.9565217391305
2013,7,9,9E,JFK,BNA,50.0,118.0,101.0,765,68.0,1.6833333333333333,454.45544554455444
2013,6,27,B6,JFK,SMF,60.0,118.0,327.0,2521,58.0,5.45,462.5688073394495
2013,6,7,VX,JFK,LAX,127.0,118.0,303.0,2475,-9.0,5.05,490.0990099009901
2013,8,10,B6,JFK,SMF,97.0,118.0,341.0,2521,21.0,5.683333333333334,443.57771260997066
2013,7,28,9E,JFK,IAD,59.0,118.0,68.0,228,59.0,1.1333333333333333,201.1764705882353
2013,8,2,B6,JFK,RSW,96.0,118.0,163.0,1074,22.0,2.716666666666667,395.3374233128834
2013,7,23,B6,JFK,ROC,107.0,118.0,53.0,264,11.0,0.8833333333333333,298.8679245283019
2013,7,30,B6,JFK,IAD,141.0,118.0,43.0,228,-23.0,0.7166666666666667,318.13953488372096
2013,7,30,B6,JFK,ABQ,125.0,118.0,246.0,1826,-7.0,4.1,445.36585365853665
2013,8,17,9E,JFK,MSY,125.0,118.0,164.0,1182,-7.0,2.7333333333333334,432.4390243902439
2013,7,8,9E,JFK,MSY,135.0,118.0,147.0,1182,-17.0,2.45,482.4489795918367
2013,7,29,MQ,JFK,DCA,125.0,118.0,49.0,213,-7.0,0.8166666666666667,260.81632653061223
2013,8,8,B6,JFK,PDX,103.0,118.0,332.0,2454,15.0,5.533333333333333,443.49397590361446
2013,8,9,B6,JFK,MCO,145.0,118.0,121.0,944,-27.0,2.0166666666666666,468.099173553719
2013,6,11,9E,JFK,MKE,151.0,118.0,112.0,745,-33.0,1.8666666666666667,399.10714285714283
2013,8,13,9E,JFK,MKE,115.0,118.0,118.0,745,3.0,1.9666666666666666,378.81355932203394
2013,8,11,AA,JFK,MIA,108.0,117.0,144.0,1089,9.0,2.4,453.75
2013,8,8,B6,JFK,ORD,75.0,117.0,122.0,740,42.0,2.033333333333333,363.93442622950823
2013,7,1,B6,JFK,MSY,124.0,117.0,169.0,1182,-7.0,2.816666666666667,419.64497041420117
2013,6,29,9E,JFK,MSY,104.0,117.0,178.0,1182,13.0,2.966666666666667,398.4269662921348
2013,8,28,9E,JFK,DTW,102.0,117.0,84.0,509,15.0,1.4,363.5714285714286
2013,6,27,AA,JFK,SEA,15.0,117.0,332.0,2422,102.0,5.533333333333333,437.71084337349396
2013,6,12,B6,JFK,ORD,73.0,117.0,187.0,740,44.0,3.1166666666666667,237.4331550802139
2013,7,28,B6,JFK,ABQ,31.0,117.0,257.0,1826,86.0,4.283333333333333,426.3035019455253
2013,7,20,9E,JFK,BWI,43.0,117.0,52.0,184,74.0,0.8666666666666667,212.3076923076923
2013,8,7,UA,JFK,SFO,98.0,117.0,349.0,2586,19.0,5.816666666666666,444.5845272206304
2013,6,19,9E,JFK,BWI,119.0,117.0,34.0,184,-2.0,0.5666666666666667,324.70588235294116
2013,6,27,DL,JFK,SEA,51.0,117.0,338.0,2422,66.0,5.633333333333334,429.94082840236683
2013,7,28,B6,JFK,BOS,71.0,117.0,34.0,187,46.0,0.5666666666666667,330.0
2013,6,19,US,JFK,CLT,104.0,117.0,102.0,541,13.0,1.7,318.2352941176471
2013,7,4,B6,JFK,ACK,117.0,117.0,53.0,199,0.0,0.8833333333333333,225.28301886792454
2013,6,24,B6,JFK,MCO,136.0,117.0,122.0,944,-19.0,2.033333333333333,464.26229508196724
2013,7,1,B6,JFK,CLT,124.0,116.0,83.0,541,-8.0,1.3833333333333333,391.0843373493976
2013,7,17,AA,JFK,LAS,168.0,116.0,264.0,2248,-52.0,4.4,510.9090909090909
2013,6,28,US,JFK,CLT,121.0,116.0,79.0,541,-5.0,1.3166666666666667,410.88607594936707
2013,7,8,VX,JFK,LAX,141.0,116.0,321.0,2475,-25.0,5.35,462.61682242990656
2013,7,23,DL,JFK,MCO,109.0,116.0,124.0,944,7.0,2.066666666666667,456.7741935483871
2013,7,12,B6,JFK,FLL,103.0,116.0,156.0,1069,13.0,2.6,411.15384615384613
2013,6,28,B6,JFK,LAS,127.0,116.0,289.0,2248,-11.0,4.816666666666666,466.7128027681661
2013,8,9,B6,JFK,BUF,74.0,116.0,59.0,301,42.0,0.9833333333333333,306.10169491525426
2013,7,11,B6,JFK,SYR,117.0,116.0,45.0,209,-1.0,0.75,278.6666666666667
2013,8,22,MQ,JFK,BNA,124.0,116.0,108.0,765,-8.0,1.8,425.0
2013,6,23,VX,JFK,LAX,36.0,116.0,348.0,2475,80.0,5.8,426.7241379310345
2013,6,10,9E,JFK,RDU,124.0,116.0,68.0,427,-8.0,1.1333333333333333,376.7647058823529
2013,6,17,B6,JFK,LAX,77.0,116.0,353.0,2475,39.0,5.883333333333334,420.6798866855524
2013,8,14,B6,JFK,AUS,63.0,116.0,210.0,1521,53.0,3.5,434.57142857142856
2013,8,22,B6,JFK,BQN,127.0,116.0,195.0,1576,-11.0,3.25,484.9230769230769
2013,7,28,AA,JFK,SAN,15.0,116.0,334.0,2446,101.0,5.566666666666666,439.4011976047904
2013,7,21,B6,JFK,PDX,123.0,116.0,326.0,2454,-7.0,5.433333333333334,451.6564417177914
2013,6,8,US,JFK,CLT,119.0,116.0,86.0,541,-3.0,1.4333333333333333,377.4418604651163
2013,8,15,B6,JFK,SYR,119.0,116.0,44.0,209,-3.0,0.7333333333333333,285.0
2013,6,7,DL,JFK,SAN,84.0,116.0,310.0,2446,32.0,5.166666666666667,473.41935483870964
2013,7,7,9E,JFK,RDU,42.0,116.0,68.0,427,74.0,1.1333333333333333,376.7647058823529
2013,6,25,UA,JFK,SFO,62.0,116.0,346.0,2586,54.0,5.766666666666667,448.4393063583815
2013,7,19,B6,JFK,MCO,108.0,116.0,128.0,944,8.0,2.1333333333333333,442.5
2013,6,14,VX,JFK,LAX,129.0,116.0,320.0,2475,-13.0,5.333333333333333,464.0625
2013,7,19,9E,JFK,PHL,117.0,116.0,33.0,94,-1.0,0.55,170.9090909090909
2013,8,28,9E,JFK,MSP,95.0,116.0,150.0,1029,21.0,2.5,411.6
2013,8,8,B6,JFK,BTV,127.0,116.0,50.0,266,-11.0,0.8333333333333334,319.2
2013,6,7,B6,JFK,LAS,69.0,115.0,284.0,2248,46.0,4.733333333333333,474.92957746478874
2013,6,10,B6,JFK,IAD,62.0,115.0,49.0,228,53.0,0.8166666666666667,279.18367346938777
2013,8,22,B6,JFK,FLL,139.0,115.0,132.0,1069,-24.0,2.2,485.9090909090909
2013,6,23,9E,JFK,JAX,59.0,115.0,115.0,828,56.0,1.9166666666666667,432.0
2013,6,10,DL,JFK,BOS,106.0,115.0,36.0,187,9.0,0.6,311.6666666666667
2013,8,22,MQ,JFK,ORF,145.0,115.0,49.0,290,-30.0,0.8166666666666667,355.10204081632656
2013,6,13,9E,JFK,CLT,45.0,115.0,104.0,541,70.0,1.7333333333333334,312.1153846153846
2013,7,28,DL,JFK,PHX,27.0,115.0,294.0,2153,88.0,4.9,439.3877551020408
2013,6,17,9E,JFK,RDU,25.0,115.0,86.0,427,90.0,1.4333333333333333,297.90697674418607
2013,8,24,MQ,JFK,BWI,117.0,115.0,35.0,184,-2.0,0.5833333333333334,315.4285714285714
2013,6,26,DL,JFK,SAT,124.0,115.0,197.0,1587,-9.0,3.283333333333333,483.35025380710664
2013,7,22,B6,JFK,PHX,38.0,115.0,295.0,2153,77.0,4.916666666666667,437.89830508474574
2013,8,9,B6,JFK,LAS,143.0,115.0,300.0,2248,-28.0,5.0,449.6
2013,7,10,B6,JFK,ORD,-2.0,115.0,137.0,740,117.0,2.283333333333333,324.08759124087595
2013,7,13,B6,JFK,MCO,99.0,115.0,129.0,944,16.0,2.15,439.0697674418605
2013,7,27,B6,JFK,SJC,110.0,115.0,345.0,2569,5.0,5.75,446.7826086956522
2013,6,11,9E,JFK,DTW,155.0,115.0,84.0,509,-40.0,1.4,363.5714285714286
2013,6,27,B6,JFK,SJU,131.0,115.0,195.0,1598,-16.0,3.25,491.6923076923077
2013,7,27,B6,JFK,LAX,115.0,115.0,331.0,2475,0.0,5.516666666666667,448.6404833836858
2013,6,18,B6,JFK,BUF,128.0,115.0,58.0,301,-13.0,0.9666666666666667,311.37931034482756
2013,8,1,9E,JFK,CLE,135.0,115.0,72.0,425,-20.0,1.2,354.1666666666667
2013,6,18,US,JFK,CLT,112.0,114.0,93.0,541,2.0,1.55,349.0322580645161
2013,6,2,MQ,JFK,CVG,115.0,114.0,92.0,589,-1.0,1.5333333333333334,384.1304347826087
2013,8,1,9E,JFK,ORD,151.0,114.0,116.0,740,-37.0,1.9333333333333333,382.7586206896552
2013,7,7,9E,JFK,JAX,71.0,114.0,111.0,828,43.0,1.85,447.56756756756755
2013,6,29,B6,JFK,FLL,122.0,114.0,147.0,1069,-8.0,2.45,436.3265306122449
2013,7,23,AA,JFK,SAN,65.0,114.0,340.0,2446,49.0,5.666666666666667,431.6470588235294
2013,6,10,9E,JFK,BOS,109.0,114.0,32.0,187,5.0,0.5333333333333333,350.625
2013,6,17,VX,JFK,SFO,70.0,114.0,378.0,2586,44.0,6.3,410.4761904761905
2013,6,28,DL,JFK,SAT,155.0,114.0,205.0,1587,-41.0,3.4166666666666665,464.4878048780488
2013,7,20,9E,JFK,PIT,37.0,114.0,65.0,340,77.0,1.0833333333333333,313.84615384615387
2013,8,9,9E,JFK,DCA,87.0,114.0,58.0,213,27.0,0.9666666666666667,220.3448275862069
2013,6,13,B6,JFK,BTV,84.0,114.0,45.0,266,30.0,0.75,354.6666666666667
2013,7,9,MQ,JFK,RDU,105.0,114.0,69.0,427,9.0,1.15,371.304347826087
2013,7,16,B6,JFK,LAX,121.0,114.0,301.0,2475,-7.0,5.016666666666667,493.3554817275748
2013,7,7,UA,JFK,LAX,62.0,114.0,320.0,2475,52.0,5.333333333333333,464.0625
2013,6,26,DL,JFK,BOS,115.0,114.0,36.0,187,-1.0,0.6,311.6666666666667
2013,6,13,B6,JFK,CLT,50.0,114.0,87.0,541,64.0,1.45,373.1034482758621
2013,7,24,DL,JFK,AUS,92.0,114.0,201.0,1521,22.0,3.35,454.02985074626866
2013,6,17,B6,JFK,BUF,86.0,114.0,59.0,301,28.0,0.9833333333333333,306.10169491525426
2013,7,31,B6,JFK,AUS,100.0,114.0,199.0,1521,14.0,3.316666666666667,458.5929648241206
2013,8,4,B6,JFK,ORD,129.0,114.0,116.0,740,-15.0,1.9333333333333333,382.7586206896552
2013,6,13,DL,JFK,LAS,101.0,114.0,293.0,2248,13.0,4.883333333333334,460.3412969283276
2013,7,25,DL,JFK,LAX,94.0,114.0,331.0,2475,20.0,5.516666666666667,448.6404833836858
2013,7,1,B6,JFK,FLL,1.0,114.0,176.0,1069,113.0,2.933333333333333,364.4318181818182
2013,7,19,B6,JFK,FLL,113.0,114.0,138.0,1069,1.0,2.3,464.7826086956522
2013,7,3,MQ,JFK,CMH,61.0,114.0,78.0,483,53.0,1.3,371.53846153846155
2013,7,22,DL,JFK,DTW,41.0,113.0,100.0,509,72.0,1.6666666666666667,305.4
2013,8,3,B6,JFK,ROC,122.0,113.0,50.0,264,-9.0,0.8333333333333334,316.8
2013,7,28,B6,JFK,SEA,0.0,113.0,320.0,2422,113.0,5.333333333333333,454.125
2013,6,13,B6,JFK,BOS,97.0,113.0,39.0,187,16.0,0.65,287.6923076923077
2013,7,12,9E,JFK,BUF,110.0,113.0,50.0,301,3.0,0.8333333333333334,361.2
2013,6,10,B6,JFK,RDU,87.0,113.0,73.0,427,26.0,1.2166666666666666,350.95890410958907
2013,6,17,MQ,JFK,DCA,115.0,113.0,49.0,213,-2.0,0.8166666666666667,260.81632653061223
2013,6,13,B6,JFK,HOU,62.0,113.0,192.0,1428,51.0,3.2,446.25
2013,6,10,B6,JFK,ORD,78.0,113.0,112.0,740,35.0,1.8666666666666667,396.42857142857144
2013,6,7,UA,JFK,LAX,98.0,113.0,293.0,2475,15.0,4.883333333333334,506.82593856655285
2013,7,11,B6,JFK,FLL,102.0,113.0,152.0,1069,11.0,2.533333333333333,421.97368421052636
2013,7,1,EV,JFK,IAD,80.0,113.0,42.0,228,33.0,0.7,325.7142857142857
2013,6,18,DL,JFK,DTW,94.0,113.0,87.0,509,19.0,1.45,351.0344827586207
2013,7,10,AA,JFK,SEA,94.0,113.0,345.0,2422,19.0,5.75,421.2173913043478
2013,7,8,UA,JFK,SFO,134.0,113.0,331.0,2586,-21.0,5.516666666666667,468.761329305136
2013,6,18,MQ,JFK,RDU,6.0,113.0,92.0,427,107.0,1.5333333333333334,278.4782608695652
2013,8,28,AA,JFK,AUS,122.0,113.0,189.0,1521,-9.0,3.15,482.8571428571429
2013,6,14,DL,JFK,ATL,9.0,113.0,114.0,760,104.0,1.9,400.0
2013,7,9,AA,JFK,ORD,82.0,113.0,128.0,740,31.0,2.1333333333333333,346.875
2013,7,18,B6,JFK,PWM,111.0,113.0,49.0,273,2.0,0.8166666666666667,334.2857142857143
2013,6,11,B6,JFK,PBI,114.0,113.0,138.0,1028,-1.0,2.3,446.9565217391305
2013,7,22,AA,JFK,ORD,83.0,113.0,112.0,740,30.0,1.8666666666666667,396.42857142857144
2013,6,28,B6,JFK,ORD,112.0,113.0,109.0,740,1.0,1.8166666666666667,407.3394495412844
2013,7,18,B6,JFK,MCO,149.0,113.0,119.0,944,-36.0,1.9833333333333334,475.9663865546218
2013,6,6,UA,JFK,SFO,108.0,113.0,328.0,2586,5.0,5.466666666666667,473.0487804878049
2013,7,7,B6,JFK,BOS,72.0,113.0,40.0,187,41.0,0.6666666666666666,280.5
2013,8,1,B6,JFK,RSW,123.0,113.0,154.0,1074,-10.0,2.566666666666667,418.4415584415584
2013,7,9,MQ,JFK,DCA,58.0,112.0,46.0,213,54.0,0.7666666666666667,277.8260869565217
2013,7,23,B6,JFK,PBI,104.0,112.0,141.0,1028,8.0,2.35,437.4468085106383
2013,6,28,B6,JFK,AUS,104.0,112.0,207.0,1521,8.0,3.45,440.86956521739125
2013,7,23,MQ,JFK,BNA,98.0,112.0,124.0,765,14.0,2.066666666666667,370.1612903225806
2013,6,2,B6,JFK,SEA,99.0,112.0,338.0,2422,13.0,5.633333333333334,429.94082840236683
2013,8,1,MQ,JFK,RDU,79.0,112.0,82.0,427,33.0,1.3666666666666667,312.4390243902439
2013,7,1,B6,JFK,SJU,103.0,112.0,199.0,1598,9.0,3.316666666666667,481.80904522613065
2013,6,29,B6,JFK,PBI,79.0,112.0,147.0,1028,33.0,2.45,419.59183673469386
2013,7,1,DL,JFK,MIA,95.0,112.0,168.0,1089,17.0,2.8,388.92857142857144
2013,8,9,B6,JFK,MCO,111.0,112.0,125.0,944,1.0,2.0833333333333335,453.11999999999995
2013,8,9,AA,JFK,SFO,86.0,112.0,354.0,2586,26.0,5.9,438.3050847457627
2013,7,16,B6,JFK,ROC,125.0,112.0,49.0,264,-13.0,0.8166666666666667,323.265306122449
2013,6,7,DL,JFK,AUS,40.0,112.0,220.0,1521,72.0,3.6666666666666665,414.8181818181818
2013,7,10,US,JFK,PHX,-2.0,112.0,283.0,2153,114.0,4.716666666666667,456.46643109540634
2013,8,3,B6,JFK,DEN,116.0,112.0,242.0,1626,-4.0,4.033333333333333,403.1404958677686
2013,7,12,B6,JFK,DEN,160.0,112.0,200.0,1626,-48.0,3.3333333333333335,487.79999999999995
2013,7,10,B6,JFK,ROC,92.0,112.0,50.0,264,20.0,0.8333333333333334,316.8
2013,8,2,MQ,JFK,CLE,79.0,112.0,79.0,425,33.0,1.3166666666666667,322.7848101265823
2013,6,26,B6,JFK,BOS,84.0,112.0,35.0,187,28.0,0.5833333333333334,320.57142857142856
2013,8,9,B6,JFK,PBI,96.0,112.0,133.0,1028,16.0,2.216666666666667,463.7593984962406
2013,6,2,9E,JFK,IAD,134.0,112.0,45.0,228,-22.0,0.75,304.0
2013,8,28,B6,JFK,SEA,105.0,112.0,323.0,2422,7.0,5.383333333333334,449.907120743034
2013,6,13,MQ,JFK,DCA,-6.0,112.0,66.0,213,118.0,1.1,193.63636363636363
2013,8,28,9E,JFK,ORD,120.0,112.0,114.0,740,-8.0,1.9,389.47368421052636
2013,7,16,B6,JFK,BUF,109.0,111.0,53.0,301,2.0,0.8833333333333333,340.7547169811321
2013,7,21,DL,JFK,FLL,144.0,111.0,135.0,1069,-33.0,2.25,475.1111111111111
2013,6,15,MQ,JFK,DCA,119.0,111.0,48.0,213,-8.0,0.8,266.25
2013,6,23,AA,JFK,LAX,96.0,111.0,326.0,2475,15.0,5.433333333333334,455.52147239263803
2013,7,1,B6,JFK,PWM,10.0,111.0,46.0,273,101.0,0.7666666666666667,356.0869565217391
2013,7,9,MQ,JFK,DCA,4.0,111.0,53.0,213,107.0,0.8833333333333333,241.13207547169813
2013,6,26,B6,JFK,PBI,91.0,111.0,147.0,1028,20.0,2.45,419.59183673469386
2013,7,15,9E,JFK,CVG,140.0,111.0,79.0,589,-29.0,1.3166666666666667,447.34177215189874
2013,8,1,DL,JFK,MIA,92.0,111.0,154.0,1089,19.0,2.566666666666667,424.2857142857143
2013,8,9,B6,JFK,SYR,71.0,111.0,43.0,209,40.0,0.7166666666666667,291.62790697674416
2013,7,11,B6,JFK,BUF,126.0,111.0,52.0,301,-15.0,0.8666666666666667,347.3076923076923
2013,7,9,AA,JFK,LAX,149.0,111.0,303.0,2475,-38.0,5.05,490.0990099009901
2013,7,20,B6,JFK,JAX,88.0,111.0,113.0,828,23.0,1.8833333333333333,439.6460176991151
2013,7,2,B6,JFK,TPA,114.0,111.0,140.0,1005,-3.0,2.3333333333333335,430.71428571428567
2013,7,1,DL,JFK,ATL,118.0,111.0,108.0,760,-7.0,1.8,422.22222222222223
2013,6,27,AA,JFK,AUS,30.0,111.0,207.0,1521,81.0,3.45,440.86956521739125
2013,6,10,B6,JFK,ROC,120.0,111.0,47.0,264,-9.0,0.7833333333333333,337.02127659574467
2013,8,17,9E,JFK,PHL,120.0,110.0,32.0,94,-10.0,0.5333333333333333,176.25
2013,7,22,US,JFK,CLT,112.0,110.0,79.0,541,-2.0,1.3166666666666667,410.88607594936707
2013,7,2,9E,JFK,JAX,96.0,110.0,117.0,828,14.0,1.95,424.61538461538464
2013,8,28,DL,JFK,SEA,145.0,110.0,312.0,2422,-35.0,5.2,465.7692307692308
2013,8,15,9E,JFK,DCA,131.0,110.0,40.0,213,-21.0,0.6666666666666666,319.5
2013,8,8,US,JFK,PHX,38.0,110.0,290.0,2153,72.0,4.833333333333333,445.448275862069
2013,6,17,AA,JFK,LAX,73.0,110.0,342.0,2475,37.0,5.7,434.2105263157895
2013,7,10,B6,JFK,OAK,42.0,110.0,366.0,2576,68.0,6.1,422.29508196721315
2013,7,22,DL,JFK,LAX,32.0,110.0,334.0,2475,78.0,5.566666666666666,444.6107784431138
2013,6,6,MQ,JFK,CMH,94.0,110.0,79.0,483,16.0,1.3166666666666667,366.8354430379747
2013,7,25,B6,JFK,BUF,83.0,110.0,56.0,301,27.0,0.9333333333333333,322.5
2013,6,22,B6,JFK,MVY,115.0,110.0,34.0,173,-5.0,0.5666666666666667,305.29411764705884
2013,7,19,DL,JFK,LAX,102.0,110.0,307.0,2475,8.0,5.116666666666666,483.71335504885997
2013,7,1,B6,JFK,BTV,104.0,110.0,66.0,266,6.0,1.1,241.81818181818178
2013,7,24,B6,JFK,MCO,88.0,110.0,128.0,944,22.0,2.1333333333333333,442.5
2013,7,1,9E,JFK,CLT,110.0,110.0,87.0,541,0.0,1.45,373.1034482758621
2013,6,24,DL,JFK,BOS,72.0,110.0,37.0,187,38.0,0.6166666666666667,303.2432432432432
2013,7,5,B6,JFK,SJU,121.0,110.0,195.0,1598,-11.0,3.25,491.6923076923077
2013,7,8,AA,JFK,LAX,121.0,110.0,326.0,2475,-11.0,5.433333333333334,455.52147239263803
2013,7,12,B6,JFK,MCO,92.0,110.0,148.0,944,18.0,2.466666666666667,382.7027027027027
2013,7,9,AA,JFK,LAX,82.0,110.0,303.0,2475,28.0,5.05,490.0990099009901
2013,7,1,DL,JFK,LAS,125.0,110.0,284.0,2248,-15.0,4.733333333333333,474.92957746478874
2013,6,14,MQ,JFK,RDU,115.0,110.0,68.0,427,-5.0,1.1333333333333333,376.7647058823529
2013,6,10,MQ,JFK,ORF,80.0,109.0,55.0,290,29.0,0.9166666666666666,316.3636363636364
2013,6,13,AA,JFK,MIA,115.0,109.0,149.0,1089,-6.0,2.4833333333333334,438.5234899328859
2013,7,7,AA,JFK,LAX,102.0,109.0,318.0,2475,7.0,5.3,466.9811320754717
2013,7,10,B6,JFK,CLT,82.0,109.0,101.0,541,27.0,1.6833333333333333,321.38613861386136
2013,6,2,B6,JFK,SYR,117.0,109.0,43.0,209,-8.0,0.7166666666666667,291.62790697674416
2013,8,12,B6,JFK,PHX,47.0,109.0,325.0,2153,62.0,5.416666666666667,397.4769230769231
2013,6,30,B6,JFK,RSW,60.0,109.0,152.0,1074,49.0,2.533333333333333,423.94736842105266
2013,7,4,B6,JFK,BUR,123.0,109.0,313.0,2465,-14.0,5.216666666666667,472.52396166134184
2013,8,9,DL,JFK,BOS,139.0,109.0,37.0,187,-30.0,0.6166666666666667,303.2432432432432
2013,8,9,B6,JFK,DEN,136.0,109.0,220.0,1626,-27.0,3.6666666666666665,443.4545454545455
2013,7,23,B6,JFK,PWM,83.0,109.0,45.0,273,26.0,0.75,364.0
2013,8,8,B6,JFK,TPA,75.0,109.0,131.0,1005,34.0,2.183333333333333,460.3053435114504
2013,8,22,AA,JFK,SFO,118.0,109.0,336.0,2586,-9.0,5.6,461.78571428571433
2013,7,9,9E,JFK,BUF,67.0,109.0,59.0,301,42.0,0.9833333333333333,306.10169491525426
2013,6,17,DL,JFK,ATL,128.0,109.0,112.0,760,-19.0,1.8666666666666667,407.1428571428571
2013,6,13,DL,JFK,MIA,68.0,109.0,160.0,1089,41.0,2.6666666666666665,408.375
2013,6,3,MQ,JFK,BNA,108.0,109.0,112.0,765,1.0,1.8666666666666667,409.82142857142856
2013,7,2,B6,JFK,TPA,64.0,109.0,141.0,1005,45.0,2.35,427.6595744680851
2013,8,14,B6,JFK,DEN,99.0,109.0,214.0,1626,10.0,3.566666666666667,455.8878504672897
2013,7,12,B6,JFK,RSW,62.0,109.0,155.0,1074,47.0,2.5833333333333335,415.7419354838709
2013,6,26,VX,JFK,SFO,117.0,109.0,347.0,2586,-8.0,5.783333333333333,447.1469740634006
2013,7,23,B6,JFK,FLL,90.0,109.0,144.0,1069,19.0,2.4,445.4166666666667
2013,7,24,9E,JFK,BUF,128.0,109.0,50.0,301,-19.0,0.8333333333333334,361.2
2013,8,1,9E,JFK,RDU,102.0,109.0,80.0,427,7.0,1.3333333333333333,320.25
2013,6,20,B6,JFK,SMF,110.0,109.0,319.0,2521,-1.0,5.316666666666666,474.1692789968652
2013,8,28,DL,JFK,PDX,146.0,109.0,312.0,2454,-37.0,5.2,471.9230769230769
2013,8,5,B6,JFK,SJU,112.0,109.0,206.0,1598,-3.0,3.433333333333333,465.4368932038835
2013,7,8,B6,JFK,SFO,128.0,109.0,334.0,2586,-19.0,5.566666666666666,464.55089820359285
2013,7,12,UA,JFK,SFO,123.0,108.0,315.0,2586,-15.0,5.25,492.57142857142856
2013,7,23,DL,JFK,SJU,98.0,108.0,216.0,1598,10.0,3.6,443.88888888888886
2013,6,28,MQ,JFK,CLE,75.0,108.0,78.0,425,33.0,1.3,326.9230769230769
2013,7,1,B6,JFK,BTV,-3.0,108.0,48.0,266,111.0,0.8,332.5
2013,6,10,MQ,JFK,BNA,74.0,108.0,127.0,765,34.0,2.1166666666666667,361.4173228346457
2013,7,2,EV,JFK,IAD,117.0,108.0,43.0,228,-9.0,0.7166666666666667,318.13953488372096
2013,6,25,DL,JFK,MIA,87.0,108.0,151.0,1089,21.0,2.5166666666666666,432.7152317880795
2013,7,12,B6,JFK,ORD,71.0,108.0,104.0,740,37.0,1.7333333333333334,426.9230769230769
2013,6,26,B6,JFK,PDX,81.0,108.0,335.0,2454,27.0,5.583333333333333,439.52238805970154
2013,8,5,DL,JFK,SJU,142.0,108.0,195.0,1598,-34.0,3.25,491.6923076923077
2013,8,12,9E,JFK,BUF,108.0,108.0,58.0,301,0.0,0.9666666666666667,311.37931034482756
2013,7,4,AA,JFK,BOS,144.0,108.0,37.0,187,-36.0,0.6166666666666667,303.2432432432432
2013,6,23,9E,JFK,ORD,87.0,108.0,109.0,740,21.0,1.8166666666666667,407.3394495412844
2013,7,2,US,JFK,CLT,86.0,108.0,85.0,541,22.0,1.4166666666666667,381.88235294117646
2013,6,2,UA,JFK,SFO,102.0,108.0,344.0,2586,6.0,5.733333333333333,451.04651162790697
2013,7,10,9E,JFK,CVG,40.0,108.0,106.0,589,68.0,1.7666666666666666,333.39622641509436
2013,8,3,MQ,JFK,DCA,119.0,108.0,41.0,213,-11.0,0.6833333333333333,311.7073170731707
2013,6,27,9E,JFK,ORF,55.0,108.0,53.0,290,53.0,0.8833333333333333,328.3018867924528
2013,7,10,B6,JFK,LAX,63.0,108.0,312.0,2475,45.0,5.2,475.96153846153845
2013,6,30,9E,JFK,MSP,97.0,108.0,141.0,1029,11.0,2.35,437.8723404255319
2013,8,22,B6,JFK,BTV,6.0,108.0,52.0,266,102.0,0.8666666666666667,306.9230769230769
2013,7,23,B6,JFK,LAX,57.0,108.0,333.0,2475,51.0,5.55,445.94594594594594
2013,6,28,DL,JFK,SEA,120.0,108.0,320.0,2422,-12.0,5.333333333333333,454.125
2013,8,15,UA,JFK,LAX,108.0,108.0,309.0,2475,0.0,5.15,480.58252427184465
2013,8,28,AA,JFK,BOS,105.0,108.0,38.0,187,3.0,0.6333333333333333,295.2631578947369
2013,7,3,B6,JFK,MVY,57.0,107.0,38.0,173,50.0,0.6333333333333333,273.15789473684214
2013,6,7,B6,JFK,ORD,70.0,107.0,113.0,740,37.0,1.8833333333333333,392.92035398230087
2013,8,8,AA,JFK,BOS,108.0,107.0,41.0,187,-1.0,0.6833333333333333,273.6585365853658
2013,6,13,B6,JFK,PWM,107.0,107.0,56.0,273,0.0,0.9333333333333333,292.5
2013,6,28,B6,JFK,SJC,43.0,107.0,348.0,2569,64.0,5.8,442.93103448275866
2013,6,10,AA,JFK,SFO,114.0,107.0,348.0,2586,-7.0,5.8,445.86206896551727
2013,7,17,DL,JFK,SJU,122.0,107.0,208.0,1598,-15.0,3.466666666666667,460.96153846153845
2013,7,7,AA,JFK,IAH,75.0,107.0,202.0,1417,32.0,3.3666666666666667,420.8910891089109
2013,8,22,9E,JFK,BOS,134.0,107.0,45.0,187,-27.0,0.75,249.33333333333334
2013,6,10,B6,JFK,BUF,94.0,107.0,54.0,301,13.0,0.9,334.44444444444446
2013,7,10,B6,JFK,BQN,123.0,107.0,188.0,1576,-16.0,3.1333333333333333,502.97872340425533
2013,8,22,B6,JFK,RSW,132.0,107.0,147.0,1074,-25.0,2.45,438.3673469387755
2013,7,3,VX,JFK,LAX,117.0,107.0,309.0,2475,-10.0,5.15,480.58252427184465
2013,7,18,B6,JFK,ROC,105.0,107.0,50.0,264,2.0,0.8333333333333334,316.8
2013,6,28,US,JFK,PHX,86.0,107.0,288.0,2153,21.0,4.8,448.5416666666667
2013,8,28,B6,JFK,PSE,113.0,107.0,202.0,1617,-6.0,3.3666666666666667,480.2970297029703
2013,6,17,DL,JFK,BOS,135.0,107.0,37.0,187,-28.0,0.6166666666666667,303.2432432432432
2013,6,23,9E,JFK,MSY,68.0,107.0,151.0,1182,39.0,2.5166666666666666,469.66887417218544
2013,7,13,9E,JFK,IND,69.0,107.0,101.0,665,38.0,1.6833333333333333,395.049504950495
2013,8,28,9E,JFK,RDU,102.0,107.0,67.0,427,5.0,1.1166666666666667,382.3880597014925
2013,7,22,B6,JFK,MCO,112.0,107.0,127.0,944,-5.0,2.1166666666666667,445.98425196850394
2013,8,6,B6,JFK,ORD,123.0,107.0,117.0,740,-16.0,1.95,379.4871794871795
2013,8,14,B6,JFK,SJU,102.0,107.0,201.0,1598,5.0,3.35,477.0149253731343
2013,7,19,9E,JFK,DCA,130.0,107.0,39.0,213,-23.0,0.65,327.6923076923077
2013,6,3,B6,JFK,SLC,138.0,107.0,275.0,1990,-31.0,4.583333333333333,434.1818181818182
2013,7,10,B6,JFK,BUR,35.0,107.0,324.0,2465,72.0,5.4,456.48148148148147
2013,6,30,B6,JFK,BOS,123.0,107.0,39.0,187,-16.0,0.65,287.6923076923077
2013,6,27,AA,JFK,LAX,70.0,107.0,349.0,2475,37.0,5.816666666666666,425.50143266475646
2013,6,7,B6,JFK,BTV,91.0,107.0,44.0,266,16.0,0.7333333333333333,362.72727272727275
2013,8,28,DL,JFK,SAN,145.0,107.0,297.0,2446,-38.0,4.95,494.14141414141415
2013,7,22,DL,JFK,SAN,42.0,107.0,322.0,2446,65.0,5.366666666666666,455.776397515528
2013,8,9,B6,JFK,LAS,96.0,107.0,303.0,2248,11.0,5.05,445.1485148514852
2013,6,24,DL,JFK,SFO,84.0,107.0,349.0,2586,23.0,5.816666666666666,444.5845272206304
2013,8,5,B6,JFK,PBI,113.0,107.0,126.0,1028,-6.0,2.1,489.5238095238095
2013,6,19,AA,JFK,SFO,97.0,107.0,348.0,2586,10.0,5.8,445.86206896551727
2013,8,9,B6,JFK,JAX,120.0,107.0,114.0,828,-13.0,1.9,435.7894736842105
2013,7,10,9E,JFK,DCA,129.0,106.0,40.0,213,-23.0,0.6666666666666666,319.5
2013,6,1,VX,JFK,LAX,99.0,106.0,334.0,2475,7.0,5.566666666666666,444.6107784431138
2013,8,8,UA,JFK,SFO,14.0,106.0,421.0,2586,92.0,7.016666666666667,368.55106888361047
2013,6,26,VX,JFK,LAX,85.0,106.0,327.0,2475,21.0,5.45,454.1284403669725
2013,8,14,B6,JFK,TPA,56.0,106.0,143.0,1005,50.0,2.3833333333333333,421.6783216783217
2013,7,9,DL,JFK,SJU,125.0,106.0,195.0,1598,-19.0,3.25,491.6923076923077
2013,7,13,B6,JFK,FLL,113.0,106.0,139.0,1069,-7.0,2.316666666666667,461.4388489208633
2013,7,28,VX,JFK,LAX,46.0,106.0,339.0,2475,60.0,5.65,438.0530973451327
2013,6,13,B6,JFK,LAS,112.0,106.0,289.0,2248,-6.0,4.816666666666666,466.7128027681661
2013,8,2,9E,JFK,ORD,120.0,106.0,122.0,740,-14.0,2.033333333333333,363.93442622950823
2013,7,7,9E,JFK,ORD,31.0,106.0,106.0,740,75.0,1.7666666666666666,418.8679245283019
2013,7,1,B6,JFK,MSY,57.0,106.0,173.0,1182,49.0,2.8833333333333333,409.9421965317919
2013,8,4,MQ,JFK,CMH,121.0,106.0,71.0,483,-15.0,1.1833333333333333,408.169014084507
2013,8,1,B6,JFK,SJU,122.0,106.0,198.0,1598,-16.0,3.3,484.24242424242425
2013,6,18,9E,JFK,ORD,110.0,106.0,123.0,740,-4.0,2.05,360.9756097560976
2013,7,12,B6,JFK,JAX,106.0,106.0,116.0,828,0.0,1.9333333333333333,428.2758620689655
2013,8,1,B6,JFK,BUF,122.0,106.0,51.0,301,-16.0,0.85,354.11764705882354
2013,7,23,MQ,JFK,RDU,106.0,106.0,69.0,427,0.0,1.15,371.304347826087
2013,6,14,DL,JFK,SAN,-4.0,106.0,310.0,2446,110.0,5.166666666666667,473.41935483870964
2013,7,1,B6,JFK,RSW,1.0,106.0,189.0,1074,105.0,3.15,340.95238095238096
2013,7,8,EV,JFK,IAD,69.0,106.0,47.0,228,37.0,0.7833333333333333,291.06382978723406
2013,6,13,B6,JFK,BUF,101.0,106.0,53.0,301,5.0,0.8833333333333333,340.7547169811321
2013,6,28,B6,JFK,PBI,102.0,106.0,137.0,1028,4.0,2.283333333333333,450.2189781021898
2013,6,10,9E,JFK,DTW,114.0,106.0,79.0,509,-8.0,1.3166666666666667,386.5822784810127
2013,7,29,B6,JFK,PBI,96.0,106.0,143.0,1028,10.0,2.3833333333333333,431.32867132867136
2013,8,14,MQ,JFK,CMH,53.0,105.0,72.0,483,52.0,1.2,402.5
2013,8,28,9E,JFK,CHS,127.0,105.0,89.0,636,-22.0,1.4833333333333334,428.7640449438202
2013,8,28,B6,JFK,RDU,89.0,105.0,68.0,427,16.0,1.1333333333333333,376.7647058823529
2013,6,13,B6,JFK,PBI,60.0,105.0,164.0,1028,45.0,2.7333333333333334,376.0975609756097
2013,6,14,9E,JFK,CVG,-2.0,105.0,90.0,589,107.0,1.5,392.6666666666667
2013,6,7,MQ,JFK,DCA,98.0,105.0,58.0,213,7.0,0.9666666666666667,220.3448275862069
2013,6,27,9E,JFK,BNA,26.0,105.0,113.0,765,79.0,1.8833333333333333,406.1946902654867
2013,6,29,9E,JFK,ORD,111.0,105.0,110.0,740,-6.0,1.8333333333333333,403.6363636363636
2013,6,18,DL,JFK,PDX,116.0,105.0,318.0,2454,-11.0,5.3,463.0188679245283
2013,8,9,AA,JFK,BOS,111.0,105.0,50.0,187,-6.0,0.8333333333333334,224.39999999999998
2013,6,27,B6,JFK,PHX,63.0,105.0,275.0,2153,42.0,4.583333333333333,469.74545454545455
2013,8,9,UA,JFK,SFO,103.0,105.0,361.0,2586,2.0,6.016666666666667,429.80609418282546
2013,8,3,MQ,JFK,PIT,66.0,105.0,67.0,340,39.0,1.1166666666666667,304.4776119402985
2013,7,14,9E,JFK,DTW,143.0,105.0,81.0,509,-38.0,1.35,377.037037037037
2013,7,8,B6,JFK,FLL,125.0,105.0,135.0,1069,-20.0,2.25,475.1111111111111
2013,6,28,AA,JFK,BOS,90.0,105.0,40.0,187,15.0,0.6666666666666666,280.5
2013,6,23,B6,JFK,SLC,36.0,105.0,282.0,1990,69.0,4.7,423.40425531914894
2013,7,5,DL,JFK,TPA,129.0,105.0,132.0,1005,-24.0,2.2,456.81818181818176
2013,8,8,B6,JFK,BUF,110.0,105.0,55.0,301,-5.0,0.9166666666666666,328.3636363636364
2013,6,28,UA,JFK,SFO,57.0,105.0,340.0,2586,48.0,5.666666666666667,456.35294117647055
2013,6,22,B6,JFK,PSE,121.0,105.0,200.0,1617,-16.0,3.3333333333333335,485.09999999999997
2013,6,24,DL,JFK,LAS,114.0,105.0,288.0,2248,-9.0,4.8,468.33333333333337
2013,8,7,9E,JFK,PIT,85.0,105.0,66.0,340,20.0,1.1,309.09090909090907
2013,7,2,B6,JFK,MCO,93.0,105.0,136.0,944,12.0,2.2666666666666666,416.47058823529414
2013,6,23,B6,JFK,TPA,119.0,105.0,135.0,1005,-14.0,2.25,446.6666666666667
2013,6,25,DL,JFK,AUS,94.0,105.0,189.0,1521,11.0,3.15,482.8571428571429
2013,6,29,DL,JFK,MCO,130.0,105.0,135.0,944,-25.0,2.25,419.55555555555554
2013,7,23,DL,JFK,DTW,-1.0,105.0,90.0,509,106.0,1.5,339.3333333333333
2013,8,9,VX,JFK,SFO,88.0,105.0,341.0,2586,17.0,5.683333333333334,455.0146627565982
2013,8,5,MQ,JFK,CMH,118.0,105.0,72.0,483,-13.0,1.2,402.5
2013,7,14,B6,JFK,TPA,118.0,104.0,128.0,1005,-14.0,2.1333333333333333,471.09375
2013,7,23,9E,JFK,BWI,127.0,104.0,34.0,184,-23.0,0.5666666666666667,324.70588235294116
2013,8,12,B6,JFK,SJU,92.0,104.0,207.0,1598,12.0,3.45,463.18840579710144
2013,7,28,B6,JFK,MCO,63.0,104.0,136.0,944,41.0,2.2666666666666666,416.47058823529414
2013,7,7,VX,JFK,LAX,19.0,104.0,342.0,2475,85.0,5.7,434.2105263157895
2013,7,19,B6,JFK,MCO,114.0,104.0,126.0,944,-10.0,2.1,449.5238095238095
2013,7,22,B6,JFK,SJU,60.0,104.0,192.0,1598,44.0,3.2,499.375
2013,7,4,B6,JFK,TPA,107.0,104.0,136.0,1005,-3.0,2.2666666666666666,443.38235294117646
2013,7,7,B6,JFK,BTV,103.0,104.0,53.0,266,1.0,0.8833333333333333,301.1320754716981
2013,7,13,9E,JFK,MSY,61.0,104.0,170.0,1182,43.0,2.8333333333333335,417.17647058823525
2013,6,2,B6,JFK,PBI,113.0,104.0,135.0,1028,-9.0,2.25,456.8888888888889
2013,8,8,B6,JFK,SJU,132.0,104.0,187.0,1598,-28.0,3.1166666666666667,512.7272727272727
2013,6,2,AA,JFK,LAX,115.0,104.0,348.0,2475,-11.0,5.8,426.7241379310345
2013,6,3,9E,JFK,MSP,84.0,104.0,162.0,1029,20.0,2.7,381.1111111111111
2013,6,13,VX,JFK,LAX,53.0,104.0,346.0,2475,51.0,5.766666666666667,429.19075144508673
2013,8,9,AA,JFK,DFW,1.0,104.0,216.0,1391,103.0,3.6,386.38888888888886
2013,6,10,B6,JFK,BTV,93.0,104.0,54.0,266,11.0,0.9,295.55555555555554
2013,7,3,DL,JFK,MIA,80.0,104.0,141.0,1089,24.0,2.35,463.40425531914894
2013,6,18,B6,JFK,JAX,115.0,104.0,120.0,828,-11.0,2.0,414.0
2013,6,30,VX,JFK,SFO,99.0,104.0,335.0,2586,5.0,5.583333333333333,463.1641791044776
2013,6,17,AA,JFK,SFO,65.0,104.0,373.0,2586,39.0,6.216666666666667,415.97855227882036
2013,7,23,B6,JFK,BOS,116.0,104.0,38.0,187,-12.0,0.6333333333333333,295.2631578947369
2013,6,3,B6,JFK,BOS,105.0,104.0,40.0,187,-1.0,0.6666666666666666,280.5
2013,8,13,B6,JFK,LAX,69.0,104.0,350.0,2475,35.0,5.833333333333333,424.28571428571433
2013,7,21,AA,JFK,LAX,76.0,104.0,327.0,2475,28.0,5.45,454.1284403669725
2013,6,24,B6,JFK,SAN,27.0,104.0,327.0,2446,77.0,5.45,448.80733944954125
2013,7,23,DL,JFK,BOS,111.0,104.0,38.0,187,-7.0,0.6333333333333333,295.2631578947369
2013,6,28,UA,JFK,LAX,38.0,104.0,314.0,2475,66.0,5.233333333333333,472.9299363057325
2013,6,28,MQ,JFK,IND,64.0,104.0,110.0,665,40.0,1.8333333333333333,362.72727272727275
2013,6,27,B6,JFK,LAX,73.0,104.0,315.0,2475,31.0,5.25,471.42857142857144
2013,7,17,DL,JFK,ATL,97.0,104.0,117.0,760,7.0,1.95,389.7435897435898
2013,6,25,DL,JFK,SJU,136.0,104.0,191.0,1598,-32.0,3.183333333333333,501.98952879581157
2013,6,26,US,JFK,CLT,119.0,104.0,78.0,541,-15.0,1.3,416.15384615384613
2013,8,22,B6,JFK,MCO,144.0,104.0,125.0,944,-40.0,2.0833333333333335,453.11999999999995
2013,8,17,9E,JFK,CHS,121.0,104.0,101.0,636,-17.0,1.6833333333333333,377.8217821782178
2013,7,22,B6,JFK,SJU,96.0,104.0,201.0,1598,8.0,3.35,477.0149253731343
2013,7,30,VX,JFK,SFO,98.0,104.0,361.0,2586,6.0,6.016666666666667,429.80609418282546
2013,7,8,B6,JFK,MCO,121.0,104.0,118.0,944,-17.0,1.9666666666666666,480.0
2013,7,26,DL,JFK,LAS,104.0,104.0,296.0,2248,0.0,4.933333333333334,455.6756756756757
2013,7,30,B6,JFK,BOS,107.0,104.0,40.0,187,-3.0,0.6666666666666666,280.5
2013,7,25,DL,JFK,SLC,77.0,103.0,282.0,1990,26.0,4.7,423.40425531914894
2013,7,28,DL,JFK,SFO,-2.0,103.0,354.0,2586,105.0,5.9,438.3050847457627
2013,6,24,B6,JFK,ROC,109.0,103.0,52.0,264,-6.0,0.8666666666666667,304.6153846153846
2013,6,25,B6,JFK,SJU,121.0,103.0,193.0,1598,-18.0,3.216666666666667,496.78756476683935
2013,7,3,9E,JFK,RDU,80.0,103.0,66.0,427,23.0,1.1,388.18181818181813
2013,7,17,AA,JFK,LAX,90.0,103.0,319.0,2475,13.0,5.316666666666666,465.51724137931035
2013,8,1,B6,JFK,PBI,60.0,103.0,153.0,1028,43.0,2.55,403.13725490196083
2013,7,3,B6,JFK,BOS,78.0,103.0,43.0,187,25.0,0.7166666666666667,260.93023255813955
2013,8,4,9E,JFK,BUF,94.0,103.0,57.0,301,9.0,0.95,316.8421052631579
2013,6,7,B6,JFK,IAD,60.0,103.0,70.0,228,43.0,1.1666666666666667,195.42857142857142
2013,7,18,B6,JFK,IAD,105.0,103.0,47.0,228,-2.0,0.7833333333333333,291.06382978723406
2013,8,6,B6,JFK,SJU,102.0,103.0,204.0,1598,1.0,3.4,470.0
2013,7,14,B6,JFK,ORD,114.0,103.0,105.0,740,-11.0,1.75,422.85714285714283
2013,7,7,B6,JFK,PWM,94.0,103.0,48.0,273,9.0,0.8,341.25
2013,7,23,AA,JFK,BOS,82.0,103.0,42.0,187,21.0,0.7,267.14285714285717
2013,7,23,B6,JFK,PBI,99.0,103.0,137.0,1028,4.0,2.283333333333333,450.2189781021898
2013,7,1,9E,JFK,IAD,129.0,103.0,45.0,228,-26.0,0.75,304.0
2013,7,22,B6,JFK,SYR,-4.0,103.0,61.0,209,107.0,1.0166666666666666,205.5737704918033
2013,6,27,B6,JFK,ABQ,0.0,103.0,242.0,1826,103.0,4.033333333333333,452.72727272727275
2013,7,13,AA,JFK,AUS,80.0,103.0,196.0,1521,23.0,3.2666666666666666,465.6122448979592
2013,8,1,MQ,JFK,BNA,91.0,103.0,130.0,765,12.0,2.1666666666666665,353.0769230769231
2013,7,29,AA,JFK,SFO,96.0,103.0,355.0,2586,7.0,5.916666666666667,437.07042253521126
2013,6,14,AA,JFK,LAX,27.0,103.0,331.0,2475,76.0,5.516666666666667,448.6404833836858
2013,7,20,MQ,JFK,CLE,88.0,102.0,77.0,425,14.0,1.2833333333333334,331.16883116883116
2013,7,10,B6,JFK,LAX,7.0,102.0,348.0,2475,95.0,5.8,426.7241379310345
2013,7,18,B6,JFK,BUF,103.0,102.0,55.0,301,-1.0,0.9166666666666666,328.3636363636364
2013,6,11,B6,JFK,BOS,105.0,102.0,38.0,187,-3.0,0.6333333333333333,295.2631578947369
2013,8,16,EV,JFK,IAD,99.0,102.0,43.0,228,3.0,0.7166666666666667,318.13953488372096
2013,7,7,B6,JFK,ROC,20.0,102.0,60.0,264,82.0,1.0,264.0
2013,8,6,9E,JFK,CHS,135.0,102.0,87.0,636,-33.0,1.45,438.62068965517244
2013,7,7,AA,JFK,SFO,48.0,102.0,352.0,2586,54.0,5.866666666666666,440.79545454545456
2013,6,13,B6,JFK,BOS,83.0,102.0,36.0,187,19.0,0.6,311.6666666666667
2013,7,22,B6,JFK,SLC,75.0,102.0,282.0,1990,27.0,4.7,423.40425531914894
2013,8,12,AA,JFK,SFO,72.0,102.0,372.0,2586,30.0,6.2,417.09677419354836
2013,6,24,B6,JFK,ROC,0.0,102.0,53.0,264,102.0,0.8833333333333333,298.8679245283019
2013,8,9,B6,JFK,MSY,56.0,102.0,157.0,1182,46.0,2.6166666666666667,451.71974522292993
2013,8,8,DL,JFK,SJU,63.0,102.0,207.0,1598,39.0,3.45,463.18840579710144
2013,7,28,UA,JFK,LAX,-4.0,102.0,354.0,2475,106.0,5.9,419.4915254237288
2013,6,17,9E,JFK,PIT,77.0,102.0,67.0,340,25.0,1.1166666666666667,304.4776119402985
2013,8,15,B6,JFK,TPA,83.0,102.0,148.0,1005,19.0,2.466666666666667,407.4324324324324
2013,7,22,B6,JFK,SJU,115.0,102.0,192.0,1598,-13.0,3.2,499.375
2013,7,24,DL,JFK,MCO,150.0,102.0,120.0,944,-48.0,2.0,472.0
2013,6,8,AA,JFK,LAX,115.0,102.0,329.0,2475,-13.0,5.483333333333333,451.36778115501517
2013,7,1,DL,JFK,TPA,110.0,102.0,143.0,1005,-8.0,2.3833333333333333,421.6783216783217
2013,6,29,B6,JFK,BUF,85.0,102.0,53.0,301,17.0,0.8833333333333333,340.7547169811321
2013,7,13,B6,JFK,TPA,125.0,102.0,129.0,1005,-23.0,2.15,467.4418604651163
2013,7,9,9E,JFK,CHS,80.0,102.0,95.0,636,22.0,1.5833333333333333,401.6842105263158
2013,7,3,B6,JFK,HOU,101.0,102.0,198.0,1428,1.0,3.3,432.72727272727275
2013,8,3,MQ,JFK,IND,86.0,102.0,110.0,665,16.0,1.8333333333333333,362.72727272727275
2013,6,14,DL,JFK,SEA,64.0,102.0,332.0,2422,38.0,5.533333333333333,437.71084337349396
2013,7,28,B6,JFK,LAS,58.0,101.0,309.0,2248,43.0,5.15,436.504854368932
2013,7,7,B6,JFK,LAX,21.0,101.0,329.0,2475,80.0,5.483333333333333,451.36778115501517
2013,6,12,AA,JFK,MIA,24.0,101.0,145.0,1089,77.0,2.4166666666666665,450.62068965517244
2013,8,8,B6,JFK,FLL,73.0,101.0,147.0,1069,28.0,2.45,436.3265306122449
2013,6,3,9E,JFK,RDU,133.0,101.0,69.0,427,-32.0,1.15,371.304347826087
2013,7,23,UA,JFK,LAX,32.0,101.0,334.0,2475,69.0,5.566666666666666,444.6107784431138
2013,7,2,DL,JFK,SFO,126.0,101.0,311.0,2586,-25.0,5.183333333333334,498.90675241157555
2013,8,28,AA,JFK,SFO,92.0,101.0,355.0,2586,9.0,5.916666666666667,437.07042253521126
2013,8,7,9E,JFK,MSY,32.0,101.0,156.0,1182,69.0,2.6,454.6153846153846
2013,6,23,B6,JFK,DEN,109.0,101.0,216.0,1626,-8.0,3.6,451.66666666666663
2013,6,28,UA,JFK,LAX,69.0,101.0,349.0,2475,32.0,5.816666666666666,425.50143266475646
2013,7,9,AA,JFK,SFO,111.0,101.0,339.0,2586,-10.0,5.65,457.6991150442478
2013,7,26,9E,JFK,MSP,135.0,101.0,147.0,1029,-34.0,2.45,419.99999999999994
2013,6,29,B6,JFK,PHX,108.0,101.0,270.0,2153,-7.0,4.5,478.44444444444446
2013,6,9,B6,JFK,LAX,123.0,101.0,318.0,2475,-22.0,5.3,466.9811320754717
2013,6,8,DL,JFK,LAS,125.0,101.0,298.0,2248,-24.0,4.966666666666667,452.6174496644295
2013,6,26,9E,JFK,ORD,98.0,101.0,123.0,740,3.0,2.05,360.9756097560976
2013,7,5,B6,JFK,FLL,134.0,101.0,140.0,1069,-33.0,2.3333333333333335,458.1428571428571
2013,7,9,MQ,JFK,BNA,57.0,101.0,104.0,765,44.0,1.7333333333333334,441.3461538461538
2013,7,29,B6,JFK,PHX,85.0,101.0,282.0,2153,16.0,4.7,458.0851063829787
2013,6,26,AA,JFK,SFO,104.0,101.0,348.0,2586,-3.0,5.8,445.86206896551727
2013,7,13,9E,JFK,CHS,112.0,101.0,102.0,636,-11.0,1.7,374.11764705882354
2013,7,12,B6,JFK,MCO,107.0,101.0,128.0,944,-6.0,2.1333333333333333,442.5
2013,7,23,9E,JFK,MCI,93.0,101.0,160.0,1113,8.0,2.6666666666666665,417.375
2013,6,27,B6,JFK,BOS,86.0,101.0,33.0,187,15.0,0.55,340.0
2013,6,25,AA,JFK,MIA,89.0,101.0,160.0,1089,12.0,2.6666666666666665,408.375
2013,7,5,B6,JFK,TPA,110.0,101.0,140.0,1005,-9.0,2.3333333333333335,430.71428571428567
2013,6,3,B6,JFK,BUR,111.0,101.0,322.0,2465,-10.0,5.366666666666666,459.3167701863354
2013,7,7,AA,JFK,ORD,50.0,101.0,105.0,740,51.0,1.75,422.85714285714283
2013,8,4,AA,JFK,SFO,56.0,101.0,359.0,2586,45.0,5.983333333333333,432.20055710306406
2013,8,12,B6,JFK,JAX,108.0,101.0,116.0,828,-7.0,1.9333333333333333,428.2758620689655
2013,7,3,AA,JFK,SJU,105.0,101.0,204.0,1598,-4.0,3.4,470.0
2013,7,30,UA,JFK,SFO,112.0,101.0,350.0,2586,-11.0,5.833333333333333,443.31428571428575
2013,7,9,DL,JFK,ATL,69.0,101.0,95.0,760,32.0,1.5833333333333333,480.0
2013,7,18,B6,JFK,FLL,97.0,101.0,137.0,1069,4.0,2.283333333333333,468.17518248175185
2013,8,1,B6,JFK,BOS,105.0,101.0,40.0,187,-4.0,0.6666666666666666,280.5
2013,7,14,9E,JFK,DCA,131.0,101.0,35.0,213,-30.0,0.5833333333333334,365.1428571428571
2013,7,10,DL,JFK,SFO,10.0,101.0,378.0,2586,91.0,6.3,410.4761904761905
2013,7,21,MQ,JFK,CLE,65.0,100.0,89.0,425,35.0,1.4833333333333334,286.51685393258424
2013,7,3,9E,JFK,DCA,115.0,100.0,44.0,213,-15.0,0.7333333333333333,290.4545454545455
2013,7,19,9E,JFK,MSY,127.0,100.0,148.0,1182,-27.0,2.466666666666667,479.18918918918916
2013,8,9,B6,JFK,FLL,72.0,100.0,151.0,1069,28.0,2.5166666666666666,424.76821192052984
2013,7,24,B6,JFK,SJU,84.0,100.0,193.0,1598,16.0,3.216666666666667,496.78756476683935
2013,6,27,DL,JFK,SLC,26.0,100.0,263.0,1990,74.0,4.383333333333334,453.9923954372623
2013,8,3,B6,JFK,SJU,109.0,100.0,195.0,1598,-9.0,3.25,491.6923076923077
2013,6,27,DL,JFK,LAX,74.0,100.0,300.0,2475,26.0,5.0,495.0
2013,8,17,DL,JFK,TPA,105.0,100.0,145.0,1005,-5.0,2.4166666666666665,415.86206896551727
2013,7,1,MQ,JFK,DCA,88.0,100.0,50.0,213,12.0,0.8333333333333334,255.6
2013,6,27,AA,JFK,ORD,84.0,100.0,124.0,740,16.0,2.066666666666667,358.0645161290322
2013,7,8,B6,JFK,SMF,131.0,100.0,325.0,2521,-31.0,5.416666666666667,465.4153846153846
2013,8,13,B6,JFK,CLT,-2.0,100.0,115.0,541,102.0,1.9166666666666667,282.2608695652174
2013,8,13,9E,JFK,PHL,76.0,100.0,36.0,94,24.0,0.6,156.66666666666669
2013,6,1,9E,JFK,CVG,107.0,100.0,83.0,589,-7.0,1.3833333333333333,425.7831325301205
2013,6,23,UA,JFK,SFO,101.0,100.0,342.0,2586,-1.0,5.7,453.6842105263158
2013,6,7,DL,JFK,DEN,67.0,100.0,230.0,1626,33.0,3.8333333333333335,424.17391304347825
2013,7,6,B6,JFK,BUF,105.0,100.0,57.0,301,-5.0,0.95,316.8421052631579
2013,6,10,B6,JFK,HOU,99.0,100.0,199.0,1428,1.0,3.316666666666667,430.55276381909545
2013,8,1,B6,JFK,PWM,112.0,100.0,49.0,273,-12.0,0.8166666666666667,334.2857142857143
2013,6,10,9E,JFK,ORD,110.0,100.0,106.0,740,-10.0,1.7666666666666666,418.8679245283019
2013,7,4,B6,JFK,MCO,118.0,100.0,128.0,944,-18.0,2.1333333333333333,442.5
2013,7,9,B6,JFK,LAX,32.0,100.0,312.0,2475,68.0,5.2,475.96153846153845
2013,7,18,B6,JFK,ROC,110.0,100.0,48.0,264,-10.0,0.8,330.0
2013,7,2,B6,JFK,BOS,103.0,100.0,43.0,187,-3.0,0.7166666666666667,260.93023255813955
2013,7,23,B6,JFK,BUF,33.0,100.0,65.0,301,67.0,1.0833333333333333,277.84615384615387
2013,7,31,B6,JFK,SJU,117.0,100.0,195.0,1598,-17.0,3.25,491.6923076923077
2013,7,9,B6,JFK,FLL,73.0,100.0,149.0,1069,27.0,2.4833333333333334,430.4697986577181
2013,6,8,DL,JFK,BOS,123.0,100.0,41.0,187,-23.0,0.6833333333333333,273.6585365853658
2013,6,13,US,JFK,CLT,65.0,100.0,102.0,541,35.0,1.7,318.2352941176471
2013,7,17,9E,JFK,CHS,99.0,100.0,84.0,636,1.0,1.4,454.28571428571433
2013,7,25,DL,JFK,SAT,122.0,100.0,205.0,1587,-22.0,3.4166666666666665,464.4878048780488
2013,7,22,B6,JFK,BQN,86.0,100.0,188.0,1576,14.0,3.1333333333333333,502.97872340425533
2013,6,14,MQ,JFK,DCA,104.0,100.0,50.0,213,-4.0,0.8333333333333334,255.6
2013,6,10,B6,JFK,SJU,25.0,100.0,201.0,1598,75.0,3.35,477.0149253731343
2013,6,26,AA,JFK,MIA,3.0,99.0,173.0,1089,96.0,2.8833333333333333,377.6878612716763
2013,7,25,B6,JFK,BOS,88.0,99.0,36.0,187,11.0,0.6,311.6666666666667
2013,6,28,B6,JFK,CHS,96.0,99.0,96.0,636,3.0,1.6,397.5
2013,7,8,B6,JFK,BOS,84.0,99.0,46.0,187,15.0,0.7666666666666667,243.91304347826085
2013,8,12,B6,JFK,FLL,120.0,99.0,155.0,1069,-21.0,2.5833333333333335,413.8064516129032
2013,6,27,B6,JFK,MSY,85.0,99.0,149.0,1182,14.0,2.4833333333333334,475.9731543624161
2013,6,30,MQ,JFK,CLE,2.0,99.0,78.0,425,97.0,1.3,326.9230769230769
2013,7,27,9E,JFK,JAX,86.0,99.0,123.0,828,13.0,2.05,403.9024390243903
2013,8,6,B6,JFK,DEN,111.0,99.0,223.0,1626,-12.0,3.716666666666667,437.48878923766813
2013,7,8,9E,JFK,PIT,119.0,99.0,60.0,340,-20.0,1.0,340.0
2013,7,1,DL,JFK,MCO,7.0,99.0,145.0,944,92.0,2.4166666666666665,390.62068965517244
2013,8,14,B6,JFK,FLL,59.0,99.0,155.0,1069,40.0,2.5833333333333335,413.8064516129032
2013,7,12,DL,JFK,SFO,132.0,99.0,316.0,2586,-33.0,5.266666666666667,491.01265822784814
2013,7,20,MQ,JFK,CMH,114.0,99.0,76.0,483,-15.0,1.2666666666666666,381.3157894736842
2013,7,1,9E,JFK,MKE,104.0,99.0,111.0,745,-5.0,1.85,402.7027027027027
2013,8,4,B6,JFK,SAN,129.0,99.0,311.0,2446,-30.0,5.183333333333334,471.89710610932474
2013,6,25,B6,JFK,BQN,123.0,99.0,183.0,1576,-24.0,3.05,516.7213114754098
2013,7,28,MQ,JFK,BNA,43.0,99.0,142.0,765,56.0,2.3666666666666667,323.23943661971833
2013,7,16,DL,JFK,SFO,90.0,99.0,347.0,2586,9.0,5.783333333333333,447.1469740634006
2013,6,13,DL,JFK,MIA,56.0,99.0,205.0,1089,43.0,3.4166666666666665,318.7317073170732
2013,8,9,UA,JFK,SFO,21.0,99.0,356.0,2586,78.0,5.933333333333334,435.8426966292135
2013,6,10,B6,JFK,BOS,62.0,99.0,32.0,187,37.0,0.5333333333333333,350.625
2013,6,28,B6,JFK,PHX,89.0,99.0,284.0,2153,10.0,4.733333333333333,454.85915492957747
2013,6,30,AA,JFK,IAH,116.0,99.0,193.0,1417,-17.0,3.216666666666667,440.5181347150259
2013,6,23,DL,JFK,SAT,16.0,99.0,207.0,1587,83.0,3.45,460.0
2013,8,8,MQ,JFK,BWI,52.0,99.0,55.0,184,47.0,0.9166666666666666,200.72727272727275
2013,8,28,B6,JFK,SJU,85.0,99.0,191.0,1598,14.0,3.183333333333333,501.98952879581157
2013,7,2,B6,JFK,LAX,85.0,99.0,304.0,2475,14.0,5.066666666666666,488.4868421052632
2013,6,23,VX,JFK,SFO,103.0,99.0,348.0,2586,-4.0,5.8,445.86206896551727
2013,6,12,B6,JFK,PBI,99.0,99.0,136.0,1028,0.0,2.2666666666666666,453.5294117647059
2013,7,12,B6,JFK,PBI,85.0,99.0,147.0,1028,14.0,2.45,419.59183673469386
2013,6,26,B6,JFK,MCO,53.0,99.0,133.0,944,46.0,2.216666666666667,425.8646616541353
2013,7,23,B6,JFK,SJU,93.0,99.0,209.0,1598,6.0,3.4833333333333334,458.755980861244
2013,8,1,AA,JFK,LAX,85.0,99.0,348.0,2475,14.0,5.8,426.7241379310345
2013,8,8,EV,JFK,IAD,42.0,99.0,54.0,228,57.0,0.9,253.33333333333331
2013,8,28,B6,JFK,SYR,85.0,99.0,39.0,209,14.0,0.65,321.53846153846155
2013,6,26,B6,JFK,BQN,89.0,99.0,196.0,1576,10.0,3.2666666666666666,482.44897959183675
2013,6,25,MQ,JFK,BNA,94.0,98.0,107.0,765,4.0,1.7833333333333334,428.9719626168224
2013,7,23,9E,JFK,BWI,111.0,98.0,36.0,184,-13.0,0.6,306.6666666666667
2013,7,28,B6,JFK,LAS,55.0,98.0,308.0,2248,43.0,5.133333333333334,437.9220779220779
2013,8,11,B6,JFK,TPA,114.0,98.0,136.0,1005,-16.0,2.2666666666666666,443.38235294117646
2013,6,26,DL,JFK,ATL,86.0,98.0,103.0,760,12.0,1.7166666666666666,442.71844660194176
2013,6,7,DL,JFK,FLL,60.0,98.0,160.0,1069,38.0,2.6666666666666665,400.875
2013,6,25,VX,JFK,LAS,95.0,98.0,297.0,2248,3.0,4.95,454.14141414141415
2013,7,1,B6,JFK,MVY,89.0,98.0,41.0,173,9.0,0.6833333333333333,253.17073170731706
2013,8,13,B6,JFK,AUS,92.0,98.0,206.0,1521,6.0,3.433333333333333,443.0097087378641
2013,8,9,B6,JFK,ABQ,112.0,98.0,246.0,1826,-14.0,4.1,445.36585365853665
2013,6,7,B6,JFK,JAX,98.0,98.0,124.0,828,0.0,2.066666666666667,400.64516129032256
2013,7,23,B6,JFK,PBI,98.0,98.0,134.0,1028,0.0,2.2333333333333334,460.29850746268653
2013,7,28,DL,JFK,SLC,57.0,98.0,263.0,1990,41.0,4.383333333333334,453.9923954372623
2013,7,1,DL,JFK,SEA,138.0,98.0,312.0,2422,-40.0,5.2,465.7692307692308
2013,7,10,9E,JFK,RIC,73.0,98.0,69.0,288,25.0,1.15,250.43478260869568
2013,7,19,B6,JFK,TPA,71.0,98.0,150.0,1005,27.0,2.5,402.0
2013,7,2,B6,JFK,SYR,119.0,98.0,37.0,209,-21.0,0.6166666666666667,338.9189189189189
2013,7,27,DL,JFK,SLC,101.0,98.0,264.0,1990,-3.0,4.4,452.27272727272725
2013,6,27,DL,JFK,AUS,19.0,98.0,198.0,1521,79.0,3.3,460.90909090909093
2013,7,19,B6,JFK,SJU,79.0,98.0,200.0,1598,19.0,3.3333333333333335,479.4
2013,6,10,VX,JFK,SFO,129.0,98.0,325.0,2586,-31.0,5.416666666666667,477.4153846153846
2013,7,29,B6,JFK,SJU,97.0,98.0,217.0,1598,1.0,3.6166666666666667,441.84331797235023
2013,6,17,DL,JFK,MIA,24.0,98.0,163.0,1089,74.0,2.716666666666667,400.85889570552143
2013,6,24,B6,JFK,MCO,82.0,98.0,130.0,944,16.0,2.1666666666666665,435.69230769230774
2013,8,28,B6,JFK,BOS,83.0,98.0,36.0,187,15.0,0.6,311.6666666666667
2013,7,7,B6,JFK,SLC,38.0,98.0,260.0,1990,60.0,4.333333333333333,459.2307692307693
2013,6,10,DL,JFK,MIA,71.0,98.0,146.0,1089,27.0,2.433333333333333,447.5342465753425
2013,7,9,9E,JFK,CVG,136.0,98.0,88.0,589,-38.0,1.4666666666666666,401.5909090909091
2013,7,1,B6,JFK,LAS,63.0,98.0,291.0,2248,35.0,4.85,463.5051546391753
2013,6,28,B6,JFK,BUF,110.0,98.0,50.0,301,-12.0,0.8333333333333334,361.2
2013,7,22,DL,JFK,SFO,-6.0,98.0,382.0,2586,104.0,6.366666666666666,406.17801047120423
2013,7,7,B6,JFK,PSE,102.0,98.0,207.0,1617,-4.0,3.45,468.695652173913
2013,6,20,B6,JFK,AUS,81.0,98.0,193.0,1521,17.0,3.216666666666667,472.8497409326425
2013,7,28,9E,JFK,CVG,3.0,98.0,116.0,589,95.0,1.9333333333333333,304.6551724137931
2013,7,22,DL,JFK,SJU,93.0,98.0,195.0,1598,5.0,3.25,491.6923076923077
2013,7,9,MQ,JFK,CMH,99.0,98.0,72.0,483,-1.0,1.2,402.5
2013,6,11,9E,JFK,CLT,74.0,98.0,94.0,541,24.0,1.5666666666666667,345.3191489361702
2013,7,5,MQ,JFK,BNA,116.0,98.0,111.0,765,-18.0,1.85,413.5135135135135
2013,6,28,B6,JFK,TPA,105.0,98.0,134.0,1005,-7.0,2.2333333333333334,450.0
2013,6,14,VX,JFK,SFO,2.0,98.0,382.0,2586,96.0,6.366666666666666,406.17801047120423
2013,6,14,MQ,JFK,CMH,11.0,97.0,82.0,483,86.0,1.3666666666666667,353.4146341463414
2013,8,9,B6,JFK,TPA,119.0,97.0,130.0,1005,-22.0,2.1666666666666665,463.84615384615387
2013,6,13,9E,JFK,DCA,59.0,97.0,69.0,213,38.0,1.15,185.21739130434784
2013,8,14,DL,JFK,TPA,105.0,97.0,136.0,1005,-8.0,2.2666666666666666,443.38235294117646
2013,6,28,9E,JFK,CLE,59.0,97.0,100.0,425,38.0,1.6666666666666667,255.0
2013,6,24,AA,JFK,SAN,76.0,97.0,324.0,2446,21.0,5.4,452.96296296296293
2013,6,18,9E,JFK,CLT,-3.0,97.0,103.0,541,100.0,1.7166666666666666,315.1456310679612
2013,7,20,DL,JFK,PHX,105.0,97.0,269.0,2153,-8.0,4.483333333333333,480.2230483271375
2013,7,9,MQ,JFK,DCA,87.0,97.0,58.0,213,10.0,0.9666666666666667,220.3448275862069
2013,7,30,AA,JFK,SFO,109.0,97.0,342.0,2586,-12.0,5.7,453.6842105263158
2013,6,14,DL,JFK,LAS,1.0,97.0,308.0,2248,96.0,5.133333333333334,437.9220779220779
2013,6,14,UA,JFK,SFO,4.0,97.0,360.0,2586,93.0,6.0,431.0
2013,7,3,9E,JFK,IND,101.0,97.0,102.0,665,-4.0,1.7,391.1764705882353
2013,7,17,DL,JFK,LAX,134.0,97.0,292.0,2475,-37.0,4.866666666666666,508.5616438356165
2013,8,22,B6,JFK,AUS,112.0,97.0,191.0,1521,-15.0,3.183333333333333,477.8010471204189
2013,8,20,B6,JFK,MCO,128.0,97.0,129.0,944,-31.0,2.15,439.0697674418605
2013,6,10,B6,JFK,PWM,96.0,97.0,45.0,273,1.0,0.75,364.0
2013,7,6,DL,JFK,AUS,127.0,97.0,195.0,1521,-30.0,3.25,468.0
2013,6,25,9E,JFK,BOS,105.0,97.0,40.0,187,-8.0,0.6666666666666666,280.5
2013,8,3,B6,JFK,SJU,80.0,97.0,199.0,1598,17.0,3.316666666666667,481.80904522613065
2013,7,28,AA,JFK,LAX,2.0,97.0,329.0,2475,95.0,5.483333333333333,451.36778115501517
2013,6,21,9E,JFK,MKE,130.0,97.0,101.0,745,-33.0,1.6833333333333333,442.5742574257426
2013,6,28,B6,JFK,LAS,98.0,97.0,298.0,2248,-1.0,4.966666666666667,452.6174496644295
2013,8,24,9E,JFK,BUF,101.0,97.0,51.0,301,-4.0,0.85,354.11764705882354
2013,7,14,UA,JFK,SFO,104.0,97.0,330.0,2586,-7.0,5.5,470.1818181818182
2013,6,27,MQ,JFK,CVG,17.0,97.0,96.0,589,80.0,1.6,368.125
2013,8,13,MQ,JFK,RDU,59.0,97.0,79.0,427,38.0,1.3166666666666667,324.30379746835445
2013,6,29,AA,JFK,MIA,77.0,97.0,163.0,1089,20.0,2.716666666666667,400.85889570552143
2013,7,11,9E,JFK,MSY,108.0,97.0,168.0,1182,-11.0,2.8,422.14285714285717
2013,6,13,VX,JFK,LAX,-4.0,97.0,329.0,2475,101.0,5.483333333333333,451.36778115501517
2013,7,20,9E,JFK,DCA,29.0,97.0,49.0,213,68.0,0.8166666666666667,260.81632653061223
2013,6,15,MQ,JFK,IND,123.0,97.0,99.0,665,-26.0,1.65,403.03030303030306
2013,8,13,B6,JFK,BUF,106.0,97.0,54.0,301,-9.0,0.9,334.44444444444446
2013,8,7,VX,JFK,SFO,44.0,97.0,362.0,2586,53.0,6.033333333333333,428.61878453038673
2013,6,7,UA,JFK,LAX,74.0,97.0,313.0,2475,23.0,5.216666666666667,474.4408945686901
2013,8,9,9E,JFK,MKE,0.0,97.0,114.0,745,97.0,1.9,392.10526315789474
2013,6,10,UA,JFK,SFO,78.0,97.0,361.0,2586,19.0,6.016666666666667,429.80609418282546
2013,7,22,UA,JFK,SFO,0.0,97.0,379.0,2586,97.0,6.316666666666666,409.39313984168865
2013,6,17,AA,JFK,IAH,70.0,97.0,200.0,1417,27.0,3.3333333333333335,425.09999999999997
2013,7,23,B6,JFK,MSY,68.0,97.0,165.0,1182,29.0,2.75,429.8181818181818
2013,7,7,AA,JFK,AUS,43.0,97.0,202.0,1521,54.0,3.3666666666666667,451.78217821782175
2013,8,15,AA,JFK,LAX,106.0,96.0,312.0,2475,-10.0,5.2,475.96153846153845
2013,8,2,DL,JFK,PDX,99.0,96.0,355.0,2454,-3.0,5.916666666666667,414.76056338028167
2013,8,2,B6,JFK,SLC,87.0,96.0,298.0,1990,9.0,4.966666666666667,400.6711409395973
2013,7,28,9E,JFK,MSP,35.0,96.0,137.0,1029,61.0,2.283333333333333,450.6569343065694
2013,6,23,B6,JFK,AUS,87.0,96.0,196.0,1521,9.0,3.2666666666666666,465.6122448979592
2013,6,28,AA,JFK,LAX,102.0,96.0,308.0,2475,-6.0,5.133333333333334,482.1428571428571
2013,8,22,B6,JFK,BOS,120.0,96.0,40.0,187,-24.0,0.6666666666666666,280.5
2013,6,28,US,JFK,PHX,58.0,96.0,301.0,2153,38.0,5.016666666666667,429.16943521594686
2013,8,9,9E,JFK,SDF,36.0,96.0,105.0,662,60.0,1.75,378.2857142857143
2013,6,14,AA,JFK,AUS,-2.0,96.0,197.0,1521,98.0,3.283333333333333,463.24873096446703
2013,8,3,DL,JFK,MIA,101.0,96.0,147.0,1089,-5.0,2.45,444.4897959183673
2013,6,10,DL,JFK,LAX,75.0,96.0,312.0,2475,21.0,5.2,475.96153846153845
2013,6,2,US,JFK,PHX,100.0,96.0,274.0,2153,-4.0,4.566666666666666,471.4598540145986
2013,7,7,B6,JFK,RDU,54.0,96.0,67.0,427,42.0,1.1166666666666667,382.3880597014925
2013,7,13,AA,JFK,LAS,106.0,96.0,283.0,2248,-10.0,4.716666666666667,476.6077738515901
2013,7,10,AA,JFK,DFW,30.0,96.0,177.0,1391,66.0,2.95,471.5254237288135
2013,7,11,B6,JFK,PHX,122.0,96.0,262.0,2153,-26.0,4.366666666666666,493.0534351145039
2013,8,13,AA,JFK,LAX,33.0,96.0,348.0,2475,63.0,5.8,426.7241379310345
2013,8,8,MQ,JFK,ORF,96.0,96.0,50.0,290,0.0,0.8333333333333334,348.0
2013,8,14,DL,JFK,PHX,34.0,96.0,295.0,2153,62.0,4.916666666666667,437.89830508474574
2013,8,22,B6,JFK,JAX,62.0,96.0,122.0,828,34.0,2.033333333333333,407.2131147540984
2013,6,30,B6,JFK,BUF,113.0,96.0,52.0,301,-17.0,0.8666666666666667,347.3076923076923
2013,6,24,DL,JFK,DTW,72.0,96.0,95.0,509,24.0,1.5833333333333333,321.47368421052636
2013,7,22,AA,JFK,LAX,55.0,96.0,324.0,2475,41.0,5.4,458.3333333333333
2013,7,9,9E,JFK,CVG,46.0,96.0,90.0,589,50.0,1.5,392.6666666666667
2013,7,11,B6,JFK,PBI,102.0,96.0,135.0,1028,-6.0,2.25,456.8888888888889
2013,6,7,B6,JFK,TPA,49.0,96.0,143.0,1005,47.0,2.3833333333333333,421.6783216783217
2013,6,17,9E,JFK,DCA,91.0,96.0,52.0,213,5.0,0.8666666666666667,245.76923076923077
2013,6,28,B6,JFK,PWM,119.0,96.0,47.0,273,-23.0,0.7833333333333333,348.51063829787233
2013,6,13,B6,JFK,PWM,58.0,96.0,49.0,273,38.0,0.8166666666666667,334.2857142857143
2013,8,9,MQ,JFK,BNA,38.0,96.0,114.0,765,58.0,1.9,402.63157894736844
2013,8,22,B6,JFK,BUF,119.0,96.0,53.0,301,-23.0,0.8833333333333333,340.7547169811321
2013,8,3,B6,JFK,ORD,95.0,96.0,127.0,740,1.0,2.1166666666666667,349.6062992125984
2013,7,6,B6,JFK,PSE,108.0,96.0,203.0,1617,-12.0,3.3833333333333333,477.9310344827586
2013,7,11,MQ,JFK,DCA,46.0,96.0,46.0,213,50.0,0.7666666666666667,277.8260869565217
2013,6,15,AA,JFK,BOS,137.0,96.0,36.0,187,-41.0,0.6,311.6666666666667
2013,8,9,9E,JFK,BUF,62.0,96.0,62.0,301,34.0,1.0333333333333334,291.2903225806451
2013,7,21,9E,JFK,PHL,121.0,96.0,25.0,94,-25.0,0.4166666666666667,225.6
2013,6,17,9E,JFK,DTW,58.0,95.0,96.0,509,37.0,1.6,318.125
2013,6,17,AA,JFK,LAS,87.0,95.0,319.0,2248,8.0,5.316666666666666,422.8213166144201
2013,7,28,B6,JFK,SAN,11.0,95.0,329.0,2446,84.0,5.483333333333333,446.0790273556231
2013,8,1,B6,JFK,BUF,97.0,95.0,56.0,301,-2.0,0.9333333333333333,322.5
2013,6,13,9E,JFK,CVG,73.0,95.0,93.0,589,22.0,1.55,380.0
2013,6,26,B6,JFK,FLL,54.0,95.0,149.0,1069,41.0,2.4833333333333334,430.4697986577181
2013,6,25,UA,JFK,SFO,92.0,95.0,338.0,2586,3.0,5.633333333333334,459.0532544378698
2013,6,17,B6,JFK,ORD,67.0,95.0,134.0,740,28.0,2.2333333333333334,331.34328358208955
2013,7,2,B6,JFK,JAX,90.0,95.0,118.0,828,5.0,1.9666666666666666,421.0169491525424
2013,7,22,DL,JFK,LAS,21.0,95.0,303.0,2248,74.0,5.05,445.1485148514852
2013,6,10,9E,JFK,PHL,94.0,95.0,35.0,94,1.0,0.5833333333333334,161.14285714285714
2013,8,13,US,JFK,CLT,89.0,95.0,86.0,541,6.0,1.4333333333333333,377.4418604651163
2013,7,10,AA,JFK,LAX,50.0,95.0,326.0,2475,45.0,5.433333333333334,455.52147239263803
2013,6,30,B6,JFK,MSY,111.0,95.0,165.0,1182,-16.0,2.75,429.8181818181818
2013,7,23,B6,JFK,BOS,103.0,95.0,37.0,187,-8.0,0.6166666666666667,303.2432432432432
2013,7,28,DL,JFK,SLC,27.0,95.0,281.0,1990,68.0,4.683333333333334,424.9110320284697
2013,6,26,B6,JFK,PBI,99.0,95.0,141.0,1028,-4.0,2.35,437.4468085106383
2013,8,2,B6,JFK,MCO,81.0,95.0,128.0,944,14.0,2.1333333333333333,442.5
2013,7,11,B6,JFK,SJU,95.0,95.0,199.0,1598,0.0,3.316666666666667,481.80904522613065
2013,7,18,B6,JFK,DEN,108.0,95.0,203.0,1626,-13.0,3.3833333333333333,480.5911330049261
2013,8,28,DL,JFK,SAT,160.0,95.0,189.0,1587,-65.0,3.15,503.8095238095238
2013,7,9,9E,JFK,BWI,99.0,95.0,35.0,184,-4.0,0.5833333333333334,315.4285714285714
2013,7,7,B6,JFK,SMF,39.0,95.0,325.0,2521,56.0,5.416666666666667,465.4153846153846
2013,7,22,DL,JFK,ATL,82.0,95.0,114.0,760,13.0,1.9,400.0
2013,8,9,AA,JFK,SFO,82.0,95.0,344.0,2586,13.0,5.733333333333333,451.04651162790697
2013,8,9,B6,JFK,OAK,112.0,95.0,331.0,2576,-17.0,5.516666666666667,466.9486404833837
2013,7,8,B6,JFK,SJU,96.0,95.0,203.0,1598,-1.0,3.3833333333333333,472.3152709359606
2013,6,14,AA,JFK,BOS,82.0,95.0,40.0,187,13.0,0.6666666666666666,280.5
2013,7,1,B6,JFK,HOU,62.0,95.0,208.0,1428,33.0,3.466666666666667,411.9230769230769
2013,8,22,B6,JFK,MCO,78.0,95.0,126.0,944,17.0,2.1,449.5238095238095
2013,7,22,US,JFK,PHX,5.0,95.0,304.0,2153,90.0,5.066666666666666,424.93421052631584
2013,7,1,DL,JFK,AUS,91.0,95.0,214.0,1521,4.0,3.566666666666667,426.4485981308411
2013,8,8,AA,JFK,LAX,95.0,95.0,317.0,2475,0.0,5.283333333333333,468.45425867507885
2013,6,13,B6,JFK,CHS,43.0,95.0,117.0,636,52.0,1.95,326.1538461538462
2013,6,29,US,JFK,PHX,94.0,95.0,281.0,2153,1.0,4.683333333333334,459.71530249110316
2013,6,28,DL,JFK,SJU,126.0,94.0,192.0,1598,-32.0,3.2,499.375
2013,7,2,9E,JFK,DTW,63.0,94.0,88.0,509,31.0,1.4666666666666666,347.04545454545456
2013,6,14,DL,JFK,LAX,10.0,94.0,343.0,2475,84.0,5.716666666666667,432.94460641399417
2013,8,28,9E,JFK,MCI,146.0,94.0,144.0,1113,-52.0,2.4,463.75
2013,8,25,B6,JFK,SRQ,113.0,94.0,137.0,1041,-19.0,2.283333333333333,455.9124087591241
2013,6,7,B6,JFK,MSY,61.0,94.0,164.0,1182,33.0,2.7333333333333334,432.4390243902439
2013,7,28,B6,JFK,FLL,10.0,94.0,145.0,1069,84.0,2.4166666666666665,442.3448275862069
2013,7,12,EV,JFK,IAD,51.0,94.0,52.0,228,43.0,0.8666666666666667,263.0769230769231
2013,8,1,9E,JFK,MSP,93.0,94.0,143.0,1029,1.0,2.3833333333333333,431.74825174825173
2013,7,12,AA,JFK,LAX,148.0,94.0,277.0,2475,-54.0,4.616666666666666,536.101083032491
2013,6,13,VX,JFK,SFO,56.0,94.0,350.0,2586,38.0,5.833333333333333,443.31428571428575
2013,6,13,DL,JFK,SLC,87.0,94.0,272.0,1990,7.0,4.533333333333333,438.97058823529414
2013,7,8,B6,JFK,DEN,111.0,94.0,212.0,1626,-17.0,3.533333333333333,460.188679245283
2013,6,18,AA,JFK,TPA,114.0,94.0,139.0,1005,-20.0,2.316666666666667,433.81294964028774
2013,7,18,DL,JFK,SLC,133.0,94.0,252.0,1990,-39.0,4.2,473.8095238095238
2013,7,21,DL,JFK,SEA,85.0,94.0,326.0,2422,9.0,5.433333333333334,445.76687116564415
2013,6,26,B6,JFK,LAS,76.0,94.0,282.0,2248,18.0,4.7,478.2978723404255
2013,6,18,B6,JFK,IAD,62.0,94.0,73.0,228,32.0,1.2166666666666666,187.39726027397262
2013,7,12,9E,JFK,JAX,63.0,94.0,118.0,828,31.0,1.9666666666666666,421.0169491525424
2013,8,28,DL,JFK,BOS,117.0,94.0,36.0,187,-23.0,0.6,311.6666666666667
2013,8,1,B6,JFK,JAX,93.0,94.0,118.0,828,1.0,1.9666666666666666,421.0169491525424
2013,7,13,B6,JFK,DEN,109.0,94.0,211.0,1626,-15.0,3.5166666666666666,462.3696682464455
2013,8,12,B6,JFK,BUF,92.0,94.0,57.0,301,2.0,0.95,316.8421052631579
2013,6,5,B6,JFK,PWM,97.0,94.0,47.0,273,-3.0,0.7833333333333333,348.51063829787233
2013,8,13,B6,JFK,PBI,88.0,94.0,139.0,1028,6.0,2.316666666666667,443.74100719424456
2013,7,22,B6,JFK,PBI,86.0,94.0,139.0,1028,8.0,2.316666666666667,443.74100719424456
2013,8,9,B6,JFK,IAD,53.0,94.0,67.0,228,41.0,1.1166666666666667,204.17910447761193
2013,7,2,9E,JFK,MSY,118.0,94.0,162.0,1182,-24.0,2.7,437.77777777777777
2013,7,13,DL,JFK,MIA,82.0,94.0,157.0,1089,12.0,2.6166666666666667,416.1783439490446
2013,6,25,DL,JFK,MIA,95.0,94.0,148.0,1089,-1.0,2.466666666666667,441.48648648648646
2013,7,24,DL,JFK,BOS,99.0,94.0,34.0,187,-5.0,0.5666666666666667,330.0
2013,8,28,B6,JFK,SJU,110.0,94.0,194.0,1598,-16.0,3.2333333333333334,494.2268041237113
2013,8,6,DL,JFK,AUS,106.0,94.0,203.0,1521,-12.0,3.3833333333333333,449.5566502463054
2013,7,13,B6,JFK,BUF,88.0,94.0,52.0,301,6.0,0.8666666666666667,347.3076923076923
2013,7,16,B6,JFK,SFO,104.0,94.0,337.0,2586,-10.0,5.616666666666666,460.41543026706233
2013,7,31,B6,JFK,ORD,119.0,94.0,114.0,740,-25.0,1.9,389.47368421052636
2013,6,25,B6,JFK,ROC,86.0,94.0,51.0,264,8.0,0.85,310.5882352941177
2013,8,4,B6,JFK,BOS,100.0,94.0,39.0,187,-6.0,0.65,287.6923076923077
2013,6,27,B6,JFK,MCO,45.0,93.0,146.0,944,48.0,2.433333333333333,387.9452054794521
2013,8,8,B6,JFK,DEN,80.0,93.0,222.0,1626,13.0,3.7,439.4594594594594
2013,6,16,VX,JFK,SFO,7.0,93.0,368.0,2586,86.0,6.133333333333334,421.6304347826087
2013,7,10,DL,JFK,LAX,-2.0,93.0,321.0,2475,95.0,5.35,462.61682242990656
2013,6,14,B6,JFK,TPA,110.0,93.0,119.0,1005,-17.0,1.9833333333333334,506.7226890756302
2013,8,9,B6,JFK,FLL,97.0,93.0,153.0,1069,-4.0,2.55,419.21568627450984
2013,6,23,VX,JFK,LAX,91.0,93.0,322.0,2475,2.0,5.366666666666666,461.18012422360255
2013,8,7,9E,JFK,BOS,57.0,93.0,42.0,187,36.0,0.7,267.14285714285717
2013,8,6,EV,JFK,IAD,101.0,93.0,42.0,228,-8.0,0.7,325.7142857142857
2013,7,19,B6,JFK,MCO,102.0,93.0,125.0,944,-9.0,2.0833333333333335,453.11999999999995
2013,6,17,B6,JFK,PBI,48.0,93.0,146.0,1028,45.0,2.433333333333333,422.4657534246576
2013,6,17,9E,JFK,IND,57.0,93.0,101.0,665,36.0,1.6833333333333333,395.049504950495
2013,6,27,DL,JFK,DEN,46.0,93.0,225.0,1626,47.0,3.75,433.6
2013,6,7,DL,JFK,MIA,40.0,93.0,192.0,1089,53.0,3.2,340.3125
2013,7,3,9E,JFK,JAX,115.0,93.0,115.0,828,-22.0,1.9166666666666667,432.0
2013,8,8,B6,JFK,MSY,94.0,93.0,150.0,1182,-1.0,2.5,472.8
2013,7,29,DL,JFK,SJU,75.0,93.0,206.0,1598,18.0,3.433333333333333,465.4368932038835
2013,7,16,B6,JFK,CHS,70.0,93.0,91.0,636,23.0,1.5166666666666666,419.34065934065933
2013,7,20,MQ,JFK,DCA,54.0,93.0,51.0,213,39.0,0.85,250.58823529411765
2013,8,8,B6,JFK,SEA,28.0,93.0,353.0,2422,65.0,5.883333333333334,411.671388101983
2013,7,28,MQ,JFK,DCA,0.0,93.0,58.0,213,93.0,0.9666666666666667,220.3448275862069
2013,8,8,AA,JFK,IAH,76.0,93.0,189.0,1417,17.0,3.15,449.8412698412699
2013,7,2,B6,JFK,DEN,116.0,93.0,206.0,1626,-23.0,3.433333333333333,473.59223300970876
2013,6,27,B6,JFK,AUS,54.0,93.0,190.0,1521,39.0,3.1666666666666665,480.3157894736842
2013,7,18,B6,JFK,BUF,103.0,93.0,57.0,301,-10.0,0.95,316.8421052631579
2013,7,10,B6,JFK,SLC,20.0,93.0,272.0,1990,73.0,4.533333333333333,438.97058823529414
2013,8,13,B6,JFK,BUF,95.0,93.0,59.0,301,-2.0,0.9833333333333333,306.10169491525426
2013,8,23,UA,JFK,SFO,94.0,93.0,334.0,2586,-1.0,5.566666666666666,464.55089820359285
2013,8,22,9E,JFK,RDU,136.0,93.0,59.0,427,-43.0,0.9833333333333333,434.23728813559325
2013,8,1,B6,JFK,MSY,94.0,93.0,153.0,1182,-1.0,2.55,463.5294117647059
2013,6,30,VX,JFK,LAX,80.0,93.0,319.0,2475,13.0,5.316666666666666,465.51724137931035
2013,7,28,DL,JFK,SJU,56.0,93.0,206.0,1598,37.0,3.433333333333333,465.4368932038835
2013,8,10,DL,JFK,ATL,74.0,93.0,124.0,760,19.0,2.066666666666667,367.7419354838709
2013,6,13,B6,JFK,PDX,42.0,93.0,331.0,2454,51.0,5.516666666666667,444.83383685800607
2013,8,7,9E,JFK,BWI,73.0,93.0,50.0,184,20.0,0.8333333333333334,220.79999999999998
2013,7,22,AA,JFK,LAX,5.0,93.0,334.0,2475,88.0,5.566666666666666,444.6107784431138
2013,7,18,9E,JFK,MSY,93.0,93.0,152.0,1182,0.0,2.533333333333333,466.5789473684211
2013,7,7,UA,JFK,LAX,-4.0,92.0,333.0,2475,96.0,5.55,445.94594594594594
2013,6,7,MQ,JFK,CMH,106.0,92.0,82.0,483,-14.0,1.3666666666666667,353.4146341463414
2013,6,10,B6,JFK,ROC,79.0,92.0,51.0,264,13.0,0.85,310.5882352941177
2013,6,17,DL,JFK,ATL,57.0,92.0,106.0,760,35.0,1.7666666666666666,430.188679245283
2013,6,17,DL,JFK,MIA,49.0,92.0,155.0,1089,43.0,2.5833333333333335,421.54838709677415
2013,6,5,MQ,JFK,RDU,95.0,92.0,73.0,427,-3.0,1.2166666666666666,350.95890410958907
2013,6,10,B6,JFK,FLL,115.0,92.0,138.0,1069,-23.0,2.3,464.7826086956522
2013,8,1,9E,JFK,DCA,78.0,92.0,64.0,213,14.0,1.0666666666666667,199.6875
2013,7,11,US,JFK,CLT,81.0,92.0,84.0,541,11.0,1.4,386.42857142857144
2013,6,28,DL,JFK,LAX,112.0,92.0,313.0,2475,-20.0,5.216666666666667,474.4408945686901
2013,6,29,DL,JFK,DTW,90.0,92.0,85.0,509,2.0,1.4166666666666667,359.2941176470588
2013,6,23,B6,JFK,SJU,100.0,92.0,197.0,1598,-8.0,3.283333333333333,486.7005076142132
2013,7,4,B6,JFK,MCO,107.0,92.0,128.0,944,-15.0,2.1333333333333333,442.5
2013,6,24,DL,JFK,ATL,89.0,92.0,106.0,760,3.0,1.7666666666666666,430.188679245283
2013,8,16,B6,JFK,JAX,92.0,92.0,108.0,828,0.0,1.8,460.0
2013,8,8,UA,JFK,LAX,76.0,92.0,322.0,2475,16.0,5.366666666666666,461.18012422360255
2013,7,22,AA,JFK,SAN,70.0,92.0,332.0,2446,22.0,5.533333333333333,442.04819277108436
2013,7,23,B6,JFK,PWM,101.0,92.0,44.0,273,-9.0,0.7333333333333333,372.2727272727273
2013,8,3,9E,JFK,PIT,104.0,92.0,62.0,340,-12.0,1.0333333333333334,329.0322580645161
2013,7,24,B6,JFK,SJU,103.0,92.0,194.0,1598,-11.0,3.2333333333333334,494.2268041237113
2013,7,8,DL,JFK,PDX,139.0,92.0,326.0,2454,-47.0,5.433333333333334,451.6564417177914
2013,7,7,DL,JFK,LAS,64.0,92.0,284.0,2248,28.0,4.733333333333333,474.92957746478874
2013,8,9,EV,JFK,IAD,103.0,92.0,45.0,228,-11.0,0.75,304.0
2013,6,29,B6,JFK,MCO,89.0,92.0,140.0,944,3.0,2.3333333333333335,404.57142857142856
2013,7,3,B6,JFK,SJU,70.0,92.0,206.0,1598,22.0,3.433333333333333,465.4368932038835
2013,6,10,B6,JFK,MCO,76.0,92.0,136.0,944,16.0,2.2666666666666666,416.47058823529414
2013,6,10,B6,JFK,BUF,107.0,92.0,52.0,301,-15.0,0.8666666666666667,347.3076923076923
2013,6,24,DL,JFK,DEN,114.0,92.0,215.0,1626,-22.0,3.5833333333333335,453.7674418604651
2013,8,8,9E,JFK,DFW,51.0,92.0,196.0,1391,41.0,3.2666666666666666,425.81632653061223
2013,7,12,B6,JFK,BTV,90.0,92.0,47.0,266,2.0,0.7833333333333333,339.5744680851064
2013,6,27,DL,JFK,BOS,98.0,92.0,30.0,187,-6.0,0.5,374.0
2013,7,28,DL,JFK,SFO,-3.0,92.0,490.0,2586,95.0,8.166666666666666,316.6530612244898
2013,7,13,B6,JFK,BOS,107.0,92.0,35.0,187,-15.0,0.5833333333333334,320.57142857142856
2013,6,2,B6,JFK,ROC,99.0,92.0,47.0,264,-7.0,0.7833333333333333,337.02127659574467
2013,8,8,B6,JFK,SJU,56.0,92.0,193.0,1598,36.0,3.216666666666667,496.78756476683935
2013,7,16,B6,JFK,MCO,69.0,92.0,129.0,944,23.0,2.15,439.0697674418605
2013,8,5,DL,JFK,LAX,104.0,92.0,319.0,2475,-12.0,5.316666666666666,465.51724137931035
2013,6,4,MQ,JFK,BWI,104.0,92.0,37.0,184,-12.0,0.6166666666666667,298.3783783783784
2013,8,8,DL,JFK,BOS,87.0,91.0,36.0,187,4.0,0.6,311.6666666666667
2013,7,8,B6,JFK,ORD,101.0,91.0,111.0,740,-10.0,1.85,400.0
2013,8,22,MQ,JFK,DCA,49.0,91.0,54.0,213,42.0,0.9,236.66666666666666
2013,7,10,DL,JFK,ATL,0.0,91.0,101.0,760,91.0,1.6833333333333333,451.48514851485146
2013,8,28,B6,JFK,BUF,77.0,91.0,50.0,301,14.0,0.8333333333333334,361.2
2013,7,8,MQ,JFK,BNA,69.0,91.0,125.0,765,22.0,2.0833333333333335,367.2
2013,6,25,B6,JFK,ORD,79.0,91.0,116.0,740,12.0,1.9333333333333333,382.7586206896552
2013,6,14,9E,JFK,MSP,27.0,91.0,154.0,1029,64.0,2.566666666666667,400.9090909090909
2013,6,24,AA,JFK,LAX,63.0,91.0,319.0,2475,28.0,5.316666666666666,465.51724137931035
2013,6,6,AA,JFK,AUS,82.0,91.0,211.0,1521,9.0,3.5166666666666666,432.5118483412322
2013,7,1,DL,JFK,ATL,87.0,91.0,107.0,760,4.0,1.7833333333333334,426.1682242990654
2013,7,1,B6,JFK,BTV,112.0,91.0,44.0,266,-21.0,0.7333333333333333,362.72727272727275
2013,8,23,EV,JFK,IAD,75.0,91.0,45.0,228,16.0,0.75,304.0
2013,8,1,B6,JFK,MCO,87.0,91.0,134.0,944,4.0,2.2333333333333334,422.6865671641791
2013,8,22,9E,JFK,ORD,92.0,91.0,116.0,740,-1.0,1.9333333333333333,382.7586206896552
2013,8,28,AA,JFK,IAH,99.0,91.0,184.0,1417,-8.0,3.066666666666667,462.0652173913043
2013,6,14,DL,JFK,DTW,51.0,91.0,82.0,509,40.0,1.3666666666666667,372.4390243902439
2013,6,26,B6,JFK,FLL,49.0,91.0,155.0,1069,42.0,2.5833333333333335,413.8064516129032
2013,8,12,B6,JFK,PBI,87.0,91.0,138.0,1028,4.0,2.3,446.9565217391305
2013,7,6,B6,JFK,PBI,77.0,91.0,153.0,1028,14.0,2.55,403.13725490196083
2013,7,2,B6,JFK,BQN,84.0,91.0,203.0,1576,7.0,3.3833333333333333,465.8128078817734
2013,6,10,UA,JFK,SFO,39.0,91.0,336.0,2586,52.0,5.6,461.78571428571433
2013,6,10,DL,JFK,ATL,80.0,91.0,116.0,760,11.0,1.9333333333333333,393.1034482758621
2013,8,10,B6,JFK,BUF,89.0,91.0,64.0,301,2.0,1.0666666666666667,282.1875
2013,7,16,B6,JFK,MCO,67.0,91.0,120.0,944,24.0,2.0,472.0
2013,8,28,US,JFK,CLT,86.0,91.0,72.0,541,5.0,1.2,450.83333333333337
2013,6,25,B6,JFK,SJU,67.0,91.0,198.0,1598,24.0,3.3,484.24242424242425
2013,6,2,9E,JFK,IAD,57.0,91.0,76.0,228,34.0,1.2666666666666666,180.0
2013,8,19,AA,JFK,LAX,118.0,91.0,316.0,2475,-27.0,5.266666666666667,469.9367088607595
2013,6,30,B6,JFK,FLL,66.0,91.0,152.0,1069,25.0,2.533333333333333,421.97368421052636
2013,7,21,B6,JFK,JAX,97.0,91.0,112.0,828,-6.0,1.8666666666666667,443.57142857142856
2013,7,11,B6,JFK,LAS,87.0,91.0,295.0,2248,4.0,4.916666666666667,457.2203389830508
2013,6,13,MQ,JFK,DCA,67.0,91.0,47.0,213,24.0,0.7833333333333333,271.9148936170213
2013,6,13,DL,JFK,LAS,71.0,91.0,314.0,2248,20.0,5.233333333333333,429.5541401273885
2013,8,14,B6,JFK,FLL,58.0,91.0,147.0,1069,33.0,2.45,436.3265306122449
2013,7,12,B6,JFK,PBI,63.0,91.0,140.0,1028,28.0,2.3333333333333335,440.57142857142856
2013,7,3,DL,JFK,ATL,81.0,91.0,108.0,760,10.0,1.8,422.22222222222223
2013,8,12,B6,JFK,SJU,49.0,91.0,229.0,1598,42.0,3.816666666666667,418.6899563318777
2013,7,17,MQ,JFK,CMH,90.0,91.0,66.0,483,1.0,1.1,439.09090909090907
2013,8,14,B6,JFK,TPA,80.0,90.0,144.0,1005,10.0,2.4,418.75
2013,6,25,AA,JFK,SAN,66.0,90.0,327.0,2446,24.0,5.45,448.80733944954125
2013,8,7,B6,JFK,SJU,81.0,90.0,198.0,1598,9.0,3.3,484.24242424242425
2013,7,28,9E,JFK,MKE,-3.0,90.0,114.0,745,93.0,1.9,392.10526315789474
2013,7,29,B6,JFK,SFO,76.0,90.0,347.0,2586,14.0,5.783333333333333,447.1469740634006
2013,7,16,9E,JFK,DCA,108.0,90.0,35.0,213,-18.0,0.5833333333333334,365.1428571428571
2013,6,28,9E,JFK,MSP,49.0,90.0,151.0,1029,41.0,2.5166666666666666,408.8741721854305
2013,7,23,B6,JFK,SLC,39.0,90.0,280.0,1990,51.0,4.666666666666667,426.4285714285714
2013,8,8,AA,JFK,AUS,72.0,90.0,200.0,1521,18.0,3.3333333333333335,456.29999999999995
2013,8,2,AA,JFK,ORD,65.0,90.0,130.0,740,25.0,2.1666666666666665,341.53846153846155
2013,8,7,DL,JFK,SEA,82.0,90.0,331.0,2422,8.0,5.516666666666667,439.0332326283988
2013,7,1,DL,JFK,MIA,98.0,90.0,143.0,1089,-8.0,2.3833333333333333,456.9230769230769
2013,8,8,DL,JFK,SEA,21.0,90.0,359.0,2422,69.0,5.983333333333333,404.7910863509749
2013,7,28,UA,JFK,SFO,12.0,90.0,360.0,2586,78.0,6.0,431.0
2013,8,4,9E,JFK,MKE,89.0,90.0,122.0,745,1.0,2.033333333333333,366.39344262295083
2013,6,7,9E,JFK,ORF,32.0,90.0,52.0,290,58.0,0.8666666666666667,334.6153846153846
2013,7,28,B6,JFK,SJC,42.0,90.0,358.0,2569,48.0,5.966666666666667,430.5586592178771
2013,8,17,B6,JFK,MCO,86.0,90.0,136.0,944,4.0,2.2666666666666666,416.47058823529414
2013,8,22,9E,JFK,DTW,106.0,90.0,77.0,509,-16.0,1.2833333333333334,396.6233766233766
2013,6,25,US,JFK,PHX,94.0,90.0,267.0,2153,-4.0,4.45,483.8202247191011
2013,7,11,B6,JFK,BQN,93.0,90.0,195.0,1576,-3.0,3.25,484.9230769230769
2013,7,16,B6,JFK,SJU,81.0,90.0,204.0,1598,9.0,3.4,470.0
2013,6,26,B6,JFK,LAX,67.0,90.0,313.0,2475,23.0,5.216666666666667,474.4408945686901
2013,8,9,B6,JFK,MSY,105.0,90.0,155.0,1182,-15.0,2.5833333333333335,457.54838709677415
2013,6,3,9E,JFK,DTW,100.0,90.0,89.0,509,-10.0,1.4833333333333334,343.14606741573033
2013,8,22,AA,JFK,ORD,116.0,90.0,117.0,740,-26.0,1.95,379.4871794871795
2013,7,22,DL,JFK,LAX,4.0,90.0,338.0,2475,86.0,5.633333333333334,439.34911242603545
2013,7,24,9E,JFK,CLE,81.0,90.0,73.0,425,9.0,1.2166666666666666,349.3150684931507
2013,7,14,EV,JFK,IAD,84.0,90.0,39.0,228,6.0,0.65,350.7692307692308
2013,7,8,B6,JFK,PBI,104.0,90.0,135.0,1028,-14.0,2.25,456.8888888888889
2013,6,28,B6,JFK,SMF,57.0,90.0,339.0,2521,33.0,5.65,446.1946902654867
2013,6,25,DL,JFK,LAX,89.0,90.0,318.0,2475,1.0,5.3,466.9811320754717
2013,6,10,9E,JFK,MSP,105.0,90.0,147.0,1029,-15.0,2.45,419.99999999999994
2013,7,28,DL,JFK,SFO,-1.0,89.0,373.0,2586,90.0,6.216666666666667,415.97855227882036
2013,6,7,B6,JFK,SFO,47.0,89.0,325.0,2586,42.0,5.416666666666667,477.4153846153846
2013,8,30,B6,JFK,SJU,74.0,89.0,203.0,1598,15.0,3.3833333333333333,472.3152709359606
2013,6,17,9E,JFK,MCI,41.0,89.0,159.0,1113,48.0,2.65,420.0
2013,6,25,MQ,JFK,BWI,94.0,89.0,43.0,184,-5.0,0.7166666666666667,256.74418604651163
2013,7,27,9E,JFK,MSY,78.0,89.0,160.0,1182,11.0,2.6666666666666665,443.25
2013,6,25,B6,JFK,MCO,90.0,89.0,125.0,944,-1.0,2.0833333333333335,453.11999999999995
2013,7,21,MQ,JFK,RDU,55.0,89.0,81.0,427,34.0,1.35,316.29629629629625
2013,6,13,AA,JFK,LAX,78.0,89.0,321.0,2475,11.0,5.35,462.61682242990656
2013,7,9,AA,JFK,SAN,71.0,89.0,301.0,2446,18.0,5.016666666666667,487.57475083056477
2013,7,27,DL,JFK,DTW,34.0,89.0,170.0,509,55.0,2.8333333333333335,179.6470588235294
2013,8,1,AA,JFK,LAX,48.0,89.0,352.0,2475,41.0,5.866666666666666,421.87500000000006
2013,6,18,B6,JFK,BOS,112.0,89.0,33.0,187,-23.0,0.55,340.0
2013,7,17,B6,JFK,BTV,86.0,89.0,46.0,266,3.0,0.7666666666666667,346.95652173913044
2013,8,11,B6,JFK,BUR,65.0,89.0,343.0,2465,24.0,5.716666666666667,431.1953352769679
2013,7,10,DL,JFK,DEN,12.0,89.0,222.0,1626,77.0,3.7,439.4594594594594
2013,6,14,9E,JFK,MCI,32.0,89.0,158.0,1113,57.0,2.6333333333333333,422.65822784810126
2013,7,12,DL,JFK,BOS,97.0,89.0,48.0,187,-8.0,0.8,233.75
2013,7,9,AA,JFK,SEA,84.0,89.0,330.0,2422,5.0,5.5,440.3636363636364
2013,8,13,9E,JFK,MCI,124.0,89.0,161.0,1113,-35.0,2.683333333333333,414.7826086956522
2013,8,22,B6,JFK,ROC,34.0,89.0,52.0,264,55.0,0.8666666666666667,304.6153846153846
2013,6,11,9E,JFK,BOS,116.0,89.0,34.0,187,-27.0,0.5666666666666667,330.0
2013,7,1,9E,JFK,ORF,115.0,89.0,50.0,290,-26.0,0.8333333333333334,348.0
2013,7,2,B6,JFK,AUS,83.0,89.0,203.0,1521,6.0,3.3833333333333333,449.5566502463054
2013,8,12,B6,JFK,LAX,24.0,89.0,361.0,2475,65.0,6.016666666666667,411.3573407202216
2013,6,25,B6,JFK,BUF,82.0,89.0,55.0,301,7.0,0.9166666666666666,328.3636363636364
2013,6,17,AA,JFK,DFW,67.0,89.0,203.0,1391,22.0,3.3833333333333333,411.13300492610836
2013,7,19,9E,JFK,BWI,99.0,89.0,34.0,184,-10.0,0.5666666666666667,324.70588235294116
2013,6,27,B6,JFK,PWM,94.0,89.0,47.0,273,-5.0,0.7833333333333333,348.51063829787233
2013,6,30,AA,JFK,LAX,54.0,89.0,320.0,2475,35.0,5.333333333333333,464.0625
2013,8,20,DL,JFK,LAX,111.0,89.0,304.0,2475,-22.0,5.066666666666666,488.4868421052632
2013,7,7,MQ,JFK,BWI,29.0,89.0,55.0,184,60.0,0.9166666666666666,200.72727272727275
2013,8,14,9E,JFK,BOS,57.0,89.0,38.0,187,32.0,0.6333333333333333,295.2631578947369
2013,6,27,DL,JFK,ATL,-1.0,89.0,105.0,760,90.0,1.75,434.2857142857143
2013,8,9,EV,JFK,IAD,36.0,89.0,66.0,228,53.0,1.1,207.27272727272725
2013,8,17,B6,JFK,MCO,86.0,89.0,133.0,944,3.0,2.216666666666667,425.8646616541353
2013,6,7,B6,JFK,SYR,75.0,89.0,44.0,209,14.0,0.7333333333333333,285.0
2013,7,11,DL,JFK,SFO,66.0,89.0,344.0,2586,23.0,5.733333333333333,451.04651162790697
2013,6,10,B6,JFK,ORD,110.0,89.0,111.0,740,-21.0,1.85,400.0
2013,8,9,B6,JFK,SAN,0.0,89.0,326.0,2446,89.0,5.433333333333334,450.1840490797546
2013,6,30,AA,JFK,SEA,83.0,89.0,329.0,2422,6.0,5.483333333333333,441.70212765957444
2013,8,27,B6,JFK,MCO,113.0,89.0,121.0,944,-24.0,2.0166666666666666,468.099173553719
2013,6,17,9E,JFK,MSY,60.0,89.0,164.0,1182,29.0,2.7333333333333334,432.4390243902439
2013,7,23,B6,JFK,MCO,70.0,89.0,131.0,944,19.0,2.183333333333333,432.3664122137405
2013,7,13,B6,JFK,PBI,75.0,89.0,144.0,1028,14.0,2.4,428.33333333333337
2013,7,7,B6,JFK,MVY,-6.0,88.0,38.0,173,94.0,0.6333333333333333,273.15789473684214
2013,6,14,DL,JFK,LAX,-4.0,88.0,342.0,2475,92.0,5.7,434.2105263157895
2013,8,22,MQ,JFK,DCA,87.0,88.0,54.0,213,1.0,0.9,236.66666666666666
2013,6,11,MQ,JFK,RDU,100.0,88.0,66.0,427,-12.0,1.1,388.18181818181813
2013,6,20,DL,JFK,SJU,135.0,88.0,195.0,1598,-47.0,3.25,491.6923076923077
2013,6,14,AA,JFK,SAN,65.0,88.0,317.0,2446,23.0,5.283333333333333,462.9652996845426
2013,8,13,B6,JFK,SFO,34.0,88.0,369.0,2586,54.0,6.15,420.48780487804873
2013,6,13,B6,JFK,SFO,83.0,88.0,360.0,2586,5.0,6.0,431.0
2013,6,14,B6,JFK,PDX,100.0,88.0,334.0,2454,-12.0,5.566666666666666,440.83832335329345
2013,6,18,DL,JFK,AUS,106.0,88.0,211.0,1521,-18.0,3.5166666666666666,432.5118483412322
2013,6,18,DL,JFK,ATL,83.0,88.0,107.0,760,5.0,1.7833333333333334,426.1682242990654
2013,7,3,DL,JFK,SJU,107.0,88.0,201.0,1598,-19.0,3.35,477.0149253731343
2013,7,10,AA,JFK,LAX,10.0,88.0,349.0,2475,78.0,5.816666666666666,425.50143266475646
2013,6,18,9E,JFK,CVG,90.0,88.0,102.0,589,-2.0,1.7,346.47058823529414
2013,8,8,B6,JFK,BTV,84.0,88.0,47.0,266,4.0,0.7833333333333333,339.5744680851064
2013,7,1,B6,JFK,SMF,108.0,88.0,313.0,2521,-20.0,5.216666666666667,483.258785942492
2013,6,30,B6,JFK,TPA,90.0,88.0,144.0,1005,-2.0,2.4,418.75
2013,6,30,B6,JFK,MCO,97.0,88.0,138.0,944,-9.0,2.3,410.4347826086957
2013,6,21,9E,JFK,DTW,102.0,88.0,80.0,509,-14.0,1.3333333333333333,381.75
2013,7,31,9E,JFK,DCA,112.0,88.0,40.0,213,-24.0,0.6666666666666666,319.5
2013,7,28,B6,JFK,SYR,-1.0,88.0,56.0,209,89.0,0.9333333333333333,223.92857142857142
2013,8,1,AA,JFK,LAX,104.0,88.0,329.0,2475,-16.0,5.483333333333333,451.36778115501517
2013,6,28,B6,JFK,LAX,92.0,88.0,321.0,2475,-4.0,5.35,462.61682242990656
2013,8,3,AA,JFK,MIA,79.0,88.0,173.0,1089,9.0,2.8833333333333333,377.6878612716763
2013,8,11,B6,JFK,LAS,85.0,88.0,298.0,2248,3.0,4.966666666666667,452.6174496644295
2013,7,8,B6,JFK,PWM,102.0,88.0,48.0,273,-14.0,0.8,341.25
2013,7,23,B6,JFK,SYR,79.0,88.0,43.0,209,9.0,0.7166666666666667,291.62790697674416
2013,7,16,B6,JFK,TPA,63.0,88.0,142.0,1005,25.0,2.3666666666666667,424.6478873239437
2013,7,22,B6,JFK,ORD,44.0,88.0,130.0,740,44.0,2.1666666666666665,341.53846153846155
2013,8,4,AA,JFK,MCO,75.0,88.0,123.0,944,13.0,2.05,460.48780487804885
2013,8,6,B6,JFK,FLL,106.0,88.0,132.0,1069,-18.0,2.2,485.9090909090909
2013,6,17,VX,JFK,LAX,31.0,88.0,356.0,2475,57.0,5.933333333333334,417.13483146067415
2013,8,9,9E,JFK,PIT,54.0,88.0,63.0,340,34.0,1.05,323.8095238095238
2013,7,11,VX,JFK,SFO,93.0,88.0,336.0,2586,-5.0,5.6,461.78571428571433
2013,8,1,B6,JFK,BUR,71.0,88.0,337.0,2465,17.0,5.616666666666666,438.8724035608309
2013,7,2,DL,JFK,MCO,93.0,88.0,126.0,944,-5.0,2.1,449.5238095238095
2013,8,17,9E,JFK,DCA,107.0,88.0,37.0,213,-19.0,0.6166666666666667,345.40540540540536
2013,7,22,B6,JFK,BOS,83.0,88.0,35.0,187,5.0,0.5833333333333334,320.57142857142856
2013,7,23,MQ,JFK,DCA,80.0,88.0,43.0,213,8.0,0.7166666666666667,297.2093023255814
2013,8,29,B6,JFK,PBI,90.0,88.0,132.0,1028,-2.0,2.2,467.27272727272725
2013,6,22,DL,JFK,LAS,98.0,88.0,280.0,2248,-10.0,4.666666666666667,481.71428571428567
2013,7,13,B6,JFK,FLL,6.0,88.0,193.0,1069,82.0,3.216666666666667,332.3316062176166
2013,7,24,US,JFK,CLT,97.0,88.0,81.0,541,-9.0,1.35,400.7407407407407
2013,7,7,B6,JFK,PBI,4.0,87.0,136.0,1028,83.0,2.2666666666666666,453.5294117647059
2013,7,1,B6,JFK,RSW,41.0,87.0,172.0,1074,46.0,2.8666666666666667,374.6511627906977
2013,7,7,B6,JFK,BQN,91.0,87.0,202.0,1576,-4.0,3.3666666666666667,468.1188118811881
2013,8,2,UA,JFK,SFO,73.0,87.0,348.0,2586,14.0,5.8,445.86206896551727
2013,6,22,B6,JFK,LAX,111.0,87.0,310.0,2475,-24.0,5.166666666666667,479.0322580645161
2013,7,23,B6,JFK,BOS,43.0,87.0,51.0,187,44.0,0.85,220.0
2013,7,3,B6,JFK,ORD,62.0,87.0,117.0,740,25.0,1.95,379.4871794871795
2013,7,10,B6,JFK,PHX,0.0,87.0,293.0,2153,87.0,4.883333333333334,440.8873720136518
2013,7,10,DL,JFK,ATL,62.0,87.0,106.0,760,25.0,1.7666666666666666,430.188679245283
2013,8,12,9E,JFK,MSP,107.0,87.0,157.0,1029,-20.0,2.6166666666666667,393.2484076433121
2013,7,28,B6,JFK,TPA,51.0,87.0,139.0,1005,36.0,2.316666666666667,433.81294964028774
2013,6,13,B6,JFK,LAS,86.0,87.0,291.0,2248,1.0,4.85,463.5051546391753
2013,7,21,9E,JFK,IAD,39.0,87.0,48.0,228,48.0,0.8,285.0
2013,6,23,AA,JFK,ORD,106.0,87.0,114.0,740,-19.0,1.9,389.47368421052636
2013,7,9,DL,JFK,DTW,9.0,87.0,108.0,509,78.0,1.8,282.77777777777777
2013,8,9,9E,JFK,CVG,68.0,87.0,88.0,589,19.0,1.4666666666666666,401.5909090909091
2013,7,3,EV,JFK,IAD,84.0,87.0,42.0,228,3.0,0.7,325.7142857142857
2013,8,14,MQ,JFK,RDU,61.0,87.0,83.0,427,26.0,1.3833333333333333,308.67469879518075
2013,6,17,AA,JFK,MIA,85.0,87.0,156.0,1089,2.0,2.6,418.8461538461538
2013,6,17,9E,JFK,JAX,75.0,87.0,111.0,828,12.0,1.85,447.56756756756755
2013,7,14,B6,JFK,SJU,116.0,87.0,193.0,1598,-29.0,3.216666666666667,496.78756476683935
2013,7,21,B6,JFK,TPA,96.0,87.0,135.0,1005,-9.0,2.25,446.6666666666667
2013,8,9,DL,JFK,MIA,39.0,87.0,154.0,1089,48.0,2.566666666666667,424.2857142857143
2013,7,5,UA,JFK,LAX,98.0,87.0,317.0,2475,-11.0,5.283333333333333,468.45425867507885
2013,7,23,B6,JFK,SFO,98.0,87.0,327.0,2586,-11.0,5.45,474.4954128440367
2013,7,18,B6,JFK,TPA,79.0,87.0,130.0,1005,8.0,2.1666666666666665,463.84615384615387
2013,7,24,B6,JFK,TPA,84.0,87.0,142.0,1005,3.0,2.3666666666666667,424.6478873239437
2013,7,20,B6,JFK,LAS,13.0,87.0,326.0,2248,74.0,5.433333333333334,413.74233128834356
2013,8,3,9E,JFK,CLE,76.0,87.0,78.0,425,11.0,1.3,326.9230769230769
2013,8,9,DL,JFK,PHX,85.0,87.0,285.0,2153,2.0,4.75,453.2631578947368
2013,7,11,B6,JFK,MCO,104.0,87.0,128.0,944,-17.0,2.1333333333333333,442.5
2013,8,1,B6,JFK,IAD,46.0,87.0,88.0,228,41.0,1.4666666666666666,155.45454545454547
2013,8,17,9E,JFK,MSP,126.0,87.0,140.0,1029,-39.0,2.3333333333333335,441.0
2013,8,7,9E,JFK,IAD,-4.0,87.0,64.0,228,91.0,1.0666666666666667,213.75
2013,8,28,UA,JFK,SFO,87.0,87.0,345.0,2586,0.0,5.75,449.7391304347826
2013,7,20,DL,JFK,DEN,47.0,87.0,234.0,1626,40.0,3.9,416.9230769230769
2013,6,28,9E,JFK,DCA,93.0,87.0,40.0,213,-6.0,0.6666666666666666,319.5
2013,8,10,B6,JFK,BOS,118.0,87.0,36.0,187,-31.0,0.6,311.6666666666667
2013,6,13,MQ,JFK,BNA,47.0,87.0,121.0,765,40.0,2.0166666666666666,379.3388429752066
2013,7,23,B6,JFK,LAS,27.0,87.0,304.0,2248,60.0,5.066666666666666,443.68421052631584
2013,7,23,9E,JFK,ORD,3.0,87.0,122.0,740,84.0,2.033333333333333,363.93442622950823
2013,7,23,B6,JFK,SAN,2.0,86.0,318.0,2446,84.0,5.3,461.50943396226415
2013,6,14,B6,JFK,IAD,-2.0,86.0,47.0,228,88.0,0.7833333333333333,291.06382978723406
2013,7,7,B6,JFK,LAX,86.0,86.0,311.0,2475,0.0,5.183333333333334,477.491961414791
2013,8,1,B6,JFK,DEN,72.0,86.0,237.0,1626,14.0,3.95,411.6455696202531
2013,8,13,MQ,JFK,DCA,95.0,86.0,52.0,213,-9.0,0.8666666666666667,245.76923076923077
2013,7,12,B6,JFK,SFO,129.0,86.0,313.0,2586,-43.0,5.216666666666667,495.7188498402556
2013,7,31,UA,JFK,SFO,62.0,86.0,348.0,2586,24.0,5.8,445.86206896551727
2013,8,8,B6,JFK,BUF,61.0,86.0,59.0,301,25.0,0.9833333333333333,306.10169491525426
2013,7,10,B6,JFK,TPA,73.0,86.0,132.0,1005,13.0,2.2,456.81818181818176
2013,8,13,B6,JFK,SJC,64.0,86.0,351.0,2569,22.0,5.85,439.1452991452992
2013,6,18,B6,JFK,BUR,93.0,86.0,338.0,2465,-7.0,5.633333333333334,437.5739644970414
2013,8,13,B6,JFK,PWM,76.0,86.0,42.0,273,10.0,0.7,390.0
2013,7,9,AA,JFK,DFW,87.0,86.0,170.0,1391,-1.0,2.8333333333333335,490.94117647058823
2013,7,1,B6,JFK,ORD,71.0,86.0,109.0,740,15.0,1.8166666666666667,407.3394495412844
2013,8,26,B6,JFK,BUF,96.0,86.0,65.0,301,-10.0,1.0833333333333333,277.84615384615387
2013,8,24,EV,JFK,IAD,93.0,86.0,45.0,228,-7.0,0.75,304.0
2013,8,24,9E,JFK,MSY,115.0,86.0,150.0,1182,-29.0,2.5,472.8
2013,7,1,B6,JFK,RDU,99.0,86.0,66.0,427,-13.0,1.1,388.18181818181813
2013,6,20,9E,JFK,DTW,120.0,86.0,80.0,509,-34.0,1.3333333333333333,381.75
2013,8,14,9E,JFK,CHS,58.0,86.0,108.0,636,28.0,1.8,353.3333333333333
2013,7,6,MQ,JFK,RDU,108.0,86.0,67.0,427,-22.0,1.1166666666666667,382.3880597014925
2013,7,2,B6,JFK,SJU,67.0,86.0,207.0,1598,19.0,3.45,463.18840579710144
2013,8,20,B6,JFK,PBI,85.0,86.0,138.0,1028,1.0,2.3,446.9565217391305
2013,7,24,AA,JFK,LAX,88.0,86.0,319.0,2475,-2.0,5.316666666666666,465.51724137931035
2013,8,5,B6,JFK,RSW,120.0,86.0,146.0,1074,-34.0,2.433333333333333,441.36986301369865
2013,6,29,B6,JFK,ACK,-5.0,86.0,141.0,199,91.0,2.35,84.68085106382978
2013,6,30,DL,JFK,MIA,30.0,86.0,154.0,1089,56.0,2.566666666666667,424.2857142857143
2013,8,9,9E,JFK,RDU,96.0,86.0,67.0,427,-10.0,1.1166666666666667,382.3880597014925
2013,6,30,DL,JFK,DTW,8.0,86.0,79.0,509,78.0,1.3166666666666667,386.5822784810127
2013,7,13,DL,JFK,ATL,62.0,86.0,105.0,760,24.0,1.75,434.2857142857143
2013,7,16,B6,JFK,ROC,109.0,86.0,44.0,264,-23.0,0.7333333333333333,360.0
2013,7,18,B6,JFK,SJU,80.0,86.0,198.0,1598,6.0,3.3,484.24242424242425
2013,7,20,MQ,JFK,CVG,92.0,86.0,92.0,589,-6.0,1.5333333333333334,384.1304347826087
2013,7,11,B6,JFK,TPA,84.0,86.0,141.0,1005,2.0,2.35,427.6595744680851
2013,6,5,MQ,JFK,DCA,89.0,86.0,47.0,213,-3.0,0.7833333333333333,271.9148936170213
2013,8,12,UA,JFK,LAX,76.0,86.0,339.0,2475,10.0,5.65,438.0530973451327
2013,7,10,AA,JFK,ORD,0.0,86.0,119.0,740,86.0,1.9833333333333334,373.109243697479
2013,6,27,B6,JFK,LGB,9.0,86.0,356.0,2465,77.0,5.933333333333334,415.44943820224717
2013,7,7,B6,JFK,ABQ,33.0,86.0,233.0,1826,53.0,3.8833333333333333,470.2145922746781
2013,7,22,B6,JFK,TPA,81.0,86.0,128.0,1005,5.0,2.1333333333333333,471.09375
2013,6,30,B6,JFK,SJU,101.0,86.0,196.0,1598,-15.0,3.2666666666666666,489.18367346938777
2013,6,8,DL,JFK,SAT,112.0,86.0,210.0,1587,-26.0,3.5,453.42857142857144
2013,6,10,B6,JFK,PWM,82.0,86.0,45.0,273,4.0,0.75,364.0
2013,6,18,MQ,JFK,CMH,103.0,86.0,70.0,483,-17.0,1.1666666666666667,414.0
2013,7,1,B6,JFK,BTV,69.0,85.0,48.0,266,16.0,0.8,332.5
2013,8,27,AA,JFK,SJU,72.0,85.0,193.0,1598,13.0,3.216666666666667,496.78756476683935
2013,6,22,9E,JFK,CVG,106.0,85.0,83.0,589,-21.0,1.3833333333333333,425.7831325301205
2013,7,29,B6,JFK,FLL,59.0,85.0,175.0,1069,26.0,2.9166666666666665,366.51428571428573
2013,6,10,B6,JFK,PDX,34.0,85.0,342.0,2454,51.0,5.7,430.5263157894737
2013,7,18,9E,JFK,CHS,49.0,85.0,92.0,636,36.0,1.5333333333333334,414.78260869565213
2013,6,17,UA,JFK,LAX,20.0,85.0,352.0,2475,65.0,5.866666666666666,421.87500000000006
2013,6,30,MQ,JFK,CMH,90.0,85.0,72.0,483,-5.0,1.2,402.5
2013,6,27,B6,JFK,MCO,55.0,85.0,147.0,944,30.0,2.45,385.3061224489796
2013,7,21,B6,JFK,MCO,46.0,85.0,152.0,944,39.0,2.533333333333333,372.63157894736844
2013,7,26,MQ,JFK,DCA,72.0,85.0,59.0,213,13.0,0.9833333333333333,216.61016949152543
2013,8,8,DL,JFK,SFO,45.0,85.0,373.0,2586,40.0,6.216666666666667,415.97855227882036
2013,6,25,B6,JFK,MSY,62.0,85.0,168.0,1182,23.0,2.8,422.14285714285717
2013,7,12,B6,JFK,ROC,94.0,85.0,41.0,264,-9.0,0.6833333333333333,386.3414634146341
2013,7,24,MQ,JFK,BWI,98.0,85.0,39.0,184,-13.0,0.65,283.0769230769231
2013,7,21,B6,JFK,LAS,111.0,85.0,284.0,2248,-26.0,4.733333333333333,474.92957746478874
2013,6,28,VX,JFK,SFO,94.0,85.0,332.0,2586,-9.0,5.533333333333333,467.34939759036143
2013,6,28,MQ,JFK,PIT,6.0,85.0,102.0,340,79.0,1.7,200.0
2013,7,10,VX,JFK,SFO,85.0,85.0,355.0,2586,0.0,5.916666666666667,437.07042253521126
2013,6,26,B6,JFK,SJU,67.0,85.0,192.0,1598,18.0,3.2,499.375
2013,7,28,B6,JFK,BUF,11.0,85.0,55.0,301,74.0,0.9166666666666666,328.3636363636364
2013,7,24,9E,JFK,MSY,114.0,85.0,162.0,1182,-29.0,2.7,437.77777777777777
2013,7,17,9E,JFK,RDU,115.0,85.0,65.0,427,-30.0,1.0833333333333333,394.1538461538462
2013,7,23,B6,JFK,MVY,96.0,85.0,37.0,173,-11.0,0.6166666666666667,280.5405405405405
2013,6,14,B6,JFK,SJC,31.0,85.0,381.0,2569,54.0,6.35,404.5669291338583
2013,6,13,AA,JFK,LAX,48.0,85.0,317.0,2475,37.0,5.283333333333333,468.45425867507885
2013,7,31,B6,JFK,MSY,79.0,85.0,155.0,1182,6.0,2.5833333333333335,457.54838709677415
2013,7,1,AA,JFK,AUS,77.0,85.0,218.0,1521,8.0,3.6333333333333333,418.6238532110092
2013,6,29,9E,JFK,MSP,86.0,85.0,135.0,1029,-1.0,2.25,457.3333333333333
2013,8,9,MQ,JFK,DCA,42.0,85.0,58.0,213,43.0,0.9666666666666667,220.3448275862069
2013,6,10,9E,JFK,DCA,12.0,85.0,51.0,213,73.0,0.85,250.58823529411765
2013,7,2,AA,JFK,SAN,77.0,85.0,315.0,2446,8.0,5.25,465.9047619047619
2013,7,28,B6,JFK,ORD,41.0,85.0,111.0,740,44.0,1.85,400.0
2013,7,9,DL,JFK,ATL,40.0,84.0,100.0,760,44.0,1.6666666666666667,456.0
2013,6,30,B6,JFK,DEN,120.0,84.0,208.0,1626,-36.0,3.466666666666667,469.03846153846155
2013,6,26,B6,JFK,BOS,32.0,84.0,35.0,187,52.0,0.5833333333333334,320.57142857142856
2013,6,29,9E,JFK,ORD,86.0,84.0,111.0,740,-2.0,1.85,400.0
2013,8,13,B6,JFK,LGB,61.0,84.0,346.0,2465,23.0,5.766666666666667,427.4566473988439
2013,7,12,MQ,JFK,DCA,77.0,84.0,49.0,213,7.0,0.8166666666666667,260.81632653061223
2013,8,13,DL,JFK,LAS,74.0,84.0,313.0,2248,10.0,5.216666666666667,430.926517571885
2013,7,20,MQ,JFK,RDU,103.0,84.0,70.0,427,-19.0,1.1666666666666667,366.0
2013,8,9,UA,JFK,SFO,78.0,84.0,346.0,2586,6.0,5.766666666666667,448.4393063583815
2013,7,29,DL,JFK,SAN,86.0,84.0,315.0,2446,-2.0,5.25,465.9047619047619
2013,8,9,B6,JFK,SEA,51.0,84.0,343.0,2422,33.0,5.716666666666667,423.6734693877551
2013,7,9,DL,JFK,SFO,58.0,84.0,345.0,2586,26.0,5.75,449.7391304347826
2013,7,25,DL,JFK,SEA,74.0,84.0,332.0,2422,10.0,5.533333333333333,437.71084337349396
2013,7,7,DL,JFK,DEN,8.0,84.0,218.0,1626,76.0,3.6333333333333333,447.5229357798165
2013,6,13,AA,JFK,MIA,33.0,84.0,154.0,1089,51.0,2.566666666666667,424.2857142857143
2013,6,24,B6,JFK,BUF,41.0,84.0,74.0,301,43.0,1.2333333333333334,244.05405405405403
2013,8,1,DL,JFK,SJU,102.0,84.0,198.0,1598,-18.0,3.3,484.24242424242425
2013,6,13,B6,JFK,SJU,73.0,84.0,200.0,1598,11.0,3.3333333333333335,479.4
2013,7,11,B6,JFK,MCO,70.0,84.0,134.0,944,14.0,2.2333333333333334,422.6865671641791
2013,7,13,MQ,JFK,DCA,42.0,84.0,52.0,213,42.0,0.8666666666666667,245.76923076923077
2013,6,18,AA,JFK,SJU,46.0,84.0,218.0,1598,38.0,3.6333333333333333,439.8165137614679
2013,6,27,B6,JFK,LAX,61.0,84.0,312.0,2475,23.0,5.2,475.96153846153845
2013,6,23,B6,JFK,SJC,0.0,84.0,340.0,2569,84.0,5.666666666666667,453.35294117647055
2013,6,25,B6,JFK,BOS,100.0,84.0,44.0,187,-16.0,0.7333333333333333,255.00000000000003
2013,7,12,B6,JFK,SJU,47.0,84.0,196.0,1598,37.0,3.2666666666666666,489.18367346938777
2013,6,17,DL,JFK,DEN,37.0,84.0,239.0,1626,47.0,3.9833333333333334,408.2008368200837
2013,7,12,AA,JFK,SFO,78.0,84.0,318.0,2586,6.0,5.3,487.9245283018868
2013,7,12,9E,JFK,BWI,48.0,84.0,38.0,184,36.0,0.6333333333333333,290.5263157894737
2013,7,12,B6,JFK,MCO,51.0,84.0,127.0,944,33.0,2.1166666666666667,445.98425196850394
2013,7,25,9E,JFK,MSP,77.0,84.0,147.0,1029,7.0,2.45,419.99999999999994
2013,6,14,B6,JFK,LGB,-4.0,84.0,346.0,2465,88.0,5.766666666666667,427.4566473988439
2013,6,25,B6,JFK,PWM,72.0,84.0,50.0,273,12.0,0.8333333333333334,327.59999999999997
2013,7,22,DL,JFK,TPA,4.0,84.0,142.0,1005,80.0,2.3666666666666667,424.6478873239437
2013,7,23,9E,JFK,PIT,58.0,84.0,61.0,340,26.0,1.0166666666666666,334.42622950819674
2013,8,12,UA,JFK,SFO,30.0,84.0,363.0,2586,54.0,6.05,427.43801652892563
2013,8,10,B6,JFK,LGB,65.0,84.0,337.0,2465,19.0,5.616666666666666,438.8724035608309
2013,8,4,B6,JFK,SEA,77.0,84.0,345.0,2422,7.0,5.75,421.2173913043478
2013,7,8,B6,JFK,JAX,77.0,84.0,117.0,828,7.0,1.95,424.61538461538464
2013,6,10,B6,JFK,SYR,38.0,84.0,51.0,209,46.0,0.85,245.88235294117646
2013,6,2,DL,JFK,SEA,99.0,84.0,333.0,2422,-15.0,5.55,436.3963963963964
2013,6,22,9E,JFK,DTW,123.0,83.0,78.0,509,-40.0,1.3,391.53846153846155
2013,8,4,9E,JFK,DCA,106.0,83.0,38.0,213,-23.0,0.6333333333333333,336.3157894736842
2013,6,7,DL,JFK,SAT,38.0,83.0,225.0,1587,45.0,3.75,423.2
2013,6,14,B6,JFK,BUR,-1.0,83.0,318.0,2465,84.0,5.3,465.09433962264154
2013,6,9,B6,JFK,RSW,76.0,83.0,163.0,1074,7.0,2.716666666666667,395.3374233128834
2013,8,2,US,JFK,PHX,66.0,83.0,294.0,2153,17.0,4.9,439.3877551020408
2013,7,28,B6,JFK,LAX,10.0,83.0,345.0,2475,73.0,5.75,430.4347826086956
2013,8,13,US,JFK,CLT,10.0,83.0,101.0,541,73.0,1.6833333333333333,321.38613861386136
2013,7,7,HA,JFK,HNL,88.0,83.0,601.0,4983,-5.0,10.016666666666667,497.4708818635607
2013,6,25,B6,JFK,JAX,86.0,83.0,112.0,828,-3.0,1.8666666666666667,443.57142857142856
2013,7,7,B6,JFK,PWM,-3.0,83.0,48.0,273,86.0,0.8,341.25
2013,6,28,B6,JFK,LAX,94.0,83.0,320.0,2475,-11.0,5.333333333333333,464.0625
2013,6,26,B6,JFK,RSW,45.0,83.0,160.0,1074,38.0,2.6666666666666665,402.75
2013,6,27,B6,JFK,BUF,21.0,83.0,61.0,301,62.0,1.0166666666666666,296.0655737704918
2013,6,15,UA,JFK,SFO,42.0,83.0,378.0,2586,41.0,6.3,410.4761904761905
2013,7,9,B6,JFK,ORD,84.0,83.0,114.0,740,-1.0,1.9,389.47368421052636
2013,6,29,B6,JFK,RSW,66.0,83.0,168.0,1074,17.0,2.8,383.5714285714286
2013,6,19,AA,JFK,LAS,84.0,83.0,303.0,2248,-1.0,5.05,445.1485148514852
2013,6,7,B6,JFK,SYR,51.0,83.0,42.0,209,32.0,0.7,298.5714285714286
2013,7,2,B6,JFK,ROC,92.0,83.0,46.0,264,-9.0,0.7666666666666667,344.3478260869565
2013,7,2,B6,JFK,SJU,63.0,83.0,212.0,1598,20.0,3.533333333333333,452.26415094339626
2013,7,2,9E,JFK,MSP,62.0,83.0,149.0,1029,21.0,2.4833333333333334,414.36241610738256
2013,6,8,9E,JFK,ORF,105.0,83.0,48.0,290,-22.0,0.8,362.5
2013,7,20,B6,JFK,SJU,43.0,83.0,200.0,1598,40.0,3.3333333333333335,479.4
2013,7,1,9E,JFK,CLE,62.0,83.0,84.0,425,21.0,1.4,303.5714285714286
2013,7,22,B6,JFK,SYR,11.0,83.0,43.0,209,72.0,0.7166666666666667,291.62790697674416
2013,6,3,9E,JFK,BOS,98.0,83.0,39.0,187,-15.0,0.65,287.6923076923077
2013,7,10,9E,JFK,DTW,15.0,83.0,81.0,509,68.0,1.35,377.037037037037
2013,8,14,B6,JFK,PHX,39.0,83.0,299.0,2153,44.0,4.983333333333333,432.0401337792642
2013,6,14,DL,JFK,LAX,1.0,83.0,350.0,2475,82.0,5.833333333333333,424.28571428571433
2013,7,28,9E,JFK,DTW,16.0,83.0,85.0,509,67.0,1.4166666666666667,359.2941176470588
2013,6,13,B6,JFK,LAX,-1.0,83.0,354.0,2475,84.0,5.9,419.4915254237288
2013,8,14,B6,JFK,LGB,27.0,83.0,328.0,2465,56.0,5.466666666666667,450.9146341463414
2013,6,7,B6,JFK,SJC,53.0,83.0,324.0,2569,30.0,5.4,475.7407407407407
2013,7,28,B6,JFK,IAD,11.0,83.0,56.0,228,72.0,0.9333333333333333,244.28571428571428
2013,7,15,9E,JFK,DTW,118.0,82.0,92.0,509,-36.0,1.5333333333333334,331.95652173913044
2013,6,23,B6,JFK,BOS,31.0,82.0,40.0,187,51.0,0.6666666666666666,280.5
2013,8,13,9E,JFK,MSY,21.0,82.0,172.0,1182,61.0,2.8666666666666667,412.3255813953488
2013,7,28,B6,JFK,BOS,84.0,82.0,34.0,187,-2.0,0.5666666666666667,330.0
2013,6,25,DL,JFK,ATL,113.0,82.0,100.0,760,-31.0,1.6666666666666667,456.0
2013,7,1,9E,JFK,DCA,89.0,82.0,40.0,213,-7.0,0.6666666666666666,319.5
2013,7,21,DL,JFK,MCO,99.0,82.0,127.0,944,-17.0,2.1166666666666667,445.98425196850394
2013,6,28,AA,JFK,SFO,78.0,82.0,333.0,2586,4.0,5.55,465.94594594594594
2013,7,9,9E,JFK,BOS,104.0,82.0,34.0,187,-22.0,0.5666666666666667,330.0
2013,7,7,B6,JFK,BUF,13.0,82.0,62.0,301,69.0,1.0333333333333334,291.2903225806451
2013,6,29,B6,JFK,JAX,70.0,82.0,125.0,828,12.0,2.0833333333333335,397.44
2013,6,14,B6,JFK,LAS,0.0,82.0,336.0,2248,82.0,5.6,401.42857142857144
2013,6,28,B6,JFK,MCO,80.0,82.0,131.0,944,2.0,2.183333333333333,432.3664122137405
2013,7,8,DL,JFK,SJU,109.0,82.0,198.0,1598,-27.0,3.3,484.24242424242425
2013,8,9,B6,JFK,MCO,67.0,82.0,124.0,944,15.0,2.066666666666667,456.7741935483871
2013,7,7,9E,JFK,CHS,28.0,82.0,92.0,636,54.0,1.5333333333333334,414.78260869565213
2013,7,22,B6,JFK,BOS,56.0,82.0,32.0,187,26.0,0.5333333333333333,350.625
2013,7,5,B6,JFK,MCO,63.0,82.0,131.0,944,19.0,2.183333333333333,432.3664122137405
2013,7,12,VX,JFK,SFO,117.0,82.0,317.0,2586,-35.0,5.283333333333333,489.4637223974764
2013,6,18,AA,JFK,SFO,34.0,82.0,374.0,2586,48.0,6.233333333333333,414.8663101604278
2013,7,2,B6,JFK,PWM,57.0,82.0,46.0,273,25.0,0.7666666666666667,356.0869565217391
2013,8,15,B6,JFK,SJU,79.0,82.0,196.0,1598,3.0,3.2666666666666666,489.18367346938777
2013,8,9,UA,JFK,LAX,66.0,82.0,340.0,2475,16.0,5.666666666666667,436.7647058823529
2013,7,6,MQ,JFK,BWI,96.0,82.0,35.0,184,-14.0,0.5833333333333334,315.4285714285714
2013,7,30,EV,JFK,IAD,81.0,82.0,44.0,228,1.0,0.7333333333333333,310.90909090909093
2013,6,17,UA,JFK,SFO,3.0,82.0,375.0,2586,79.0,6.25,413.76
2013,8,28,EV,JFK,IAD,31.0,82.0,84.0,228,51.0,1.4,162.85714285714286
2013,7,21,DL,JFK,LAX,50.0,82.0,316.0,2475,32.0,5.266666666666667,469.9367088607595
2013,7,3,9E,JFK,PHL,84.0,82.0,28.0,94,-2.0,0.4666666666666667,201.42857142857142
2013,7,9,MQ,JFK,DCA,98.0,82.0,35.0,213,-16.0,0.5833333333333334,365.1428571428571
2013,6,7,B6,JFK,RDU,88.0,82.0,71.0,427,-6.0,1.1833333333333333,360.84507042253523
2013,6,10,B6,JFK,BOS,82.0,82.0,33.0,187,0.0,0.55,340.0
2013,6,13,DL,JFK,SAT,69.0,82.0,209.0,1587,13.0,3.4833333333333334,455.5980861244019
2013,6,17,9E,JFK,PHL,30.0,82.0,32.0,94,52.0,0.5333333333333333,176.25
2013,6,17,9E,JFK,DTW,33.0,82.0,93.0,509,49.0,1.55,328.38709677419354
2013,7,20,B6,JFK,SJU,82.0,82.0,209.0,1598,0.0,3.4833333333333334,458.755980861244
2013,7,16,B6,JFK,CLT,54.0,82.0,93.0,541,28.0,1.55,349.0322580645161
2013,8,22,DL,JFK,SEA,0.0,82.0,347.0,2422,82.0,5.783333333333333,418.78962536023056
2013,7,27,DL,JFK,PDX,75.0,82.0,325.0,2454,7.0,5.416666666666667,453.0461538461538
2013,8,11,B6,JFK,PWM,31.0,82.0,55.0,273,51.0,0.9166666666666666,297.8181818181818
2013,6,7,DL,JFK,LAX,29.0,82.0,309.0,2475,53.0,5.15,480.58252427184465
2013,7,10,B6,JFK,MCO,39.0,82.0,131.0,944,43.0,2.183333333333333,432.3664122137405
2013,6,14,B6,JFK,SJU,28.0,81.0,205.0,1598,53.0,3.4166666666666665,467.70731707317077
2013,7,25,DL,JFK,SFO,68.0,81.0,342.0,2586,13.0,5.7,453.6842105263158
2013,6,21,B6,JFK,ORD,82.0,81.0,108.0,740,-1.0,1.8,411.1111111111111
2013,8,22,DL,JFK,ATL,76.0,81.0,116.0,760,5.0,1.9333333333333333,393.1034482758621
2013,8,8,DL,JFK,LAS,67.0,81.0,290.0,2248,14.0,4.833333333333333,465.1034482758621
2013,7,14,B6,JFK,FLL,97.0,81.0,133.0,1069,-16.0,2.216666666666667,482.25563909774434
2013,8,22,VX,JFK,LAS,54.0,81.0,283.0,2248,27.0,4.716666666666667,476.6077738515901
2013,8,27,B6,JFK,TPA,83.0,81.0,129.0,1005,-2.0,2.15,467.4418604651163
2013,6,26,MQ,JFK,DCA,42.0,81.0,42.0,213,39.0,0.7,304.2857142857143
2013,8,15,UA,JFK,SFO,84.0,81.0,340.0,2586,-3.0,5.666666666666667,456.35294117647055
2013,8,5,DL,JFK,ATL,108.0,81.0,106.0,760,-27.0,1.7666666666666666,430.188679245283
2013,6,30,B6,JFK,FLL,99.0,81.0,142.0,1069,-18.0,2.3666666666666667,451.6901408450704
2013,7,9,DL,JFK,SAN,26.0,81.0,310.0,2446,55.0,5.166666666666667,473.41935483870964
2013,6,27,US,JFK,PHX,-1.0,81.0,293.0,2153,82.0,4.883333333333334,440.8873720136518
2013,7,12,DL,JFK,ATL,54.0,81.0,110.0,760,27.0,1.8333333333333333,414.54545454545456
2013,6,29,MQ,JFK,DCA,62.0,81.0,54.0,213,19.0,0.9,236.66666666666666
2013,7,10,DL,JFK,ATL,75.0,81.0,110.0,760,6.0,1.8333333333333333,414.54545454545456
2013,8,28,B6,JFK,BUF,77.0,81.0,56.0,301,4.0,0.9333333333333333,322.5
2013,6,10,AA,JFK,LAX,64.0,81.0,318.0,2475,17.0,5.3,466.9811320754717
2013,6,10,MQ,JFK,DCA,66.0,81.0,53.0,213,15.0,0.8833333333333333,241.13207547169813
2013,6,10,B6,JFK,JAX,43.0,81.0,133.0,828,38.0,2.216666666666667,373.5338345864661
2013,7,7,B6,JFK,SJU,61.0,81.0,204.0,1598,20.0,3.4,470.0
2013,6,7,B6,JFK,DEN,45.0,81.0,220.0,1626,36.0,3.6666666666666665,443.4545454545455
2013,7,23,9E,JFK,CVG,50.0,81.0,93.0,589,31.0,1.55,380.0
2013,6,24,B6,JFK,PHX,75.0,81.0,272.0,2153,6.0,4.533333333333333,474.9264705882353
2013,6,28,9E,JFK,CHS,103.0,81.0,92.0,636,-22.0,1.5333333333333334,414.78260869565213
2013,6,29,B6,JFK,ACK,73.0,81.0,52.0,199,8.0,0.8666666666666667,229.6153846153846
2013,8,2,DL,JFK,LAX,77.0,81.0,312.0,2475,4.0,5.2,475.96153846153845
2013,6,3,9E,JFK,ORD,121.0,81.0,113.0,740,-40.0,1.8833333333333333,392.92035398230087
2013,6,2,B6,JFK,FLL,92.0,81.0,142.0,1069,-11.0,2.3666666666666667,451.6901408450704
2013,6,2,B6,JFK,BOS,88.0,81.0,40.0,187,-7.0,0.6666666666666666,280.5
2013,7,18,9E,JFK,PHL,94.0,81.0,32.0,94,-13.0,0.5333333333333333,176.25
2013,8,22,DL,JFK,MCO,110.0,81.0,124.0,944,-29.0,2.066666666666667,456.7741935483871
2013,6,25,B6,JFK,JAX,86.0,81.0,111.0,828,-5.0,1.85,447.56756756756755
2013,8,20,B6,JFK,TPA,84.0,81.0,155.0,1005,-3.0,2.5833333333333335,389.0322580645161
2013,7,13,9E,JFK,RIC,87.0,81.0,52.0,288,-6.0,0.8666666666666667,332.3076923076923
2013,8,17,B6,JFK,LAX,113.0,81.0,306.0,2475,-32.0,5.1,485.29411764705884
2013,7,2,AA,JFK,AUS,55.0,81.0,221.0,1521,26.0,3.683333333333333,412.94117647058823
2013,6,22,B6,JFK,LAS,112.0,81.0,277.0,2248,-31.0,4.616666666666666,486.9314079422383
2013,6,30,UA,JFK,LAX,19.0,81.0,327.0,2475,62.0,5.45,454.1284403669725
2013,6,14,MQ,JFK,CLE,20.0,81.0,83.0,425,61.0,1.3833333333333333,307.2289156626506
2013,7,28,DL,JFK,PDX,106.0,81.0,327.0,2454,-25.0,5.45,450.27522935779814
2013,7,7,B6,JFK,BUF,-4.0,81.0,58.0,301,85.0,0.9666666666666667,311.37931034482756
2013,7,9,DL,JFK,MIA,13.0,80.0,156.0,1089,67.0,2.6,418.8461538461538
2013,6,14,AA,JFK,SEA,1.0,80.0,347.0,2422,79.0,5.783333333333333,418.78962536023056
2013,8,14,B6,JFK,MCO,60.0,80.0,149.0,944,20.0,2.4833333333333334,380.13422818791946
2013,7,6,DL,JFK,ATL,12.0,80.0,120.0,760,68.0,2.0,380.0
2013,6,17,VX,JFK,SFO,26.0,80.0,379.0,2586,54.0,6.316666666666666,409.39313984168865
2013,8,8,B6,JFK,SJU,92.0,80.0,189.0,1598,-12.0,3.15,507.3015873015873
2013,7,31,B6,JFK,PSE,93.0,80.0,199.0,1617,-13.0,3.316666666666667,487.53768844221105
2013,7,21,MQ,JFK,RDU,63.0,80.0,83.0,427,17.0,1.3833333333333333,308.67469879518075
2013,8,10,AA,JFK,SEA,82.0,80.0,331.0,2422,-2.0,5.516666666666667,439.0332326283988
2013,6,26,UA,JFK,SFO,78.0,80.0,337.0,2586,2.0,5.616666666666666,460.41543026706233
2013,6,27,B6,JFK,BTV,68.0,80.0,42.0,266,12.0,0.7,380.0
2013,8,2,DL,JFK,LAX,56.0,80.0,319.0,2475,24.0,5.316666666666666,465.51724137931035
2013,7,19,B6,JFK,SYR,69.0,80.0,40.0,209,11.0,0.6666666666666666,313.5
2013,7,28,DL,JFK,LAX,18.0,80.0,338.0,2475,62.0,5.633333333333334,439.34911242603545
2013,6,17,AA,JFK,ORD,84.0,80.0,134.0,740,-4.0,2.2333333333333334,331.34328358208955
2013,8,14,DL,JFK,LAS,60.0,80.0,300.0,2248,20.0,5.0,449.6
2013,8,9,B6,JFK,MCO,52.0,80.0,132.0,944,28.0,2.2,429.09090909090907
2013,6,14,DL,JFK,AUS,-2.0,80.0,205.0,1521,82.0,3.4166666666666665,445.1707317073171
2013,6,17,DL,JFK,LAS,30.0,80.0,312.0,2248,50.0,5.2,432.3076923076923
2013,7,16,AA,JFK,LAS,90.0,80.0,271.0,2248,-10.0,4.516666666666667,497.7121771217712
2013,6,26,B6,JFK,JAX,49.0,80.0,112.0,828,31.0,1.8666666666666667,443.57142857142856
2013,7,2,DL,JFK,ATL,23.0,80.0,108.0,760,57.0,1.8,422.22222222222223
2013,7,19,MQ,JFK,CMH,72.0,80.0,71.0,483,8.0,1.1833333333333333,408.169014084507
2013,8,9,DL,JFK,SFO,55.0,80.0,344.0,2586,25.0,5.733333333333333,451.04651162790697
2013,7,2,9E,JFK,PHL,94.0,80.0,33.0,94,-14.0,0.55,170.9090909090909
2013,7,8,B6,JFK,AUS,90.0,80.0,181.0,1521,-10.0,3.0166666666666666,504.1988950276243
2013,7,2,9E,JFK,ORD,59.0,80.0,115.0,740,21.0,1.9166666666666667,386.0869565217391
2013,7,2,9E,JFK,PHL,27.0,80.0,34.0,94,53.0,0.5666666666666667,165.88235294117646
2013,6,13,DL,JFK,PHX,27.0,80.0,279.0,2153,53.0,4.65,463.01075268817203
2013,7,2,MQ,JFK,PIT,36.0,80.0,64.0,340,44.0,1.0666666666666667,318.75
2013,8,6,9E,JFK,DCA,103.0,80.0,42.0,213,-23.0,0.7,304.2857142857143
2013,7,19,B6,JFK,LAS,100.0,80.0,275.0,2248,-20.0,4.583333333333333,490.4727272727273
2013,8,9,AA,JFK,SFO,-1.0,80.0,359.0,2586,81.0,5.983333333333333,432.20055710306406
2013,7,23,B6,JFK,SJC,50.0,80.0,345.0,2569,30.0,5.75,446.7826086956522
2013,6,2,AA,JFK,LAX,104.0,80.0,315.0,2475,-24.0,5.25,471.42857142857144
2013,8,13,B6,JFK,MCO,-5.0,80.0,142.0,944,85.0,2.3666666666666667,398.8732394366197
2013,7,8,9E,JFK,IAD,83.0,80.0,58.0,228,-3.0,0.9666666666666667,235.86206896551724
2013,6,29,B6,JFK,ROC,92.0,80.0,46.0,264,-12.0,0.7666666666666667,344.3478260869565
2013,6,28,9E,JFK,DFW,78.0,80.0,191.0,1391,2.0,3.183333333333333,436.96335078534037
2013,6,29,B6,JFK,ORD,69.0,80.0,111.0,740,11.0,1.85,400.0
2013,6,28,DL,JFK,ATL,113.0,80.0,110.0,760,-33.0,1.8333333333333333,414.54545454545456
2013,7,23,AA,JFK,SJU,46.0,80.0,226.0,1598,34.0,3.7666666666666666,424.24778761061947
2013,6,23,B6,JFK,SJU,96.0,80.0,201.0,1598,-16.0,3.35,477.0149253731343
2013,7,28,B6,JFK,BUF,51.0,80.0,58.0,301,29.0,0.9666666666666667,311.37931034482756
2013,7,21,9E,JFK,MKE,-1.0,79.0,114.0,745,80.0,1.9,392.10526315789474
2013,6,24,UA,JFK,SFO,66.0,79.0,348.0,2586,13.0,5.8,445.86206896551727
2013,6,13,9E,JFK,CLE,84.0,79.0,75.0,425,-5.0,1.25,340.0
2013,8,7,B6,JFK,LAX,34.0,79.0,356.0,2475,45.0,5.933333333333334,417.13483146067415
2013,8,8,AA,JFK,LAX,71.0,79.0,324.0,2475,8.0,5.4,458.3333333333333
2013,6,30,B6,JFK,FLL,32.0,79.0,157.0,1069,47.0,2.6166666666666667,408.5350318471338
2013,7,24,AA,JFK,MIA,86.0,79.0,142.0,1089,-7.0,2.3666666666666667,460.14084507042253
2013,8,9,B6,JFK,MCO,89.0,79.0,125.0,944,-10.0,2.0833333333333335,453.11999999999995
2013,8,18,B6,JFK,PBI,67.0,79.0,139.0,1028,12.0,2.316666666666667,443.74100719424456
2013,8,4,B6,JFK,SAN,59.0,79.0,334.0,2446,20.0,5.566666666666666,439.4011976047904
2013,6,26,B6,JFK,TPA,38.0,79.0,134.0,1005,41.0,2.2333333333333334,450.0
2013,7,8,9E,JFK,BNA,67.0,79.0,111.0,765,12.0,1.85,413.5135135135135
2013,8,4,B6,JFK,JAX,71.0,79.0,110.0,828,8.0,1.8333333333333333,451.6363636363637
2013,6,7,DL,JFK,SEA,32.0,79.0,313.0,2422,47.0,5.216666666666667,464.2811501597444
2013,7,23,B6,JFK,TPA,45.0,79.0,155.0,1005,34.0,2.5833333333333335,389.0322580645161
2013,7,1,B6,JFK,MSY,48.0,79.0,175.0,1182,31.0,2.9166666666666665,405.25714285714287
2013,7,2,AA,JFK,SFO,69.0,79.0,348.0,2586,10.0,5.8,445.86206896551727
2013,7,3,B6,JFK,SYR,103.0,79.0,38.0,209,-24.0,0.6333333333333333,330.0
2013,6,26,US,JFK,CLT,41.0,79.0,86.0,541,38.0,1.4333333333333333,377.4418604651163
2013,7,2,B6,JFK,LAX,115.0,79.0,297.0,2475,-36.0,4.95,500.0
2013,8,9,9E,JFK,DTW,13.0,79.0,85.0,509,66.0,1.4166666666666667,359.2941176470588
2013,7,21,AA,JFK,LAS,57.0,79.0,309.0,2248,22.0,5.15,436.504854368932
2013,6,26,B6,JFK,AUS,54.0,79.0,198.0,1521,25.0,3.3,460.90909090909093
2013,6,30,B6,JFK,ROC,71.0,79.0,47.0,264,8.0,0.7833333333333333,337.02127659574467
2013,6,27,DL,JFK,MCO,54.0,79.0,127.0,944,25.0,2.1166666666666667,445.98425196850394
2013,6,26,B6,JFK,BUR,76.0,79.0,316.0,2465,3.0,5.266666666666667,468.0379746835443
2013,7,2,DL,JFK,MIA,42.0,79.0,155.0,1089,37.0,2.5833333333333335,421.54838709677415
2013,6,11,B6,JFK,FLL,105.0,79.0,150.0,1069,-26.0,2.5,427.6
2013,6,27,UA,JFK,SFO,79.0,79.0,326.0,2586,0.0,5.433333333333334,475.9509202453988
2013,6,28,9E,JFK,DTW,65.0,79.0,82.0,509,14.0,1.3666666666666667,372.4390243902439
2013,6,27,B6,JFK,ACK,85.0,79.0,45.0,199,-6.0,0.75,265.3333333333333
2013,8,8,DL,JFK,SJU,73.0,79.0,207.0,1598,6.0,3.45,463.18840579710144
2013,8,22,B6,JFK,SYR,-2.0,79.0,43.0,209,81.0,0.7166666666666667,291.62790697674416
2013,6,28,AA,JFK,SEA,69.0,79.0,330.0,2422,10.0,5.5,440.3636363636364
2013,7,12,9E,JFK,IAD,112.0,79.0,47.0,228,-33.0,0.7833333333333333,291.06382978723406
2013,7,21,AA,JFK,BOS,95.0,79.0,32.0,187,-16.0,0.5333333333333333,350.625
2013,6,8,9E,JFK,MSP,104.0,79.0,151.0,1029,-25.0,2.5166666666666666,408.8741721854305
2013,8,29,AA,JFK,SFO,67.0,79.0,334.0,2586,12.0,5.566666666666666,464.55089820359285
2013,8,1,UA,JFK,SFO,54.0,79.0,370.0,2586,25.0,6.166666666666667,419.35135135135135
2013,6,28,DL,JFK,BOS,94.0,79.0,37.0,187,-15.0,0.6166666666666667,303.2432432432432
2013,6,18,DL,JFK,BOS,28.0,79.0,41.0,187,51.0,0.6833333333333333,273.6585365853658
2013,8,22,B6,JFK,CHS,80.0,79.0,91.0,636,-1.0,1.5166666666666666,419.34065934065933
2013,6,17,DL,JFK,MCO,97.0,79.0,132.0,944,-18.0,2.2,429.09090909090907
2013,7,28,B6,JFK,MCO,58.0,79.0,136.0,944,21.0,2.2666666666666666,416.47058823529414
2013,7,28,B6,JFK,TPA,39.0,79.0,135.0,1005,40.0,2.25,446.6666666666667
2013,7,7,9E,JFK,BNA,31.0,79.0,109.0,765,48.0,1.8166666666666667,421.10091743119267
2013,8,31,MQ,JFK,CVG,26.0,79.0,112.0,589,53.0,1.8666666666666667,315.5357142857143
2013,7,19,AA,JFK,SJU,86.0,78.0,203.0,1598,-8.0,3.3833333333333333,472.3152709359606
2013,8,8,B6,JFK,PWM,37.0,78.0,54.0,273,41.0,0.9,303.3333333333333
2013,6,23,9E,JFK,BUF,95.0,78.0,51.0,301,-17.0,0.85,354.11764705882354
2013,6,25,9E,JFK,PHL,83.0,78.0,29.0,94,-5.0,0.48333333333333334,194.48275862068965
2013,7,26,DL,JFK,ATL,60.0,78.0,142.0,760,18.0,2.3666666666666667,321.1267605633803
2013,8,9,B6,JFK,BUF,55.0,78.0,57.0,301,23.0,0.95,316.8421052631579
2013,6,27,AA,JFK,LAX,86.0,78.0,299.0,2475,-8.0,4.983333333333333,496.6555183946488
2013,6,13,9E,JFK,DCA,87.0,78.0,43.0,213,-9.0,0.7166666666666667,297.2093023255814
2013,6,14,B6,JFK,BOS,95.0,78.0,35.0,187,-17.0,0.5833333333333334,320.57142857142856
2013,6,11,VX,JFK,SFO,80.0,78.0,360.0,2586,-2.0,6.0,431.0
2013,7,2,B6,JFK,SAN,93.0,78.0,298.0,2446,-15.0,4.966666666666667,492.48322147651004
2013,6,18,DL,JFK,LAX,51.0,78.0,344.0,2475,27.0,5.733333333333333,431.6860465116279
2013,7,3,B6,JFK,MCO,82.0,78.0,130.0,944,-4.0,2.1666666666666665,435.69230769230774
2013,7,8,DL,JFK,SFO,58.0,78.0,363.0,2586,20.0,6.05,427.43801652892563
2013,8,4,B6,JFK,FLL,65.0,78.0,151.0,1069,13.0,2.5166666666666666,424.76821192052984
2013,6,27,B6,JFK,FLL,35.0,78.0,150.0,1069,43.0,2.5,427.6
2013,8,22,9E,JFK,PHL,93.0,78.0,24.0,94,-15.0,0.4,235.0
2013,8,12,B6,JFK,SYR,79.0,78.0,46.0,209,-1.0,0.7666666666666667,272.6086956521739
2013,7,20,9E,JFK,RDU,24.0,78.0,70.0,427,54.0,1.1666666666666667,366.0
2013,8,29,B6,JFK,JAX,87.0,78.0,112.0,828,-9.0,1.8666666666666667,443.57142857142856
2013,7,7,B6,JFK,ROC,66.0,78.0,50.0,264,12.0,0.8333333333333334,316.8
2013,6,30,B6,JFK,SJU,88.0,78.0,198.0,1598,-10.0,3.3,484.24242424242425
2013,7,23,B6,JFK,CLT,88.0,78.0,78.0,541,-10.0,1.3,416.15384615384613
2013,6,1,B6,JFK,MCO,105.0,78.0,122.0,944,-27.0,2.033333333333333,464.26229508196724
2013,6,10,9E,JFK,MSY,38.0,78.0,170.0,1182,40.0,2.8333333333333335,417.17647058823525
2013,6,10,DL,JFK,ATL,85.0,78.0,114.0,760,-7.0,1.9,400.0
2013,8,24,B6,JFK,MCO,103.0,78.0,123.0,944,-25.0,2.05,460.48780487804885
2013,8,22,MQ,JFK,CLE,73.0,78.0,73.0,425,5.0,1.2166666666666666,349.3150684931507
2013,8,14,B6,JFK,SJU,38.0,78.0,201.0,1598,40.0,3.35,477.0149253731343
2013,7,9,9E,JFK,PHL,122.0,78.0,27.0,94,-44.0,0.45,208.88888888888889
2013,6,7,B6,JFK,SAN,85.0,78.0,303.0,2446,-7.0,5.05,484.3564356435644
2013,7,17,9E,JFK,PIT,35.0,78.0,56.0,340,43.0,0.9333333333333333,364.2857142857143
2013,7,16,9E,JFK,DTW,118.0,78.0,73.0,509,-40.0,1.2166666666666666,418.3561643835617
2013,8,29,US,JFK,PHX,106.0,78.0,265.0,2153,-28.0,4.416666666666667,487.47169811320754
2013,8,8,UA,JFK,SFO,11.0,78.0,397.0,2586,67.0,6.616666666666666,390.83123425692696
2013,6,13,VX,JFK,LAX,1.0,78.0,355.0,2475,77.0,5.916666666666667,418.30985915492954
2013,8,8,9E,JFK,MKE,74.0,78.0,127.0,745,4.0,2.1166666666666667,351.9685039370079
2013,7,28,B6,JFK,CLT,-3.0,78.0,114.0,541,81.0,1.9,284.7368421052632
2013,6,30,MQ,JFK,DCA,9.0,78.0,53.0,213,69.0,0.8833333333333333,241.13207547169813
2013,8,20,DL,JFK,PDX,123.0,78.0,311.0,2454,-45.0,5.183333333333334,473.4405144694534
2013,7,23,9E,JFK,PIT,-2.0,78.0,63.0,340,80.0,1.05,323.8095238095238
2013,7,7,B6,JFK,LGB,-1.0,78.0,319.0,2465,79.0,5.316666666666666,463.6363636363637
2013,7,2,DL,JFK,SAT,23.0,78.0,220.0,1587,55.0,3.6666666666666665,432.8181818181818
2013,7,8,B6,JFK,SFO,105.0,78.0,332.0,2586,-27.0,5.533333333333333,467.34939759036143
2013,7,2,B6,JFK,MSY,87.0,78.0,168.0,1182,-9.0,2.8,422.14285714285717
2013,6,15,UA,JFK,SFO,32.0,78.0,380.0,2586,46.0,6.333333333333333,408.3157894736842
2013,7,2,DL,JFK,ATL,56.0,78.0,113.0,760,22.0,1.8833333333333333,403.53982300884957
2013,8,28,DL,JFK,MIA,68.0,78.0,142.0,1089,10.0,2.3666666666666667,460.14084507042253
2013,6,10,B6,JFK,MVY,79.0,78.0,32.0,173,-1.0,0.5333333333333333,324.375
2013,7,1,9E,JFK,ORD,107.0,78.0,118.0,740,-29.0,1.9666666666666666,376.271186440678
2013,7,28,DL,JFK,PDX,13.0,78.0,330.0,2454,65.0,5.5,446.1818181818182
2013,7,3,B6,JFK,RSW,72.0,77.0,142.0,1074,5.0,2.3666666666666667,453.80281690140845
2013,6,23,MQ,JFK,DCA,69.0,77.0,58.0,213,8.0,0.9666666666666667,220.3448275862069
2013,8,11,B6,JFK,MSY,72.0,77.0,161.0,1182,5.0,2.683333333333333,440.4968944099379
2013,7,23,AA,JFK,SFO,51.0,77.0,353.0,2586,26.0,5.883333333333334,439.5467422096317
2013,7,10,B6,JFK,ACK,86.0,77.0,45.0,199,-9.0,0.75,265.3333333333333
2013,7,12,9E,JFK,PHL,84.0,77.0,40.0,94,-7.0,0.6666666666666666,141.0
2013,7,8,B6,JFK,SEA,55.0,77.0,356.0,2422,22.0,5.933333333333334,408.2022471910112
2013,7,1,DL,JFK,SEA,-7.0,77.0,308.0,2422,84.0,5.133333333333334,471.81818181818176
2013,8,9,B6,JFK,BUF,77.0,77.0,56.0,301,0.0,0.9333333333333333,322.5
2013,6,14,9E,JFK,MSP,12.0,77.0,152.0,1029,65.0,2.533333333333333,406.1842105263158
2013,8,3,DL,JFK,DEN,46.0,77.0,252.0,1626,31.0,4.2,387.1428571428571
2013,6,8,B6,JFK,RSW,60.0,77.0,176.0,1074,17.0,2.933333333333333,366.1363636363637
2013,7,3,B6,JFK,FLL,72.0,77.0,136.0,1069,5.0,2.2666666666666666,471.61764705882354
2013,8,11,B6,JFK,SFO,65.0,77.0,351.0,2586,12.0,5.85,442.0512820512821
2013,7,28,9E,JFK,CLT,6.0,77.0,112.0,541,71.0,1.8666666666666667,289.82142857142856
2013,7,16,B6,JFK,ORD,84.0,77.0,108.0,740,-7.0,1.8,411.1111111111111
2013,7,21,DL,JFK,MIA,24.0,77.0,143.0,1089,53.0,2.3833333333333333,456.9230769230769
2013,6,23,B6,JFK,SJU,11.0,77.0,199.0,1598,66.0,3.316666666666667,481.80904522613065
2013,7,23,B6,JFK,SJU,63.0,77.0,195.0,1598,14.0,3.25,491.6923076923077
2013,6,24,DL,JFK,MIA,85.0,77.0,143.0,1089,-8.0,2.3833333333333333,456.9230769230769
2013,7,9,B6,JFK,SEA,13.0,77.0,333.0,2422,64.0,5.55,436.3963963963964
2013,7,22,DL,JFK,LAX,5.0,77.0,336.0,2475,72.0,5.6,441.9642857142857
2013,8,6,B6,JFK,LAS,87.0,77.0,300.0,2248,-10.0,5.0,449.6
2013,8,5,B6,JFK,SJU,72.0,77.0,202.0,1598,5.0,3.3666666666666667,474.65346534653463
2013,6,27,B6,JFK,PBI,71.0,77.0,141.0,1028,6.0,2.35,437.4468085106383
2013,7,2,AA,JFK,BOS,40.0,77.0,33.0,187,37.0,0.55,340.0
2013,7,2,B6,JFK,SLC,64.0,77.0,260.0,1990,13.0,4.333333333333333,459.2307692307693
2013,8,8,DL,JFK,SLC,67.0,77.0,280.0,1990,10.0,4.666666666666667,426.4285714285714
2013,6,11,US,JFK,PHX,113.0,77.0,263.0,2153,-36.0,4.383333333333334,491.1787072243346
2013,8,9,AA,JFK,MIA,41.0,77.0,154.0,1089,36.0,2.566666666666667,424.2857142857143
2013,6,7,US,JFK,PHX,62.0,77.0,285.0,2153,15.0,4.75,453.2631578947368
2013,8,9,DL,JFK,SAN,11.0,77.0,328.0,2446,66.0,5.466666666666667,447.4390243902439
2013,7,16,B6,JFK,MCO,101.0,77.0,120.0,944,-24.0,2.0,472.0
2013,8,1,B6,JFK,ROC,101.0,77.0,49.0,264,-24.0,0.8166666666666667,323.265306122449
2013,7,8,B6,JFK,ORD,103.0,77.0,110.0,740,-26.0,1.8333333333333333,403.6363636363636
2013,7,22,B6,JFK,FLL,48.0,77.0,139.0,1069,29.0,2.316666666666667,461.4388489208633
2013,6,30,B6,JFK,PHX,49.0,77.0,278.0,2153,28.0,4.633333333333334,464.6762589928057
2013,6,26,AA,JFK,LAX,54.0,77.0,321.0,2475,23.0,5.35,462.61682242990656
2013,7,2,DL,JFK,MIA,43.0,77.0,169.0,1089,34.0,2.816666666666667,386.62721893491124
2013,8,6,B6,JFK,LAX,56.0,77.0,343.0,2475,21.0,5.716666666666667,432.94460641399417
2013,6,3,9E,JFK,CLE,94.0,76.0,78.0,425,-18.0,1.3,326.9230769230769
2013,7,3,DL,JFK,ATL,61.0,76.0,108.0,760,15.0,1.8,422.22222222222223
2013,7,24,B6,JFK,MCO,80.0,76.0,124.0,944,-4.0,2.066666666666667,456.7741935483871
2013,8,8,B6,JFK,ABQ,48.0,76.0,244.0,1826,28.0,4.066666666666666,449.016393442623
2013,6,17,9E,JFK,ORD,59.0,76.0,134.0,740,17.0,2.2333333333333334,331.34328358208955
2013,6,25,UA,JFK,SFO,60.0,76.0,345.0,2586,16.0,5.75,449.7391304347826
2013,8,31,B6,JFK,BUF,50.0,76.0,58.0,301,26.0,0.9666666666666667,311.37931034482756
2013,7,28,B6,JFK,BUF,27.0,76.0,55.0,301,49.0,0.9166666666666666,328.3636363636364
2013,8,3,B6,JFK,SYR,107.0,76.0,47.0,209,-31.0,0.7833333333333333,266.8085106382979
2013,6,30,DL,JFK,PDX,15.0,76.0,312.0,2454,61.0,5.2,471.9230769230769
2013,6,13,B6,JFK,ROC,80.0,76.0,49.0,264,-4.0,0.8166666666666667,323.265306122449
2013,6,18,MQ,JFK,BNA,78.0,76.0,119.0,765,-2.0,1.9833333333333334,385.7142857142857
2013,8,22,B6,JFK,IAD,62.0,76.0,62.0,228,14.0,1.0333333333333334,220.64516129032256
2013,6,22,9E,JFK,DTW,-2.0,76.0,87.0,509,78.0,1.45,351.0344827586207
2013,6,24,AA,JFK,ORD,95.0,76.0,113.0,740,-19.0,1.8833333333333333,392.92035398230087
2013,6,17,B6,JFK,PWM,-4.0,76.0,50.0,273,80.0,0.8333333333333334,327.59999999999997
2013,7,9,AA,JFK,LAS,69.0,76.0,290.0,2248,7.0,4.833333333333333,465.1034482758621
2013,6,28,B6,JFK,MSY,41.0,76.0,174.0,1182,35.0,2.9,407.58620689655174
2013,7,21,MQ,JFK,CMH,89.0,76.0,71.0,483,-13.0,1.1833333333333333,408.169014084507
2013,7,12,9E,JFK,MSY,46.0,76.0,163.0,1182,30.0,2.716666666666667,435.0920245398773
2013,7,28,AA,JFK,SFO,22.0,76.0,360.0,2586,54.0,6.0,431.0
2013,7,22,DL,JFK,SEA,-6.0,76.0,336.0,2422,82.0,5.6,432.5
2013,6,17,B6,JFK,ROC,83.0,76.0,50.0,264,-7.0,0.8333333333333334,316.8
2013,8,9,B6,JFK,LGB,37.0,76.0,342.0,2465,39.0,5.7,432.4561403508772
2013,7,20,EV,JFK,IAD,89.0,76.0,41.0,228,-13.0,0.6833333333333333,333.6585365853658
2013,6,14,MQ,JFK,DCA,83.0,76.0,47.0,213,-7.0,0.7833333333333333,271.9148936170213
2013,8,1,DL,JFK,ATL,98.0,76.0,106.0,760,-22.0,1.7666666666666666,430.188679245283
2013,7,12,9E,JFK,DFW,60.0,76.0,171.0,1391,16.0,2.85,488.0701754385965
2013,6,7,MQ,JFK,RDU,54.0,76.0,93.0,427,22.0,1.55,275.48387096774195
2013,7,11,B6,JFK,ROC,84.0,76.0,50.0,264,-8.0,0.8333333333333334,316.8
2013,6,24,B6,JFK,ORD,56.0,76.0,119.0,740,20.0,1.9833333333333334,373.109243697479
2013,6,16,B6,JFK,SJC,62.0,76.0,365.0,2569,14.0,6.083333333333333,422.30136986301375
2013,6,30,B6,JFK,BTV,69.0,76.0,68.0,266,7.0,1.1333333333333333,234.7058823529412
2013,8,1,9E,JFK,SDF,99.0,76.0,104.0,662,-23.0,1.7333333333333334,381.9230769230769
2013,8,15,B6,JFK,RSW,86.0,76.0,157.0,1074,-10.0,2.6166666666666667,410.44585987261144
2013,7,28,AA,JFK,AUS,1.0,76.0,216.0,1521,75.0,3.6,422.5
2013,7,28,B6,JFK,RDU,-3.0,76.0,72.0,427,79.0,1.2,355.83333333333337
2013,7,7,B6,JFK,SJU,6.0,76.0,201.0,1598,70.0,3.35,477.0149253731343
2013,8,9,AA,JFK,LAX,25.0,76.0,339.0,2475,51.0,5.65,438.0530973451327
2013,6,7,VX,JFK,SFO,77.0,76.0,324.0,2586,-1.0,5.4,478.88888888888886
2013,8,8,MQ,JFK,RDU,85.0,76.0,66.0,427,-9.0,1.1,388.18181818181813
2013,8,18,B6,JFK,SJU,18.0,76.0,248.0,1598,58.0,4.133333333333334,386.6129032258064
2013,6,9,DL,JFK,ATL,65.0,76.0,112.0,760,11.0,1.8666666666666667,407.1428571428571
2013,7,30,B6,JFK,MSY,81.0,76.0,155.0,1182,-5.0,2.5833333333333335,457.54838709677415
2013,6,29,9E,JFK,JAX,84.0,76.0,123.0,828,-8.0,2.05,403.9024390243903
2013,6,27,B6,JFK,PBI,37.0,76.0,142.0,1028,39.0,2.3666666666666667,434.36619718309856
2013,6,21,9E,JFK,MSY,120.0,76.0,150.0,1182,-44.0,2.5,472.8
2013,7,26,B6,JFK,LAX,74.0,76.0,321.0,2475,2.0,5.35,462.61682242990656
2013,7,7,AA,JFK,LAS,39.0,76.0,308.0,2248,37.0,5.133333333333334,437.9220779220779
2013,6,25,AA,JFK,MIA,71.0,75.0,154.0,1089,4.0,2.566666666666667,424.2857142857143
2013,7,3,B6,JFK,BUF,62.0,75.0,57.0,301,13.0,0.95,316.8421052631579
2013,7,10,B6,JFK,BUF,13.0,75.0,60.0,301,62.0,1.0,301.0
2013,7,11,B6,JFK,TPA,79.0,75.0,136.0,1005,-4.0,2.2666666666666666,443.38235294117646
2013,6,17,9E,JFK,BOS,30.0,75.0,50.0,187,45.0,0.8333333333333334,224.39999999999998
2013,7,5,B6,JFK,BOS,78.0,75.0,40.0,187,-3.0,0.6666666666666666,280.5
2013,8,14,B6,JFK,SJC,14.0,75.0,351.0,2569,61.0,5.85,439.1452991452992
2013,6,28,B6,JFK,SLC,42.0,75.0,280.0,1990,33.0,4.666666666666667,426.4285714285714
2013,8,29,DL,JFK,SFO,141.0,75.0,308.0,2586,-66.0,5.133333333333334,503.7662337662337
2013,7,30,9E,JFK,BUF,83.0,75.0,59.0,301,-8.0,0.9833333333333333,306.10169491525426
2013,6,29,DL,JFK,PHX,63.0,75.0,290.0,2153,12.0,4.833333333333333,445.448275862069
2013,7,7,B6,JFK,PHX,-2.0,75.0,320.0,2153,77.0,5.333333333333333,403.6875
2013,8,4,VX,JFK,SFO,54.0,75.0,350.0,2586,21.0,5.833333333333333,443.31428571428575
2013,8,25,B6,JFK,MCO,123.0,75.0,111.0,944,-48.0,1.85,510.27027027027026
2013,6,28,B6,JFK,TPA,70.0,75.0,145.0,1005,5.0,2.4166666666666665,415.86206896551727
2013,7,19,9E,JFK,PHL,95.0,75.0,27.0,94,-20.0,0.45,208.88888888888889
2013,6,26,AA,JFK,ORD,85.0,75.0,115.0,740,-10.0,1.9166666666666667,386.0869565217391
2013,7,28,B6,JFK,PBI,-2.0,75.0,145.0,1028,77.0,2.4166666666666665,425.3793103448276
2013,8,29,B6,JFK,ROC,87.0,75.0,46.0,264,-12.0,0.7666666666666667,344.3478260869565
2013,6,25,MQ,JFK,CVG,50.0,75.0,104.0,589,25.0,1.7333333333333334,339.8076923076923
2013,6,7,B6,JFK,BOS,27.0,75.0,37.0,187,48.0,0.6166666666666667,303.2432432432432
2013,7,8,B6,JFK,PBI,86.0,75.0,136.0,1028,-11.0,2.2666666666666666,453.5294117647059
2013,8,8,DL,JFK,SJU,14.0,75.0,212.0,1598,61.0,3.533333333333333,452.26415094339626
2013,8,5,B6,JFK,LAS,70.0,75.0,302.0,2248,5.0,5.033333333333333,446.6225165562914
2013,7,28,DL,JFK,SAN,1.0,75.0,327.0,2446,74.0,5.45,448.80733944954125
2013,7,13,B6,JFK,PDX,78.0,75.0,316.0,2454,-3.0,5.266666666666667,465.9493670886076
2013,7,8,DL,JFK,AUS,55.0,75.0,196.0,1521,20.0,3.2666666666666666,465.6122448979592
2013,8,10,B6,JFK,BOS,79.0,75.0,37.0,187,-4.0,0.6166666666666667,303.2432432432432
2013,7,1,B6,JFK,FLL,22.0,75.0,174.0,1069,53.0,2.9,368.62068965517244
2013,6,28,B6,JFK,SAN,90.0,75.0,315.0,2446,-15.0,5.25,465.9047619047619
2013,6,2,MQ,JFK,BWI,39.0,75.0,43.0,184,36.0,0.7166666666666667,256.74418604651163
2013,7,22,AA,JFK,SFO,10.0,75.0,346.0,2586,65.0,5.766666666666667,448.4393063583815
2013,8,8,B6,JFK,PSE,91.0,75.0,198.0,1617,-16.0,3.3,490.0
2013,6,30,MQ,JFK,PIT,-7.0,75.0,57.0,340,82.0,0.95,357.89473684210526
2013,7,7,B6,JFK,BUF,74.0,75.0,50.0,301,1.0,0.8333333333333334,361.2
2013,7,2,B6,JFK,TPA,76.0,75.0,147.0,1005,-1.0,2.45,410.204081632653
2013,6,25,AA,JFK,LAX,72.0,75.0,327.0,2475,3.0,5.45,454.1284403669725
2013,8,1,B6,JFK,SFO,82.0,75.0,352.0,2586,-7.0,5.866666666666666,440.79545454545456
2013,6,30,9E,JFK,CLE,0.0,75.0,72.0,425,75.0,1.2,354.1666666666667
2013,6,17,B6,JFK,RDU,7.0,75.0,84.0,427,68.0,1.4,305.0
2013,6,29,B6,JFK,HOU,89.0,75.0,195.0,1428,-14.0,3.25,439.38461538461536
2013,7,12,AA,JFK,BOS,50.0,75.0,32.0,187,25.0,0.5333333333333333,350.625
2013,7,22,B6,JFK,FLL,9.0,75.0,154.0,1069,66.0,2.566666666666667,416.49350649350646
2013,6,10,9E,JFK,DFW,61.0,75.0,185.0,1391,14.0,3.0833333333333335,451.1351351351351
2013,6,28,9E,JFK,MKE,0.0,75.0,114.0,745,75.0,1.9,392.10526315789474
2013,6,13,B6,JFK,PHX,22.0,75.0,281.0,2153,53.0,4.683333333333334,459.71530249110316
2013,7,20,9E,JFK,MSP,48.0,75.0,155.0,1029,27.0,2.5833333333333335,398.3225806451613
2013,7,22,DL,JFK,FLL,63.0,75.0,135.0,1069,12.0,2.25,475.1111111111111
2013,7,1,9E,JFK,DCA,78.0,75.0,44.0,213,-3.0,0.7333333333333333,290.4545454545455
2013,8,9,MQ,JFK,CMH,72.0,75.0,71.0,483,3.0,1.1833333333333333,408.169014084507
2013,7,1,B6,JFK,ACK,53.0,75.0,42.0,199,22.0,0.7,284.2857142857143
2013,7,28,B6,JFK,LAX,4.0,75.0,347.0,2475,71.0,5.783333333333333,427.95389048991353
2013,8,3,B6,JFK,BOS,80.0,74.0,43.0,187,-6.0,0.7166666666666667,260.93023255813955
2013,6,28,B6,JFK,SJU,86.0,74.0,195.0,1598,-12.0,3.25,491.6923076923077
2013,6,4,B6,JFK,FLL,78.0,74.0,145.0,1069,-4.0,2.4166666666666665,442.3448275862069
2013,6,30,DL,JFK,SLC,56.0,74.0,251.0,1990,18.0,4.183333333333334,475.69721115537845
2013,8,5,B6,JFK,SMF,96.0,74.0,335.0,2521,-22.0,5.583333333333333,451.52238805970154
2013,6,13,DL,JFK,AUS,18.0,74.0,185.0,1521,56.0,3.0833333333333335,493.2972972972973
2013,8,22,B6,JFK,PSE,79.0,74.0,206.0,1617,-5.0,3.433333333333333,470.9708737864078
2013,7,19,B6,JFK,RSW,86.0,74.0,144.0,1074,-12.0,2.4,447.5
2013,8,6,B6,JFK,LAX,62.0,74.0,330.0,2475,12.0,5.5,450.0
2013,7,26,AA,JFK,LAS,104.0,74.0,297.0,2248,-30.0,4.95,454.14141414141415
2013,8,7,B6,JFK,SJU,83.0,74.0,193.0,1598,-9.0,3.216666666666667,496.78756476683935
2013,6,23,9E,JFK,PHL,-5.0,74.0,33.0,94,79.0,0.55,170.9090909090909
2013,7,24,DL,JFK,DTW,-3.0,74.0,85.0,509,77.0,1.4166666666666667,359.2941176470588
2013,8,23,AA,JFK,LAS,115.0,74.0,290.0,2248,-41.0,4.833333333333333,465.1034482758621
2013,8,9,9E,JFK,ORD,64.0,74.0,120.0,740,10.0,2.0,370.0
2013,6,30,9E,JFK,BUF,-1.0,74.0,54.0,301,75.0,0.9,334.44444444444446
2013,7,7,B6,JFK,SAN,-8.0,74.0,316.0,2446,82.0,5.266666666666667,464.43037974683546
2013,8,30,B6,JFK,TPA,73.0,74.0,131.0,1005,1.0,2.183333333333333,460.3053435114504
2013,8,16,B6,JFK,BUF,65.0,74.0,55.0,301,9.0,0.9166666666666666,328.3636363636364
2013,6,13,9E,JFK,IAD,64.0,74.0,49.0,228,10.0,0.8166666666666667,279.18367346938777
2013,8,29,B6,JFK,BUF,82.0,74.0,51.0,301,-8.0,0.85,354.11764705882354
2013,6,17,B6,JFK,OAK,-2.0,74.0,353.0,2576,76.0,5.883333333333334,437.8470254957507
2013,7,9,B6,JFK,PBI,5.0,74.0,156.0,1028,69.0,2.6,395.38461538461536
2013,6,14,AA,JFK,SFO,77.0,74.0,339.0,2586,-3.0,5.65,457.6991150442478
2013,6,13,DL,JFK,DEN,53.0,74.0,220.0,1626,21.0,3.6666666666666665,443.4545454545455
2013,7,13,MQ,JFK,CMH,48.0,74.0,79.0,483,26.0,1.3166666666666667,366.8354430379747
2013,6,11,MQ,JFK,CMH,86.0,74.0,70.0,483,-12.0,1.1666666666666667,414.0
2013,7,9,B6,JFK,BUF,33.0,74.0,65.0,301,41.0,1.0833333333333333,277.84615384615387
2013,6,23,DL,JFK,LAS,112.0,74.0,277.0,2248,-38.0,4.616666666666666,486.9314079422383
2013,6,26,UA,JFK,SFO,67.0,74.0,340.0,2586,7.0,5.666666666666667,456.35294117647055
2013,6,24,B6,JFK,BUF,90.0,74.0,53.0,301,-16.0,0.8833333333333333,340.7547169811321
2013,6,14,MQ,JFK,DCA,67.0,74.0,47.0,213,7.0,0.7833333333333333,271.9148936170213
2013,7,2,B6,JFK,RSW,38.0,74.0,159.0,1074,36.0,2.65,405.28301886792457
2013,7,6,9E,JFK,DCA,91.0,74.0,42.0,213,-17.0,0.7,304.2857142857143
2013,7,22,B6,JFK,SFO,15.0,74.0,352.0,2586,59.0,5.866666666666666,440.79545454545456
2013,7,8,VX,JFK,SFO,97.0,74.0,336.0,2586,-23.0,5.6,461.78571428571433
2013,6,29,9E,JFK,MCI,69.0,74.0,169.0,1113,5.0,2.816666666666667,395.1479289940828
2013,8,20,9E,JFK,CVG,76.0,74.0,86.0,589,-2.0,1.4333333333333333,410.93023255813955
2013,6,13,B6,JFK,IAD,2.0,74.0,49.0,228,72.0,0.8166666666666667,279.18367346938777
2013,8,28,9E,JFK,CVG,93.0,74.0,87.0,589,-19.0,1.45,406.2068965517241
2013,7,7,B6,JFK,LAS,9.0,73.0,296.0,2248,64.0,4.933333333333334,455.6756756756757
2013,8,8,DL,JFK,LAX,23.0,73.0,354.0,2475,50.0,5.9,419.4915254237288
2013,8,2,MQ,JFK,CMH,58.0,73.0,76.0,483,15.0,1.2666666666666666,381.3157894736842
2013,6,2,AA,JFK,BOS,73.0,73.0,39.0,187,0.0,0.65,287.6923076923077
2013,7,7,B6,JFK,ORD,61.0,73.0,104.0,740,12.0,1.7333333333333334,426.9230769230769
2013,7,7,AA,JFK,SEA,6.0,73.0,342.0,2422,67.0,5.7,424.91228070175436
2013,6,18,B6,JFK,SLC,81.0,73.0,270.0,1990,-8.0,4.5,442.22222222222223
2013,8,22,B6,JFK,DEN,101.0,73.0,213.0,1626,-28.0,3.55,458.02816901408454
2013,7,2,B6,JFK,FLL,62.0,73.0,149.0,1069,11.0,2.4833333333333334,430.4697986577181
2013,6,7,B6,JFK,BOS,44.0,73.0,56.0,187,29.0,0.9333333333333333,200.35714285714286
2013,7,1,B6,JFK,TPA,40.0,73.0,160.0,1005,33.0,2.6666666666666665,376.875
2013,7,2,B6,JFK,PWM,87.0,73.0,45.0,273,-14.0,0.75,364.0
2013,8,8,B6,JFK,LAX,27.0,73.0,331.0,2475,46.0,5.516666666666667,448.6404833836858
2013,8,18,9E,JFK,PIT,98.0,73.0,63.0,340,-25.0,1.05,323.8095238095238
2013,8,30,9E,JFK,ORD,65.0,73.0,121.0,740,8.0,2.0166666666666666,366.9421487603306
2013,8,31,AA,JFK,DFW,98.0,73.0,182.0,1391,-25.0,3.033333333333333,458.5714285714286
2013,7,12,AA,JFK,SFO,85.0,73.0,324.0,2586,-12.0,5.4,478.88888888888886
2013,7,18,AA,JFK,MIA,76.0,73.0,153.0,1089,-3.0,2.55,427.05882352941177
2013,8,28,B6,JFK,BOS,42.0,73.0,34.0,187,31.0,0.5666666666666667,330.0
2013,6,22,9E,JFK,MSP,89.0,73.0,146.0,1029,-16.0,2.433333333333333,422.87671232876716
2013,6,13,B6,JFK,MCO,23.0,73.0,131.0,944,50.0,2.183333333333333,432.3664122137405
2013,6,4,DL,JFK,DEN,84.0,73.0,239.0,1626,-11.0,3.9833333333333334,408.2008368200837
2013,7,31,AA,JFK,LAX,74.0,73.0,317.0,2475,-1.0,5.283333333333333,468.45425867507885
2013,7,10,DL,JFK,MIA,7.0,73.0,145.0,1089,66.0,2.4166666666666665,450.62068965517244
2013,8,17,B6,JFK,MCO,60.0,73.0,147.0,944,13.0,2.45,385.3061224489796
2013,6,4,MQ,JFK,DCA,103.0,73.0,39.0,213,-30.0,0.65,327.6923076923077
2013,6,10,EV,JFK,IAD,72.0,73.0,49.0,228,1.0,0.8166666666666667,279.18367346938777
2013,6,11,DL,JFK,LAX,40.0,73.0,336.0,2475,33.0,5.6,441.9642857142857
2013,8,2,9E,JFK,MCI,82.0,73.0,168.0,1113,-9.0,2.8,397.5
2013,7,10,B6,JFK,BTV,0.0,73.0,61.0,266,73.0,1.0166666666666666,261.6393442622951
2013,8,2,B6,JFK,PDX,60.0,73.0,356.0,2454,13.0,5.933333333333334,413.5955056179775
2013,7,20,9E,JFK,DCA,114.0,73.0,41.0,213,-41.0,0.6833333333333333,311.7073170731707
2013,6,13,B6,JFK,FLL,52.0,73.0,170.0,1069,21.0,2.8333333333333335,377.2941176470588
2013,8,2,B6,JFK,ORD,13.0,73.0,155.0,740,60.0,2.5833333333333335,286.4516129032258
2013,8,28,B6,JFK,SYR,67.0,73.0,51.0,209,6.0,0.85,245.88235294117646
2013,6,23,B6,JFK,PHX,13.0,73.0,283.0,2153,60.0,4.716666666666667,456.46643109540634
2013,6,24,AA,JFK,LAX,116.0,73.0,313.0,2475,-43.0,5.216666666666667,474.4408945686901
2013,8,9,DL,JFK,SFO,36.0,73.0,367.0,2586,37.0,6.116666666666666,422.77929155313353
2013,8,23,AA,JFK,SFO,77.0,73.0,339.0,2586,-4.0,5.65,457.6991150442478
2013,6,28,DL,JFK,LAX,80.0,73.0,317.0,2475,-7.0,5.283333333333333,468.45425867507885
2013,8,15,B6,JFK,MCO,94.0,73.0,135.0,944,-21.0,2.25,419.55555555555554
2013,6,25,9E,JFK,ORD,90.0,73.0,120.0,740,-17.0,2.0,370.0
2013,6,17,MQ,JFK,DCA,78.0,73.0,54.0,213,-5.0,0.9,236.66666666666666
2013,8,2,B6,JFK,MCO,78.0,73.0,119.0,944,-5.0,1.9833333333333334,475.9663865546218
2013,7,28,AA,JFK,LAX,10.0,73.0,341.0,2475,63.0,5.683333333333334,435.4838709677419
2013,6,21,9E,JFK,BOS,102.0,73.0,40.0,187,-29.0,0.6666666666666666,280.5
2013,7,4,DL,JFK,LAS,74.0,72.0,277.0,2248,-2.0,4.616666666666666,486.9314079422383
2013,7,12,B6,JFK,SYR,82.0,72.0,40.0,209,-10.0,0.6666666666666666,313.5
2013,7,3,9E,JFK,DTW,73.0,72.0,83.0,509,-1.0,1.3833333333333333,367.9518072289157
2013,6,13,UA,JFK,LAX,40.0,72.0,326.0,2475,32.0,5.433333333333334,455.52147239263803
2013,7,7,UA,JFK,SFO,88.0,72.0,320.0,2586,-16.0,5.333333333333333,484.875
2013,6,18,DL,JFK,LAS,36.0,72.0,303.0,2248,36.0,5.05,445.1485148514852
2013,6,17,B6,JFK,RDU,67.0,72.0,68.0,427,5.0,1.1333333333333333,376.7647058823529
2013,8,28,AA,JFK,LAX,83.0,72.0,309.0,2475,-11.0,5.15,480.58252427184465
2013,7,4,MQ,JFK,BNA,70.0,72.0,117.0,765,2.0,1.95,392.3076923076923
2013,7,3,MQ,JFK,RDU,52.0,72.0,69.0,427,20.0,1.15,371.304347826087
2013,8,9,AA,JFK,SJU,65.0,72.0,195.0,1598,7.0,3.25,491.6923076923077
2013,7,13,DL,JFK,ATL,51.0,72.0,112.0,760,21.0,1.8666666666666667,407.1428571428571
2013,8,26,B6,JFK,SJU,17.0,72.0,215.0,1598,55.0,3.5833333333333335,445.953488372093
2013,6,8,MQ,JFK,CVG,74.0,72.0,100.0,589,-2.0,1.6666666666666667,353.4
2013,8,1,B6,JFK,SEA,79.0,72.0,337.0,2422,-7.0,5.616666666666666,431.2166172106825
2013,8,14,9E,JFK,CVG,107.0,72.0,89.0,589,-35.0,1.4833333333333334,397.07865168539325
2013,6,18,9E,JFK,BWI,50.0,72.0,39.0,184,22.0,0.65,283.0769230769231
2013,6,10,B6,JFK,BOS,52.0,72.0,37.0,187,20.0,0.6166666666666667,303.2432432432432
2013,6,19,MQ,JFK,CMH,76.0,72.0,79.0,483,-4.0,1.3166666666666667,366.8354430379747
2013,6,25,AA,JFK,ORD,85.0,72.0,124.0,740,-13.0,2.066666666666667,358.0645161290322
2013,6,14,MQ,JFK,CVG,12.0,72.0,92.0,589,60.0,1.5333333333333334,384.1304347826087
2013,7,12,AA,JFK,LAS,87.0,72.0,276.0,2248,-15.0,4.6,488.69565217391306
2013,6,4,9E,JFK,DTW,101.0,72.0,81.0,509,-29.0,1.35,377.037037037037
2013,7,5,UA,JFK,SFO,51.0,72.0,345.0,2586,21.0,5.75,449.7391304347826
2013,8,8,DL,JFK,LAS,15.0,72.0,315.0,2248,57.0,5.25,428.1904761904762
2013,8,8,B6,JFK,BOS,83.0,72.0,35.0,187,-11.0,0.5833333333333334,320.57142857142856
2013,6,28,DL,JFK,BOS,70.0,72.0,41.0,187,2.0,0.6833333333333333,273.6585365853658
2013,8,5,B6,JFK,LAX,60.0,72.0,330.0,2475,12.0,5.5,450.0
2013,8,10,B6,JFK,JAX,74.0,72.0,110.0,828,-2.0,1.8333333333333333,451.6363636363637
2013,7,20,DL,JFK,SFO,14.0,72.0,377.0,2586,58.0,6.283333333333333,411.56498673740055
2013,6,10,MQ,JFK,CMH,79.0,72.0,78.0,483,-7.0,1.3,371.53846153846155
2013,6,17,DL,JFK,PDX,88.0,72.0,323.0,2454,-16.0,5.383333333333334,455.85139318885444
2013,8,13,B6,JFK,SJU,94.0,72.0,194.0,1598,-22.0,3.2333333333333334,494.2268041237113
2013,6,27,AA,JFK,SFO,79.0,72.0,334.0,2586,-7.0,5.566666666666666,464.55089820359285
2013,6,28,B6,JFK,BUF,19.0,72.0,78.0,301,53.0,1.3,231.53846153846152
2013,7,28,B6,JFK,HOU,-6.0,72.0,204.0,1428,78.0,3.4,420.0
2013,7,2,B6,JFK,TPA,24.0,72.0,152.0,1005,48.0,2.533333333333333,396.7105263157895
2013,7,21,9E,JFK,RDU,97.0,72.0,68.0,427,-25.0,1.1333333333333333,376.7647058823529
2013,6,24,B6,JFK,LAX,59.0,72.0,331.0,2475,13.0,5.516666666666667,448.6404833836858
2013,6,13,B6,JFK,ORD,54.0,72.0,113.0,740,18.0,1.8833333333333333,392.92035398230087
2013,6,23,DL,JFK,FLL,92.0,72.0,151.0,1069,-20.0,2.5166666666666666,424.76821192052984
2013,6,30,9E,JFK,DFW,11.0,72.0,205.0,1391,61.0,3.4166666666666665,407.1219512195122
2013,7,25,9E,JFK,BOS,78.0,72.0,39.0,187,-6.0,0.65,287.6923076923077
2013,7,26,MQ,JFK,DCA,68.0,72.0,45.0,213,4.0,0.75,284.0
2013,8,11,9E,JFK,CVG,38.0,72.0,96.0,589,34.0,1.6,368.125
2013,8,8,DL,JFK,MIA,45.0,71.0,144.0,1089,26.0,2.4,453.75
2013,8,3,B6,JFK,TPA,50.0,71.0,134.0,1005,21.0,2.2333333333333334,450.0
2013,6,10,AA,JFK,LAS,65.0,71.0,306.0,2248,6.0,5.1,440.7843137254902
2013,8,8,MQ,JFK,CVG,10.0,71.0,101.0,589,61.0,1.6833333333333333,349.9009900990099
2013,6,19,DL,JFK,LAX,70.0,71.0,323.0,2475,1.0,5.383333333333334,459.75232198142413
2013,8,11,MQ,JFK,CMH,19.0,71.0,79.0,483,52.0,1.3166666666666667,366.8354430379747
2013,8,8,DL,JFK,SFO,-5.0,71.0,392.0,2586,76.0,6.533333333333333,395.81632653061223
2013,8,28,9E,JFK,IND,105.0,71.0,92.0,665,-34.0,1.5333333333333334,433.695652173913
2013,8,2,B6,JFK,LAS,79.0,71.0,291.0,2248,-8.0,4.85,463.5051546391753
2013,8,9,DL,JFK,SLC,17.0,71.0,290.0,1990,54.0,4.833333333333333,411.72413793103453
2013,8,7,B6,JFK,LAX,13.0,71.0,345.0,2475,58.0,5.75,430.4347826086956
2013,8,22,9E,JFK,DCA,85.0,71.0,38.0,213,-14.0,0.6333333333333333,336.3157894736842
2013,6,28,DL,JFK,SEA,62.0,71.0,314.0,2422,9.0,5.233333333333333,462.80254777070064
2013,8,13,B6,JFK,IAD,85.0,71.0,48.0,228,-14.0,0.8,285.0
2013,7,7,DL,JFK,ATL,72.0,71.0,117.0,760,-1.0,1.95,389.7435897435898
2013,8,7,9E,JFK,DCA,0.0,71.0,51.0,213,71.0,0.85,250.58823529411765
2013,7,8,B6,JFK,TPA,88.0,71.0,125.0,1005,-17.0,2.0833333333333335,482.4
2013,6,2,B6,JFK,PHX,65.0,71.0,291.0,2153,6.0,4.85,443.9175257731959
2013,6,2,B6,JFK,FLL,79.0,71.0,144.0,1069,-8.0,2.4,445.4166666666667
2013,6,13,B6,JFK,SLC,24.0,71.0,285.0,1990,47.0,4.75,418.94736842105266
2013,6,7,B6,JFK,AUS,67.0,71.0,197.0,1521,4.0,3.283333333333333,463.24873096446703
2013,8,1,B6,JFK,PWM,100.0,71.0,46.0,273,-29.0,0.7666666666666667,356.0869565217391
2013,7,21,MQ,JFK,DCA,70.0,71.0,48.0,213,1.0,0.8,266.25
2013,7,12,AA,JFK,SFO,80.0,71.0,321.0,2586,-9.0,5.35,483.36448598130846
2013,6,13,B6,JFK,TPA,53.0,71.0,143.0,1005,18.0,2.3833333333333333,421.6783216783217
2013,6,29,B6,JFK,SJU,86.0,71.0,194.0,1598,-15.0,3.2333333333333334,494.2268041237113
2013,7,23,DL,JFK,BOS,0.0,71.0,91.0,187,71.0,1.5166666666666666,123.2967032967033
2013,6,27,AA,JFK,SFO,47.0,71.0,363.0,2586,24.0,6.05,427.43801652892563
2013,6,18,DL,JFK,DEN,93.0,71.0,223.0,1626,-22.0,3.716666666666667,437.48878923766813
2013,8,1,B6,JFK,BTV,73.0,71.0,51.0,266,-2.0,0.85,312.94117647058823
2013,7,23,B6,JFK,HOU,80.0,71.0,188.0,1428,-9.0,3.1333333333333333,455.74468085106383
2013,6,3,9E,JFK,IND,48.0,71.0,103.0,665,23.0,1.7166666666666666,387.37864077669906
2013,6,14,EV,JFK,IAD,63.0,71.0,44.0,228,8.0,0.7333333333333333,310.90909090909093
2013,8,22,B6,JFK,BOS,57.0,71.0,40.0,187,14.0,0.6666666666666666,280.5
2013,8,3,B6,JFK,TPA,87.0,71.0,131.0,1005,-16.0,2.183333333333333,460.3053435114504
2013,6,4,MQ,JFK,BNA,67.0,71.0,111.0,765,4.0,1.85,413.5135135135135
2013,7,25,9E,JFK,BNA,63.0,71.0,107.0,765,8.0,1.7833333333333334,428.9719626168224
2013,7,20,VX,JFK,SFO,8.0,71.0,356.0,2586,63.0,5.933333333333334,435.8426966292135
2013,6,8,B6,JFK,PHX,65.0,71.0,287.0,2153,6.0,4.783333333333333,450.10452961672473
2013,8,13,MQ,JFK,RDU,9.0,71.0,74.0,427,62.0,1.2333333333333334,346.2162162162162
2013,8,9,DL,JFK,SAT,105.0,71.0,199.0,1587,-34.0,3.316666666666667,478.49246231155774
2013,8,15,B6,JFK,PBI,63.0,71.0,146.0,1028,8.0,2.433333333333333,422.4657534246576
2013,6,28,DL,JFK,SFO,51.0,71.0,342.0,2586,20.0,5.7,453.6842105263158
2013,6,24,UA,JFK,SFO,15.0,71.0,368.0,2586,56.0,6.133333333333334,421.6304347826087
2013,6,21,B6,JFK,ROC,71.0,71.0,52.0,264,0.0,0.8666666666666667,304.6153846153846
2013,7,25,AA,JFK,BOS,74.0,71.0,37.0,187,-3.0,0.6166666666666667,303.2432432432432
2013,7,25,9E,JFK,CHS,63.0,71.0,95.0,636,8.0,1.5833333333333333,401.6842105263158
2013,6,11,9E,JFK,DCA,73.0,71.0,39.0,213,-2.0,0.65,327.6923076923077
2013,7,4,B6,JFK,PSE,60.0,71.0,220.0,1617,11.0,3.6666666666666665,441.0
2013,7,22,MQ,JFK,RDU,43.0,71.0,70.0,427,28.0,1.1666666666666667,366.0
2013,6,27,B6,JFK,DEN,4.0,71.0,218.0,1626,67.0,3.6333333333333333,447.5229357798165
2013,6,17,AA,JFK,LAX,37.0,71.0,350.0,2475,34.0,5.833333333333333,424.28571428571433
2013,6,28,UA,JFK,SFO,52.0,71.0,346.0,2586,19.0,5.766666666666667,448.4393063583815
2013,8,8,B6,JFK,SFO,46.0,71.0,349.0,2586,25.0,5.816666666666666,444.5845272206304
2013,7,7,AA,JFK,DFW,11.0,71.0,191.0,1391,60.0,3.183333333333333,436.96335078534037
2013,6,3,DL,JFK,AUS,40.0,71.0,210.0,1521,31.0,3.5,434.57142857142856
2013,7,7,DL,JFK,MIA,35.0,71.0,148.0,1089,36.0,2.466666666666667,441.48648648648646
2013,8,2,B6,JFK,SJU,54.0,70.0,206.0,1598,16.0,3.433333333333333,465.4368932038835
2013,8,31,AA,JFK,LAS,93.0,70.0,291.0,2248,-23.0,4.85,463.5051546391753
2013,7,2,9E,JFK,RIC,64.0,70.0,65.0,288,6.0,1.0833333333333333,265.84615384615387
2013,7,19,B6,JFK,FLL,66.0,70.0,156.0,1069,4.0,2.6,411.15384615384613
2013,7,8,B6,JFK,MCO,84.0,70.0,127.0,944,-14.0,2.1166666666666667,445.98425196850394
2013,7,26,UA,JFK,SFO,65.0,70.0,357.0,2586,5.0,5.95,434.62184873949576
2013,8,14,9E,JFK,JAX,28.0,70.0,121.0,828,42.0,2.0166666666666666,410.57851239669424
2013,7,7,DL,JFK,PHX,20.0,70.0,271.0,2153,50.0,4.516666666666667,476.6789667896679
2013,7,14,MQ,JFK,ORF,93.0,70.0,50.0,290,-23.0,0.8333333333333334,348.0
2013,6,13,9E,JFK,MSP,80.0,70.0,154.0,1029,-10.0,2.566666666666667,400.9090909090909
2013,7,21,B6,JFK,SLC,56.0,70.0,283.0,1990,14.0,4.716666666666667,421.90812720848055
2013,6,11,9E,JFK,BWI,71.0,70.0,38.0,184,-1.0,0.6333333333333333,290.5263157894737
2013,8,9,B6,JFK,SFO,75.0,70.0,356.0,2586,-5.0,5.933333333333334,435.8426966292135
2013,8,12,9E,JFK,CHS,84.0,70.0,91.0,636,-14.0,1.5166666666666666,419.34065934065933
2013,6,21,B6,JFK,SAN,86.0,70.0,304.0,2446,-16.0,5.066666666666666,482.7631578947369
2013,8,22,MQ,JFK,RDU,36.0,70.0,68.0,427,34.0,1.1333333333333333,376.7647058823529
2013,6,18,DL,JFK,ATL,89.0,70.0,107.0,760,-19.0,1.7833333333333334,426.1682242990654
2013,6,27,9E,JFK,BUF,91.0,70.0,51.0,301,-21.0,0.85,354.11764705882354
2013,8,9,B6,JFK,ROC,73.0,70.0,52.0,264,-3.0,0.8666666666666667,304.6153846153846
2013,6,23,AA,JFK,SFO,69.0,70.0,346.0,2586,1.0,5.766666666666667,448.4393063583815
2013,6,23,DL,JFK,SFO,77.0,70.0,330.0,2586,-7.0,5.5,470.1818181818182
2013,6,17,DL,JFK,SAN,5.0,70.0,333.0,2446,65.0,5.55,440.72072072072075
2013,8,4,UA,JFK,SFO,43.0,70.0,336.0,2586,27.0,5.6,461.78571428571433
2013,7,28,DL,JFK,LAX,8.0,70.0,347.0,2475,62.0,5.783333333333333,427.95389048991353
2013,8,9,MQ,JFK,ORF,30.0,70.0,53.0,290,40.0,0.8833333333333333,328.3018867924528
2013,8,9,B6,JFK,BOS,58.0,70.0,49.0,187,12.0,0.8166666666666667,228.9795918367347
2013,8,22,9E,JFK,DFW,103.0,70.0,173.0,1391,-33.0,2.8833333333333333,482.4277456647399
2013,6,25,9E,JFK,DFW,81.0,70.0,185.0,1391,-11.0,3.0833333333333335,451.1351351351351
2013,8,29,B6,JFK,SRQ,73.0,70.0,138.0,1041,-3.0,2.3,452.60869565217394
2013,7,17,B6,JFK,BUF,52.0,70.0,53.0,301,18.0,0.8833333333333333,340.7547169811321
2013,6,18,9E,JFK,DFW,46.0,70.0,197.0,1391,24.0,3.283333333333333,423.6548223350254
2013,7,13,B6,JFK,MCO,33.0,70.0,138.0,944,37.0,2.3,410.4347826086957
2013,8,1,B6,JFK,BOS,79.0,70.0,41.0,187,-9.0,0.6833333333333333,273.6585365853658
2013,6,28,DL,JFK,BOS,91.0,70.0,44.0,187,-21.0,0.7333333333333333,255.00000000000003
2013,6,3,MQ,JFK,CVG,41.0,70.0,93.0,589,29.0,1.55,380.0
2013,6,17,VX,JFK,LAX,-1.0,70.0,351.0,2475,71.0,5.85,423.0769230769231
2013,7,20,B6,JFK,PHX,-2.0,70.0,306.0,2153,72.0,5.1,422.15686274509807
2013,8,28,MQ,JFK,DCA,61.0,70.0,52.0,213,9.0,0.8666666666666667,245.76923076923077
2013,8,16,9E,JFK,MSY,56.0,70.0,168.0,1182,14.0,2.8,422.14285714285717
2013,8,25,B6,JFK,MCO,78.0,70.0,119.0,944,-8.0,1.9833333333333334,475.9663865546218
2013,6,17,EV,JFK,IAD,75.0,70.0,42.0,228,-5.0,0.7,325.7142857142857
2013,7,23,DL,JFK,SLC,28.0,70.0,281.0,1990,42.0,4.683333333333334,424.9110320284697
2013,8,4,9E,JFK,DTW,69.0,70.0,88.0,509,1.0,1.4666666666666666,347.04545454545456
2013,8,8,9E,JFK,CVG,35.0,70.0,95.0,589,35.0,1.5833333333333333,372.0
2013,6,17,9E,JFK,MSP,67.0,70.0,165.0,1029,3.0,2.75,374.1818181818182
2013,7,8,DL,JFK,TPA,96.0,69.0,125.0,1005,-27.0,2.0833333333333335,482.4
2013,8,13,MQ,JFK,DCA,63.0,69.0,38.0,213,6.0,0.6333333333333333,336.3157894736842
2013,7,11,B6,JFK,LAX,89.0,69.0,308.0,2475,-20.0,5.133333333333334,482.1428571428571
2013,7,1,DL,JFK,BOS,95.0,69.0,40.0,187,-26.0,0.6666666666666666,280.5
2013,8,22,B6,JFK,MCO,98.0,69.0,115.0,944,-29.0,1.9166666666666667,492.52173913043475
2013,8,22,B6,JFK,SFO,100.0,69.0,330.0,2586,-31.0,5.5,470.1818181818182
2013,7,3,B6,JFK,ROC,60.0,69.0,59.0,264,9.0,0.9833333333333333,268.47457627118644
2013,6,26,B6,JFK,PSE,47.0,69.0,190.0,1617,22.0,3.1666666666666665,510.63157894736844
2013,8,7,B6,JFK,SJC,26.0,69.0,352.0,2569,43.0,5.866666666666666,437.8977272727273
2013,7,6,DL,JFK,ATL,10.0,69.0,165.0,760,59.0,2.75,276.3636363636364
2013,8,22,VX,JFK,SFO,-3.0,69.0,347.0,2586,72.0,5.783333333333333,447.1469740634006
2013,7,28,DL,JFK,MCO,0.0,69.0,132.0,944,69.0,2.2,429.09090909090907
2013,6,25,B6,JFK,SYR,72.0,69.0,42.0,209,-3.0,0.7,298.5714285714286
2013,8,13,B6,JFK,LAS,54.0,69.0,312.0,2248,15.0,5.2,432.3076923076923
2013,8,2,DL,JFK,SEA,44.0,69.0,356.0,2422,25.0,5.933333333333334,408.2022471910112
2013,7,23,DL,JFK,DEN,11.0,69.0,247.0,1626,58.0,4.116666666666666,394.9797570850203
2013,8,13,MQ,JFK,DCA,68.0,69.0,52.0,213,1.0,0.8666666666666667,245.76923076923077
2013,7,8,UA,JFK,SFO,52.0,69.0,337.0,2586,17.0,5.616666666666666,460.41543026706233
2013,7,25,B6,JFK,PDX,36.0,69.0,335.0,2454,33.0,5.583333333333333,439.52238805970154
2013,6,25,9E,JFK,BNA,45.0,69.0,108.0,765,24.0,1.8,425.0
2013,7,1,DL,JFK,MCO,49.0,69.0,143.0,944,20.0,2.3833333333333333,396.0839160839161
2013,6,3,AA,JFK,MCO,20.0,69.0,143.0,944,49.0,2.3833333333333333,396.0839160839161
2013,7,10,B6,JFK,BOS,17.0,69.0,67.0,187,52.0,1.1166666666666667,167.46268656716418
2013,7,17,B6,JFK,OAK,101.0,69.0,308.0,2576,-32.0,5.133333333333334,501.81818181818176
2013,7,28,B6,JFK,PWM,33.0,69.0,49.0,273,36.0,0.8166666666666667,334.2857142857143
2013,6,14,UA,JFK,SFO,-2.0,69.0,361.0,2586,71.0,6.016666666666667,429.80609418282546
2013,6,7,AA,JFK,LAX,72.0,69.0,343.0,2475,-3.0,5.716666666666667,432.94460641399417
2013,8,10,B6,JFK,BTV,75.0,69.0,53.0,266,-6.0,0.8833333333333333,301.1320754716981
2013,7,13,AA,JFK,BOS,55.0,69.0,35.0,187,14.0,0.5833333333333334,320.57142857142856
2013,7,9,B6,JFK,JAX,90.0,69.0,105.0,828,-21.0,1.75,473.14285714285717
2013,6,13,9E,JFK,MSY,29.0,69.0,172.0,1182,40.0,2.8666666666666667,412.3255813953488
2013,7,23,UA,JFK,LAX,34.0,69.0,329.0,2475,35.0,5.483333333333333,451.36778115501517
2013,7,22,DL,JFK,MCO,28.0,69.0,140.0,944,41.0,2.3333333333333335,404.57142857142856
2013,6,26,DL,JFK,SJU,64.0,69.0,189.0,1598,5.0,3.15,507.3015873015873
2013,7,10,B6,JFK,HOU,94.0,69.0,177.0,1428,-25.0,2.95,484.06779661016947
2013,8,30,MQ,JFK,TPA,88.0,69.0,124.0,1005,-19.0,2.066666666666667,486.2903225806451
2013,7,1,B6,JFK,SEA,18.0,69.0,312.0,2422,51.0,5.2,465.7692307692308
2013,6,23,DL,JFK,TPA,0.0,69.0,137.0,1005,69.0,2.283333333333333,440.1459854014599
2013,8,12,9E,JFK,MSP,71.0,69.0,156.0,1029,-2.0,2.6,395.7692307692308
2013,7,29,9E,JFK,MSP,70.0,69.0,151.0,1029,-1.0,2.5166666666666666,408.8741721854305
2013,7,7,MQ,JFK,CMH,36.0,69.0,72.0,483,33.0,1.2,402.5
2013,7,8,MQ,JFK,DCA,71.0,69.0,52.0,213,-2.0,0.8666666666666667,245.76923076923077
2013,7,2,MQ,JFK,CMH,15.0,69.0,76.0,483,54.0,1.2666666666666666,381.3157894736842
2013,7,11,B6,JFK,MCO,82.0,69.0,125.0,944,-13.0,2.0833333333333335,453.11999999999995
2013,8,1,UA,JFK,LAX,64.0,69.0,326.0,2475,5.0,5.433333333333334,455.52147239263803
2013,7,10,DL,JFK,MCO,14.0,69.0,135.0,944,55.0,2.25,419.55555555555554
2013,7,14,B6,JFK,MCO,106.0,69.0,118.0,944,-37.0,1.9666666666666666,480.0
2013,8,9,MQ,JFK,DCA,75.0,69.0,47.0,213,-6.0,0.7833333333333333,271.9148936170213
2013,7,11,DL,JFK,ATL,48.0,69.0,115.0,760,21.0,1.9166666666666667,396.52173913043475
2013,6,23,UA,JFK,LAX,2.0,69.0,331.0,2475,67.0,5.516666666666667,448.6404833836858
2013,6,2,9E,JFK,CLE,78.0,69.0,72.0,425,-9.0,1.2,354.1666666666667
2013,7,13,9E,JFK,PHL,97.0,68.0,27.0,94,-29.0,0.45,208.88888888888889
2013,7,12,B6,JFK,FLL,44.0,68.0,144.0,1069,24.0,2.4,445.4166666666667
2013,8,13,B6,JFK,BOS,77.0,68.0,35.0,187,-9.0,0.5833333333333334,320.57142857142856
2013,6,25,AA,JFK,AUS,84.0,68.0,190.0,1521,-16.0,3.1666666666666665,480.3157894736842
2013,8,2,VX,JFK,LAS,66.0,68.0,304.0,2248,2.0,5.066666666666666,443.68421052631584
2013,7,3,9E,JFK,DCA,103.0,68.0,38.0,213,-35.0,0.6333333333333333,336.3157894736842
2013,6,14,DL,JFK,FLL,28.0,68.0,142.0,1069,40.0,2.3666666666666667,451.6901408450704
2013,7,23,B6,JFK,OAK,16.0,68.0,348.0,2576,52.0,5.8,444.1379310344828
2013,6,30,B6,JFK,SJC,70.0,68.0,327.0,2569,-2.0,5.45,471.3761467889908
2013,6,14,9E,JFK,BNA,5.0,68.0,115.0,765,63.0,1.9166666666666667,399.1304347826087
2013,7,20,VX,JFK,LAX,3.0,68.0,320.0,2475,65.0,5.333333333333333,464.0625
2013,6,30,B6,JFK,BOS,81.0,68.0,42.0,187,-13.0,0.7,267.14285714285717
2013,7,2,AA,JFK,MIA,31.0,68.0,168.0,1089,37.0,2.8,388.92857142857144
2013,6,2,9E,JFK,BWI,79.0,68.0,47.0,184,-11.0,0.7833333333333333,234.8936170212766
2013,7,20,EV,JFK,IAD,70.0,68.0,42.0,228,-2.0,0.7,325.7142857142857
2013,7,22,B6,JFK,SAN,0.0,68.0,322.0,2446,68.0,5.366666666666666,455.776397515528
2013,7,9,B6,JFK,SFO,33.0,68.0,336.0,2586,35.0,5.6,461.78571428571433
2013,8,11,9E,JFK,MSP,56.0,68.0,156.0,1029,12.0,2.6,395.7692307692308
2013,7,25,B6,JFK,SFO,27.0,68.0,369.0,2586,41.0,6.15,420.48780487804873
2013,6,13,DL,JFK,FLL,49.0,68.0,156.0,1069,19.0,2.6,411.15384615384613
2013,6,13,B6,JFK,PSE,20.0,68.0,214.0,1617,48.0,3.566666666666667,453.3644859813084
2013,8,2,B6,JFK,PBI,64.0,68.0,132.0,1028,4.0,2.2,467.27272727272725
2013,8,14,9E,JFK,CVG,0.0,68.0,92.0,589,68.0,1.5333333333333334,384.1304347826087
2013,7,13,B6,JFK,MCO,50.0,68.0,136.0,944,18.0,2.2666666666666666,416.47058823529414
2013,6,17,B6,JFK,RSW,39.0,68.0,151.0,1074,29.0,2.5166666666666666,426.75496688741725
2013,6,30,AA,JFK,AUS,80.0,68.0,205.0,1521,-12.0,3.4166666666666665,445.1707317073171
2013,6,20,DL,JFK,SEA,85.0,68.0,304.0,2422,-17.0,5.066666666666666,478.0263157894737
2013,8,8,B6,JFK,LGB,24.0,68.0,325.0,2465,44.0,5.416666666666667,455.07692307692304
2013,7,21,MQ,JFK,RDU,75.0,68.0,69.0,427,-7.0,1.15,371.304347826087
2013,8,26,B6,JFK,FLL,70.0,68.0,135.0,1069,-2.0,2.25,475.1111111111111
2013,8,22,US,JFK,CLT,11.0,68.0,99.0,541,57.0,1.65,327.8787878787879
2013,7,7,DL,JFK,SFO,10.0,68.0,336.0,2586,58.0,5.6,461.78571428571433
2013,6,12,VX,JFK,LAX,81.0,68.0,322.0,2475,-13.0,5.366666666666666,461.18012422360255
2013,7,11,B6,JFK,MCO,97.0,68.0,122.0,944,-29.0,2.033333333333333,464.26229508196724
2013,6,21,AA,JFK,SAN,74.0,68.0,311.0,2446,-6.0,5.183333333333334,471.89710610932474
2013,7,1,B6,JFK,BQN,72.0,68.0,199.0,1576,-4.0,3.316666666666667,475.1758793969849
2013,7,9,AA,JFK,TPA,2.0,68.0,135.0,1005,66.0,2.25,446.6666666666667
2013,7,10,9E,JFK,BUF,88.0,68.0,58.0,301,-20.0,0.9666666666666667,311.37931034482756
2013,6,18,B6,JFK,ORD,89.0,68.0,115.0,740,-21.0,1.9166666666666667,386.0869565217391
2013,8,4,B6,JFK,BUR,69.0,68.0,329.0,2465,-1.0,5.483333333333333,449.5440729483283
2013,8,15,B6,JFK,TPA,64.0,68.0,150.0,1005,4.0,2.5,402.0
2013,8,26,MQ,JFK,BWI,60.0,68.0,39.0,184,8.0,0.65,283.0769230769231
2013,6,19,9E,JFK,DCA,102.0,68.0,39.0,213,-34.0,0.65,327.6923076923077
2013,6,28,AA,JFK,BOS,72.0,68.0,40.0,187,-4.0,0.6666666666666666,280.5
2013,7,1,B6,JFK,SJU,71.0,68.0,198.0,1598,-3.0,3.3,484.24242424242425
2013,7,8,9E,JFK,BWI,58.0,68.0,44.0,184,10.0,0.7333333333333333,250.90909090909093
2013,7,3,B6,JFK,BTV,73.0,68.0,48.0,266,-5.0,0.8,332.5
2013,6,7,DL,JFK,PHX,79.0,68.0,265.0,2153,-11.0,4.416666666666667,487.47169811320754
2013,6,7,US,JFK,CLT,3.0,68.0,112.0,541,65.0,1.8666666666666667,289.82142857142856
2013,7,22,AA,JFK,STT,50.0,68.0,212.0,1623,18.0,3.533333333333333,459.33962264150944
2013,7,11,B6,JFK,CLT,88.0,68.0,85.0,541,-20.0,1.4166666666666667,381.88235294117646
2013,7,9,MQ,JFK,IND,14.0,68.0,102.0,665,54.0,1.7,391.1764705882353
2013,8,7,B6,JFK,PHX,0.0,68.0,322.0,2153,68.0,5.366666666666666,401.1801242236025
2013,8,1,MQ,JFK,RDU,45.0,68.0,78.0,427,23.0,1.3,328.46153846153845
2013,6,8,AA,JFK,LAX,74.0,68.0,337.0,2475,-6.0,5.616666666666666,440.65281899109794
2013,8,8,MQ,JFK,IND,34.0,68.0,113.0,665,34.0,1.8833333333333333,353.0973451327434
2013,7,26,DL,JFK,MIA,107.0,68.0,132.0,1089,-39.0,2.2,494.99999999999994
2013,7,1,9E,JFK,ORD,-1.0,67.0,115.0,740,68.0,1.9166666666666667,386.0869565217391
2013,8,10,B6,JFK,LAX,68.0,67.0,335.0,2475,-1.0,5.583333333333333,443.2835820895523
2013,6,17,B6,JFK,BUF,78.0,67.0,56.0,301,-11.0,0.9333333333333333,322.5
2013,7,28,DL,JFK,MIA,-2.0,67.0,147.0,1089,69.0,2.45,444.4897959183673
2013,7,21,DL,JFK,ATL,92.0,67.0,105.0,760,-25.0,1.75,434.2857142857143
2013,6,29,B6,JFK,MCO,84.0,67.0,137.0,944,-17.0,2.283333333333333,413.43065693430657
2013,7,25,DL,JFK,SFO,90.0,67.0,339.0,2586,-23.0,5.65,457.6991150442478
2013,6,18,9E,JFK,ORD,55.0,67.0,123.0,740,12.0,2.05,360.9756097560976
2013,6,28,DL,JFK,FLL,75.0,67.0,150.0,1069,-8.0,2.5,427.6
2013,6,17,DL,JFK,SFO,10.0,67.0,390.0,2586,57.0,6.5,397.84615384615387
2013,7,28,B6,JFK,BUF,11.0,67.0,63.0,301,56.0,1.05,286.66666666666663
2013,7,28,B6,JFK,ROC,31.0,67.0,50.0,264,36.0,0.8333333333333334,316.8
2013,6,8,EV,JFK,IAD,69.0,67.0,46.0,228,-2.0,0.7666666666666667,297.39130434782606
2013,8,12,B6,JFK,LAX,45.0,67.0,347.0,2475,22.0,5.783333333333333,427.95389048991353
2013,8,12,DL,JFK,PHX,83.0,67.0,297.0,2153,-16.0,4.95,434.9494949494949
2013,7,1,AA,JFK,MIA,67.0,67.0,161.0,1089,0.0,2.683333333333333,405.8385093167702
2013,7,28,US,JFK,CLT,1.0,67.0,114.0,541,66.0,1.9,284.7368421052632
2013,7,14,B6,JFK,BQN,73.0,67.0,196.0,1576,-6.0,3.2666666666666666,482.44897959183675
2013,7,1,9E,JFK,DCA,-1.0,67.0,79.0,213,68.0,1.3166666666666667,161.77215189873417
2013,7,12,B6,JFK,TPA,62.0,67.0,137.0,1005,5.0,2.283333333333333,440.1459854014599
2013,6,25,UA,JFK,SFO,27.0,67.0,347.0,2586,40.0,5.783333333333333,447.1469740634006
2013,6,9,AA,JFK,DFW,70.0,67.0,191.0,1391,-3.0,3.183333333333333,436.96335078534037
2013,7,21,B6,JFK,MCO,51.0,67.0,128.0,944,16.0,2.1333333333333333,442.5
2013,6,17,MQ,JFK,DCA,10.0,67.0,55.0,213,57.0,0.9166666666666666,232.36363636363637
2013,7,20,9E,JFK,ORD,68.0,67.0,117.0,740,-1.0,1.95,379.4871794871795
2013,7,19,9E,JFK,IAD,85.0,67.0,41.0,228,-18.0,0.6833333333333333,333.6585365853658
2013,6,17,B6,JFK,SFO,24.0,67.0,377.0,2586,43.0,6.283333333333333,411.56498673740055
2013,8,8,B6,JFK,BOS,73.0,67.0,42.0,187,-6.0,0.7,267.14285714285717
2013,7,2,DL,JFK,AUS,14.0,67.0,221.0,1521,53.0,3.683333333333333,412.94117647058823
2013,6,7,DL,JFK,SFO,-1.0,67.0,351.0,2586,68.0,5.85,442.0512820512821
2013,6,24,B6,JFK,PSE,80.0,67.0,197.0,1617,-13.0,3.283333333333333,492.48730964467006
2013,6,2,B6,JFK,MSY,66.0,67.0,173.0,1182,1.0,2.8833333333333333,409.9421965317919
2013,7,11,B6,JFK,BUF,75.0,67.0,52.0,301,-8.0,0.8666666666666667,347.3076923076923
2013,7,20,9E,JFK,JAX,80.0,67.0,112.0,828,-13.0,1.8666666666666667,443.57142857142856
2013,6,13,UA,JFK,LAX,18.0,67.0,327.0,2475,49.0,5.45,454.1284403669725
2013,8,8,UA,JFK,SFO,12.0,67.0,356.0,2586,55.0,5.933333333333334,435.8426966292135
2013,6,13,B6,JFK,SYR,33.0,67.0,46.0,209,34.0,0.7666666666666667,272.6086956521739
2013,8,9,AA,JFK,TPA,5.0,67.0,189.0,1005,62.0,3.15,319.04761904761904
2013,8,1,B6,JFK,LAS,39.0,67.0,307.0,2248,28.0,5.116666666666666,439.3485342019544
2013,7,11,B6,JFK,SLC,94.0,67.0,265.0,1990,-27.0,4.416666666666667,450.566037735849
2013,6,2,AA,JFK,TPA,82.0,67.0,140.0,1005,-15.0,2.3333333333333335,430.71428571428567
2013,7,23,B6,JFK,PDX,46.0,67.0,333.0,2454,21.0,5.55,442.1621621621622
2013,6,30,B6,JFK,SJU,77.0,67.0,195.0,1598,-10.0,3.25,491.6923076923077
2013,8,13,B6,JFK,SAN,25.0,67.0,338.0,2446,42.0,5.633333333333334,434.20118343195264
2013,7,19,B6,JFK,ROC,48.0,67.0,49.0,264,19.0,0.8166666666666667,323.265306122449
2013,7,24,DL,JFK,SLC,87.0,67.0,264.0,1990,-20.0,4.4,452.27272727272725
2013,7,12,B6,JFK,JAX,13.0,67.0,127.0,828,54.0,2.1166666666666667,391.18110236220474
2013,6,10,9E,JFK,BNA,68.0,67.0,126.0,765,-1.0,2.1,364.2857142857143
2013,6,23,B6,JFK,ABQ,0.0,67.0,243.0,1826,67.0,4.05,450.8641975308642
2013,6,13,DL,JFK,LAS,16.0,67.0,313.0,2248,51.0,5.216666666666667,430.926517571885
2013,6,11,B6,JFK,SJU,89.0,67.0,204.0,1598,-22.0,3.4,470.0
2013,7,7,UA,JFK,SFO,83.0,67.0,329.0,2586,-16.0,5.483333333333333,471.6109422492401
2013,7,3,B6,JFK,MCO,93.0,67.0,123.0,944,-26.0,2.05,460.48780487804885
2013,7,19,B6,JFK,MCO,88.0,67.0,124.0,944,-21.0,2.066666666666667,456.7741935483871
2013,6,24,B6,JFK,BOS,63.0,67.0,42.0,187,4.0,0.7,267.14285714285717
2013,7,19,9E,JFK,BOS,80.0,67.0,41.0,187,-13.0,0.6833333333333333,273.6585365853658
2013,7,10,DL,JFK,SFO,87.0,67.0,336.0,2586,-20.0,5.6,461.78571428571433
2013,8,27,B6,JFK,RSW,104.0,66.0,130.0,1074,-38.0,2.1666666666666665,495.69230769230774
2013,6,18,9E,JFK,MSP,75.0,66.0,151.0,1029,-9.0,2.5166666666666666,408.8741721854305
2013,7,28,B6,JFK,SMF,27.0,66.0,340.0,2521,39.0,5.666666666666667,444.88235294117646
2013,8,14,B6,JFK,LAX,53.0,66.0,328.0,2475,13.0,5.466666666666667,452.7439024390244
2013,7,23,DL,JFK,SLC,47.0,66.0,275.0,1990,19.0,4.583333333333333,434.1818181818182
2013,8,22,DL,JFK,TPA,104.0,66.0,128.0,1005,-38.0,2.1333333333333333,471.09375
2013,7,3,B6,JFK,MCO,59.0,66.0,127.0,944,7.0,2.1166666666666667,445.98425196850394
2013,7,3,DL,JFK,SLC,100.0,66.0,248.0,1990,-34.0,4.133333333333334,481.45161290322574
2013,7,3,B6,JFK,BUF,71.0,66.0,54.0,301,-5.0,0.9,334.44444444444446
2013,8,14,AA,JFK,IAH,18.0,66.0,220.0,1417,48.0,3.6666666666666665,386.4545454545455
2013,8,10,B6,JFK,LAX,51.0,66.0,336.0,2475,15.0,5.6,441.9642857142857
2013,8,7,B6,JFK,PDX,3.0,66.0,351.0,2454,63.0,5.85,419.4871794871795
2013,7,22,DL,JFK,SEA,-3.0,66.0,343.0,2422,69.0,5.716666666666667,423.6734693877551
2013,7,12,B6,JFK,HOU,49.0,66.0,179.0,1428,17.0,2.9833333333333334,478.659217877095
2013,6,25,B6,JFK,FLL,74.0,66.0,139.0,1069,-8.0,2.316666666666667,461.4388489208633
2013,6,23,B6,JFK,ROC,-9.0,66.0,56.0,264,75.0,0.9333333333333333,282.85714285714283
2013,6,6,MQ,JFK,CLE,66.0,66.0,78.0,425,0.0,1.3,326.9230769230769
2013,8,20,DL,JFK,SAN,85.0,66.0,302.0,2446,-19.0,5.033333333333333,485.96026490066225
2013,6,23,B6,JFK,FLL,32.0,66.0,142.0,1069,34.0,2.3666666666666667,451.6901408450704
2013,6,3,9E,JFK,BOS,80.0,66.0,40.0,187,-14.0,0.6666666666666666,280.5
2013,6,28,B6,JFK,MCO,68.0,66.0,127.0,944,-2.0,2.1166666666666667,445.98425196850394
2013,7,2,B6,JFK,JAX,17.0,66.0,127.0,828,49.0,2.1166666666666667,391.18110236220474
2013,6,4,B6,JFK,HOU,70.0,66.0,189.0,1428,-4.0,3.15,453.33333333333337
2013,7,30,MQ,JFK,RDU,62.0,66.0,72.0,427,4.0,1.2,355.83333333333337
2013,7,9,MQ,JFK,CMH,20.0,66.0,82.0,483,46.0,1.3666666666666667,353.4146341463414
2013,7,22,DL,JFK,BOS,66.0,66.0,31.0,187,0.0,0.5166666666666667,361.9354838709677
2013,6,3,B6,JFK,RDU,81.0,66.0,72.0,427,-15.0,1.2,355.83333333333337
2013,8,16,B6,JFK,BOS,62.0,66.0,41.0,187,4.0,0.6833333333333333,273.6585365853658
2013,7,18,9E,JFK,MSP,79.0,66.0,138.0,1029,-13.0,2.3,447.3913043478261
2013,8,22,B6,JFK,BOS,76.0,66.0,42.0,187,-10.0,0.7,267.14285714285717
2013,8,22,B6,JFK,PWM,90.0,66.0,47.0,273,-24.0,0.7833333333333333,348.51063829787233
2013,7,3,B6,JFK,OAK,95.0,66.0,314.0,2576,-29.0,5.233333333333333,492.2292993630573
2013,8,3,B6,JFK,LAX,60.0,66.0,313.0,2475,6.0,5.216666666666667,474.4408945686901
2013,6,17,9E,JFK,BNA,31.0,66.0,137.0,765,35.0,2.283333333333333,335.036496350365
2013,8,20,MQ,JFK,CLE,67.0,66.0,79.0,425,-1.0,1.3166666666666667,322.7848101265823
2013,6,29,AA,JFK,LAX,31.0,66.0,296.0,2475,35.0,4.933333333333334,501.68918918918916
2013,6,2,MQ,JFK,CLE,70.0,66.0,75.0,425,-4.0,1.25,340.0
2013,7,18,MQ,JFK,CVG,73.0,66.0,91.0,589,-7.0,1.5166666666666666,388.35164835164835
2013,7,13,B6,JFK,BOS,66.0,66.0,42.0,187,0.0,0.7,267.14285714285717
2013,7,7,B6,JFK,MSY,5.0,66.0,157.0,1182,61.0,2.6166666666666667,451.71974522292993
2013,6,7,B6,JFK,FLL,-2.0,66.0,153.0,1069,68.0,2.55,419.21568627450984
2013,8,8,B6,JFK,BTV,51.0,66.0,51.0,266,15.0,0.85,312.94117647058823
2013,6,24,B6,JFK,FLL,44.0,66.0,162.0,1069,22.0,2.7,395.9259259259259
2013,6,18,B6,JFK,SJU,78.0,66.0,191.0,1598,-12.0,3.183333333333333,501.98952879581157
2013,6,27,DL,JFK,LAX,17.0,66.0,366.0,2475,49.0,6.1,405.7377049180328
2013,7,1,B6,JFK,MCO,54.0,66.0,144.0,944,12.0,2.4,393.33333333333337
2013,7,2,B6,JFK,RDU,41.0,66.0,70.0,427,25.0,1.1666666666666667,366.0
2013,8,11,B6,JFK,AUS,61.0,66.0,195.0,1521,5.0,3.25,468.0
2013,6,18,B6,JFK,BUF,53.0,66.0,57.0,301,13.0,0.95,316.8421052631579
2013,7,23,AA,JFK,SEA,35.0,66.0,352.0,2422,31.0,5.866666666666666,412.8409090909091
2013,7,18,B6,JFK,RSW,61.0,66.0,151.0,1074,5.0,2.5166666666666666,426.75496688741725
2013,7,25,9E,JFK,RDU,68.0,66.0,73.0,427,-2.0,1.2166666666666666,350.95890410958907
2013,6,29,B6,JFK,TPA,36.0,66.0,145.0,1005,30.0,2.4166666666666665,415.86206896551727
2013,7,28,B6,JFK,PDX,0.0,66.0,330.0,2454,66.0,5.5,446.1818181818182
2013,7,23,AA,JFK,LAX,9.0,66.0,327.0,2475,57.0,5.45,454.1284403669725
2013,8,11,DL,JFK,BOS,-4.0,65.0,43.0,187,69.0,0.7166666666666667,260.93023255813955
2013,6,25,B6,JFK,SJC,43.0,65.0,343.0,2569,22.0,5.716666666666667,449.3877551020408
2013,7,5,B6,JFK,PBI,70.0,65.0,138.0,1028,-5.0,2.3,446.9565217391305
2013,6,3,MQ,JFK,DCA,48.0,65.0,56.0,213,17.0,0.9333333333333333,228.21428571428572
2013,8,31,B6,JFK,MCO,81.0,65.0,138.0,944,-16.0,2.3,410.4347826086957
2013,6,14,B6,JFK,ORD,-3.0,65.0,116.0,740,68.0,1.9333333333333333,382.7586206896552
2013,7,21,9E,JFK,BUF,72.0,65.0,53.0,301,-7.0,0.8833333333333333,340.7547169811321
2013,7,11,B6,JFK,BUF,59.0,65.0,55.0,301,6.0,0.9166666666666666,328.3636363636364
2013,6,25,B6,JFK,LAX,74.0,65.0,313.0,2475,-9.0,5.216666666666667,474.4408945686901
2013,6,13,DL,JFK,LAX,57.0,65.0,313.0,2475,8.0,5.216666666666667,474.4408945686901
2013,7,13,B6,JFK,FLL,7.0,65.0,165.0,1069,58.0,2.75,388.72727272727275
2013,6,30,9E,JFK,DTW,55.0,65.0,85.0,509,10.0,1.4166666666666667,359.2941176470588
2013,7,11,9E,JFK,RDU,81.0,65.0,65.0,427,-16.0,1.0833333333333333,394.1538461538462
2013,6,17,B6,JFK,CLT,-9.0,65.0,92.0,541,74.0,1.5333333333333334,352.8260869565217
2013,8,28,B6,JFK,ROC,55.0,65.0,54.0,264,10.0,0.9,293.3333333333333
2013,7,11,MQ,JFK,RDU,89.0,65.0,68.0,427,-24.0,1.1333333333333333,376.7647058823529
2013,8,10,B6,JFK,SJU,70.0,65.0,199.0,1598,-5.0,3.316666666666667,481.80904522613065
2013,7,16,UA,JFK,SFO,99.0,65.0,317.0,2586,-34.0,5.283333333333333,489.4637223974764
2013,6,17,DL,JFK,LAX,15.0,65.0,350.0,2475,50.0,5.833333333333333,424.28571428571433
2013,7,11,B6,JFK,BTV,67.0,65.0,47.0,266,-2.0,0.7833333333333333,339.5744680851064
2013,8,28,MQ,JFK,RDU,76.0,65.0,66.0,427,-11.0,1.1,388.18181818181813
2013,7,28,EV,JFK,IAD,66.0,65.0,43.0,228,-1.0,0.7166666666666667,318.13953488372096
2013,8,28,MQ,JFK,BWI,43.0,65.0,45.0,184,22.0,0.75,245.33333333333334
2013,7,7,B6,JFK,FLL,41.0,65.0,144.0,1069,24.0,2.4,445.4166666666667
2013,8,13,DL,JFK,MCO,0.0,65.0,134.0,944,65.0,2.2333333333333334,422.6865671641791
2013,6,17,9E,JFK,MSP,8.0,65.0,163.0,1029,57.0,2.716666666666667,378.7730061349693
2013,6,25,B6,JFK,LAX,66.0,65.0,327.0,2475,-1.0,5.45,454.1284403669725
2013,7,17,B6,JFK,CHS,62.0,65.0,87.0,636,3.0,1.45,438.62068965517244
2013,6,29,B6,JFK,BQN,79.0,65.0,190.0,1576,-14.0,3.1666666666666665,497.68421052631584
2013,7,7,DL,JFK,LAX,-1.0,65.0,405.0,2475,66.0,6.75,366.6666666666667
2013,7,25,UA,JFK,LAX,38.0,65.0,319.0,2475,27.0,5.316666666666666,465.51724137931035
2013,7,7,DL,JFK,ATL,5.0,65.0,122.0,760,60.0,2.033333333333333,373.77049180327873
2013,6,28,DL,JFK,DTW,70.0,65.0,82.0,509,-5.0,1.3666666666666667,372.4390243902439
2013,7,31,9E,JFK,DCA,94.0,65.0,38.0,213,-29.0,0.6333333333333333,336.3157894736842
2013,7,23,UA,JFK,SFO,33.0,65.0,359.0,2586,32.0,5.983333333333333,432.20055710306406
2013,7,9,DL,JFK,DEN,18.0,65.0,229.0,1626,47.0,3.816666666666667,426.0262008733624
2013,7,29,B6,JFK,MCO,19.0,65.0,130.0,944,46.0,2.1666666666666665,435.69230769230774
2013,7,10,DL,JFK,SJU,31.0,65.0,191.0,1598,34.0,3.183333333333333,501.98952879581157
2013,6,14,DL,JFK,PDX,78.0,65.0,323.0,2454,-13.0,5.383333333333334,455.85139318885444
2013,6,25,B6,JFK,PWM,37.0,65.0,76.0,273,28.0,1.2666666666666666,215.5263157894737
2013,7,25,B6,JFK,FLL,51.0,65.0,147.0,1069,14.0,2.45,436.3265306122449
2013,6,16,UA,JFK,LAX,-2.0,65.0,373.0,2475,67.0,6.216666666666667,398.12332439678283
2013,6,14,MQ,JFK,CMH,82.0,65.0,65.0,483,-17.0,1.0833333333333333,445.84615384615387
2013,6,24,B6,JFK,TPA,50.0,65.0,138.0,1005,15.0,2.3,436.9565217391305
2013,6,25,AA,JFK,DFW,54.0,65.0,180.0,1391,11.0,3.0,463.6666666666667
2013,8,28,B6,JFK,IAD,27.0,65.0,67.0,228,38.0,1.1166666666666667,204.17910447761193
2013,8,14,AA,JFK,LAX,16.0,65.0,333.0,2475,49.0,5.55,445.94594594594594
2013,7,12,B6,JFK,PWM,65.0,65.0,57.0,273,0.0,0.95,287.3684210526316
2013,7,10,DL,JFK,LAX,-1.0,65.0,422.0,2475,66.0,7.033333333333333,351.8957345971564
2013,8,26,DL,JFK,MCO,64.0,65.0,126.0,944,1.0,2.1,449.5238095238095
2013,8,6,B6,JFK,SJU,75.0,65.0,196.0,1598,-10.0,3.2666666666666666,489.18367346938777
2013,8,9,MQ,JFK,DCA,70.0,65.0,41.0,213,-5.0,0.6833333333333333,311.7073170731707
2013,8,4,B6,JFK,BUF,67.0,65.0,57.0,301,-2.0,0.95,316.8421052631579
2013,6,13,AA,JFK,DFW,26.0,65.0,185.0,1391,39.0,3.0833333333333335,451.1351351351351
2013,7,25,DL,JFK,BOS,-2.0,65.0,40.0,187,67.0,0.6666666666666666,280.5
2013,8,9,B6,JFK,HOU,31.0,65.0,187.0,1428,34.0,3.1166666666666667,458.1818181818182
2013,6,17,B6,JFK,MSY,88.0,65.0,165.0,1182,-23.0,2.75,429.8181818181818
2013,8,28,B6,JFK,PWM,41.0,65.0,45.0,273,24.0,0.75,364.0
2013,6,7,B6,JFK,SJU,-3.0,65.0,203.0,1598,68.0,3.3833333333333333,472.3152709359606
2013,7,2,B6,JFK,MSY,20.0,65.0,171.0,1182,45.0,2.85,414.7368421052631
2013,7,2,9E,JFK,ROC,53.0,65.0,49.0,264,12.0,0.8166666666666667,323.265306122449
2013,7,8,B6,JFK,LAX,86.0,65.0,307.0,2475,-21.0,5.116666666666666,483.71335504885997
2013,6,18,UA,JFK,SFO,14.0,65.0,365.0,2586,51.0,6.083333333333333,425.09589041095893
2013,7,23,EV,JFK,IAD,64.0,65.0,51.0,228,1.0,0.85,268.2352941176471
2013,8,14,DL,JFK,SJU,40.0,65.0,203.0,1598,25.0,3.3833333333333333,472.3152709359606
2013,8,18,B6,JFK,TPA,63.0,65.0,144.0,1005,2.0,2.4,418.75
2013,7,7,9E,JFK,CVG,-7.0,64.0,97.0,589,71.0,1.6166666666666667,364.3298969072165
2013,7,23,B6,JFK,SEA,-3.0,64.0,337.0,2422,67.0,5.616666666666666,431.2166172106825
2013,8,11,AA,JFK,LAX,57.0,64.0,343.0,2475,7.0,5.716666666666667,432.94460641399417
2013,8,22,US,JFK,CLT,12.0,64.0,81.0,541,52.0,1.35,400.7407407407407
2013,7,17,B6,JFK,RDU,78.0,64.0,67.0,427,-14.0,1.1166666666666667,382.3880597014925
2013,6,11,B6,JFK,BUF,68.0,64.0,59.0,301,-4.0,0.9833333333333333,306.10169491525426
2013,6,18,MQ,JFK,IND,22.0,64.0,109.0,665,42.0,1.8166666666666667,366.0550458715596
2013,7,25,9E,JFK,PHL,87.0,64.0,28.0,94,-23.0,0.4666666666666667,201.42857142857142
2013,7,12,B6,JFK,BOS,44.0,64.0,33.0,187,20.0,0.55,340.0
2013,6,29,DL,JFK,SEA,90.0,64.0,301.0,2422,-26.0,5.016666666666667,482.7906976744186
2013,7,23,AA,JFK,IAH,-2.0,64.0,208.0,1417,66.0,3.466666666666667,408.75
2013,6,13,B6,JFK,ABQ,63.0,64.0,236.0,1826,1.0,3.933333333333333,464.23728813559325
2013,7,2,DL,JFK,DTW,67.0,64.0,84.0,509,-3.0,1.4,363.5714285714286
2013,6,26,B6,JFK,PBI,63.0,64.0,144.0,1028,1.0,2.4,428.33333333333337
2013,7,8,B6,JFK,PSE,72.0,64.0,205.0,1617,-8.0,3.4166666666666665,473.26829268292687
2013,6,13,AA,JFK,SFO,49.0,64.0,360.0,2586,15.0,6.0,431.0
2013,7,30,B6,JFK,MCO,72.0,64.0,120.0,944,-8.0,2.0,472.0
2013,8,2,AA,JFK,SJU,17.0,64.0,233.0,1598,47.0,3.8833333333333333,411.50214592274676
2013,6,30,9E,JFK,IAD,2.0,64.0,63.0,228,62.0,1.05,217.14285714285714
2013,6,10,B6,JFK,ROC,63.0,64.0,50.0,264,1.0,0.8333333333333334,316.8
2013,6,30,B6,JFK,SJU,5.0,64.0,190.0,1598,59.0,3.1666666666666665,504.63157894736844
2013,7,20,B6,JFK,RDU,71.0,64.0,67.0,427,-7.0,1.1166666666666667,382.3880597014925
2013,7,7,UA,JFK,SFO,-9.0,64.0,339.0,2586,73.0,5.65,457.6991150442478
2013,8,7,B6,JFK,LAS,36.0,64.0,316.0,2248,28.0,5.266666666666667,426.8354430379747
2013,8,3,MQ,JFK,RDU,59.0,64.0,78.0,427,5.0,1.3,328.46153846153845
2013,7,29,B6,JFK,FLL,68.0,64.0,140.0,1069,-4.0,2.3333333333333335,458.1428571428571
2013,8,14,AA,JFK,MCO,26.0,64.0,163.0,944,38.0,2.716666666666667,347.4846625766871
2013,6,10,AA,JFK,SEA,53.0,64.0,338.0,2422,11.0,5.633333333333334,429.94082840236683
2013,6,16,UA,JFK,LAX,3.0,64.0,357.0,2475,61.0,5.95,415.96638655462186
2013,7,1,AA,JFK,TPA,34.0,64.0,169.0,1005,30.0,2.816666666666667,356.8047337278106
2013,6,30,B6,JFK,BUF,26.0,64.0,56.0,301,38.0,0.9333333333333333,322.5
2013,8,20,MQ,JFK,DCA,77.0,64.0,48.0,213,-13.0,0.8,266.25
2013,7,18,B6,JFK,BOS,64.0,64.0,36.0,187,0.0,0.6,311.6666666666667
2013,8,8,DL,JFK,ATL,52.0,64.0,103.0,760,12.0,1.7166666666666666,442.71844660194176
2013,6,25,B6,JFK,HOU,56.0,64.0,192.0,1428,8.0,3.2,446.25
2013,7,9,UA,JFK,LAX,26.0,64.0,312.0,2475,38.0,5.2,475.96153846153845
2013,6,29,B6,JFK,FLL,71.0,64.0,146.0,1069,-7.0,2.433333333333333,439.3150684931507
2013,6,13,MQ,JFK,PIT,52.0,64.0,65.0,340,12.0,1.0833333333333333,313.84615384615387
2013,8,1,AA,JFK,ORD,107.0,64.0,113.0,740,-43.0,1.8833333333333333,392.92035398230087
2013,6,27,B6,JFK,SYR,42.0,64.0,41.0,209,22.0,0.6833333333333333,305.8536585365854
2013,7,9,EV,JFK,IAD,68.0,64.0,42.0,228,-4.0,0.7,325.7142857142857
2013,7,23,DL,JFK,ATL,74.0,64.0,102.0,760,-10.0,1.7,447.05882352941177
2013,6,7,B6,JFK,BTV,56.0,64.0,46.0,266,8.0,0.7666666666666667,346.95652173913044
2013,6,27,B6,JFK,BOS,69.0,64.0,39.0,187,-5.0,0.65,287.6923076923077
2013,6,11,US,JFK,CLT,58.0,64.0,100.0,541,6.0,1.6666666666666667,324.59999999999997
2013,6,30,B6,JFK,JAX,57.0,64.0,120.0,828,7.0,2.0,414.0
2013,7,22,B6,JFK,PSE,23.0,64.0,200.0,1617,41.0,3.3333333333333335,485.09999999999997
2013,6,13,B6,JFK,LGB,21.0,64.0,323.0,2465,43.0,5.383333333333334,457.8947368421052
2013,7,12,B6,JFK,BUF,51.0,64.0,51.0,301,13.0,0.85,354.11764705882354
2013,6,17,B6,JFK,TPA,33.0,64.0,137.0,1005,31.0,2.283333333333333,440.1459854014599
2013,8,22,9E,JFK,MSP,105.0,64.0,146.0,1029,-41.0,2.433333333333333,422.87671232876716
2013,7,19,B6,JFK,BUF,37.0,64.0,55.0,301,27.0,0.9166666666666666,328.3636363636364
2013,8,16,B6,JFK,SJU,70.0,64.0,193.0,1598,-6.0,3.216666666666667,496.78756476683935
2013,6,10,AA,JFK,TPA,46.0,64.0,155.0,1005,18.0,2.5833333333333335,389.0322580645161
2013,6,7,DL,JFK,LAX,84.0,64.0,289.0,2475,-20.0,4.816666666666666,513.840830449827
2013,7,13,B6,JFK,BOS,28.0,64.0,40.0,187,36.0,0.6666666666666666,280.5
2013,8,29,B6,JFK,SEA,48.0,64.0,334.0,2422,16.0,5.566666666666666,435.0898203592815
2013,7,20,B6,JFK,LAX,1.0,64.0,332.0,2475,63.0,5.533333333333333,447.28915662650604
2013,6,26,B6,JFK,SJU,67.0,64.0,197.0,1598,-3.0,3.283333333333333,486.7005076142132
2013,8,15,B6,JFK,BUF,73.0,64.0,57.0,301,-9.0,0.95,316.8421052631579
2013,6,3,9E,JFK,DTW,37.0,64.0,102.0,509,27.0,1.7,299.4117647058824
2013,7,19,B6,JFK,SFO,57.0,64.0,335.0,2586,7.0,5.583333333333333,463.1641791044776
2013,7,12,B6,JFK,MSY,39.0,64.0,165.0,1182,25.0,2.75,429.8181818181818
2013,7,25,B6,JFK,BOS,62.0,64.0,35.0,187,2.0,0.5833333333333334,320.57142857142856
2013,7,31,VX,JFK,SFO,78.0,64.0,344.0,2586,-14.0,5.733333333333333,451.04651162790697
2013,8,5,B6,JFK,TPA,68.0,64.0,133.0,1005,-4.0,2.216666666666667,453.38345864661653
2013,7,1,9E,JFK,MSP,101.0,64.0,140.0,1029,-37.0,2.3333333333333335,441.0
2013,7,14,9E,JFK,CLT,101.0,64.0,75.0,541,-37.0,1.25,432.8
2013,7,8,US,JFK,CLT,73.0,63.0,78.0,541,-10.0,1.3,416.15384615384613
2013,7,11,US,JFK,PHX,96.0,63.0,268.0,2153,-33.0,4.466666666666667,482.0149253731343
2013,8,17,B6,JFK,MCO,69.0,63.0,128.0,944,-6.0,2.1333333333333333,442.5
2013,6,4,B6,JFK,CHS,56.0,63.0,96.0,636,7.0,1.6,397.5
2013,6,25,AA,JFK,IAH,85.0,63.0,177.0,1417,-22.0,2.95,480.33898305084745
2013,7,23,DL,JFK,LAX,22.0,63.0,335.0,2475,41.0,5.583333333333333,443.2835820895523
2013,7,28,DL,JFK,ATL,3.0,63.0,123.0,760,60.0,2.05,370.7317073170732
2013,6,17,B6,JFK,SEA,56.0,63.0,333.0,2422,7.0,5.55,436.3963963963964
2013,7,11,US,JFK,PHX,79.0,63.0,270.0,2153,-16.0,4.5,478.44444444444446
2013,7,28,B6,JFK,BQN,69.0,63.0,196.0,1576,-6.0,3.2666666666666666,482.44897959183675
2013,7,28,B6,JFK,SFO,53.0,63.0,345.0,2586,10.0,5.75,449.7391304347826
2013,7,9,DL,JFK,FLL,84.0,63.0,142.0,1069,-21.0,2.3666666666666667,451.6901408450704
2013,8,9,MQ,JFK,DCA,35.0,63.0,49.0,213,28.0,0.8166666666666667,260.81632653061223
2013,8,14,AA,JFK,SAN,26.0,63.0,331.0,2446,37.0,5.516666666666667,443.3836858006042
2013,7,29,9E,JFK,MSY,106.0,63.0,149.0,1182,-43.0,2.4833333333333334,475.9731543624161
2013,6,17,B6,JFK,BUR,7.0,63.0,349.0,2465,56.0,5.816666666666666,423.7822349570201
2013,6,17,B6,JFK,BUF,44.0,63.0,58.0,301,19.0,0.9666666666666667,311.37931034482756
2013,6,29,B6,JFK,LGB,58.0,63.0,313.0,2465,5.0,5.216666666666667,472.52396166134184
2013,6,17,B6,JFK,SMF,26.0,63.0,336.0,2521,37.0,5.6,450.17857142857144
2013,7,11,B6,JFK,MCO,72.0,63.0,121.0,944,-9.0,2.0166666666666666,468.099173553719
2013,8,22,MQ,JFK,IND,51.0,63.0,99.0,665,12.0,1.65,403.03030303030306
2013,7,27,UA,JFK,SFO,69.0,63.0,336.0,2586,-6.0,5.6,461.78571428571433
2013,6,7,UA,JFK,LAX,17.0,63.0,328.0,2475,46.0,5.466666666666667,452.7439024390244
2013,7,24,AA,JFK,SAN,76.0,63.0,314.0,2446,-13.0,5.233333333333333,467.38853503184714
2013,8,9,B6,JFK,BUF,68.0,63.0,56.0,301,-5.0,0.9333333333333333,322.5
2013,7,26,9E,JFK,MSY,92.0,63.0,158.0,1182,-29.0,2.6333333333333333,448.8607594936709
2013,7,25,9E,JFK,CLT,57.0,63.0,88.0,541,6.0,1.4666666666666666,368.8636363636364
2013,8,9,DL,JFK,BOS,49.0,63.0,47.0,187,14.0,0.7833333333333333,238.72340425531914
2013,6,25,B6,JFK,BTV,70.0,63.0,47.0,266,-7.0,0.7833333333333333,339.5744680851064
2013,7,6,MQ,JFK,DCA,29.0,63.0,48.0,213,34.0,0.8,266.25
2013,6,13,MQ,JFK,ORF,12.0,63.0,62.0,290,51.0,1.0333333333333334,280.64516129032256
2013,7,10,EV,JFK,IAD,56.0,63.0,41.0,228,7.0,0.6833333333333333,333.6585365853658
2013,7,2,9E,JFK,RDU,41.0,63.0,76.0,427,22.0,1.2666666666666666,337.10526315789474
2013,7,21,B6,JFK,FLL,59.0,63.0,135.0,1069,4.0,2.25,475.1111111111111
2013,7,18,AA,JFK,LAX,99.0,63.0,288.0,2475,-36.0,4.8,515.625
2013,7,7,B6,JFK,PDX,36.0,63.0,329.0,2454,27.0,5.483333333333333,447.53799392097267
2013,6,27,MQ,JFK,PIT,73.0,63.0,61.0,340,-10.0,1.0166666666666666,334.42622950819674
2013,6,19,B6,JFK,FLL,27.0,63.0,167.0,1069,36.0,2.783333333333333,384.0718562874252
2013,6,21,AA,JFK,ORD,110.0,63.0,114.0,740,-47.0,1.9,389.47368421052636
2013,8,13,B6,JFK,MCO,52.0,63.0,132.0,944,11.0,2.2,429.09090909090907
2013,8,11,VX,JFK,LAX,0.0,63.0,339.0,2475,63.0,5.65,438.0530973451327
2013,7,8,DL,JFK,MIA,77.0,63.0,145.0,1089,-14.0,2.4166666666666665,450.62068965517244
2013,7,21,B6,JFK,FLL,45.0,63.0,152.0,1069,18.0,2.533333333333333,421.97368421052636
2013,7,28,9E,JFK,PIT,40.0,63.0,61.0,340,23.0,1.0166666666666666,334.42622950819674
2013,8,16,AA,JFK,MCO,64.0,63.0,140.0,944,-1.0,2.3333333333333335,404.57142857142856
2013,8,13,B6,JFK,ORD,51.0,63.0,133.0,740,12.0,2.216666666666667,333.8345864661654
2013,7,12,DL,JFK,FLL,61.0,63.0,146.0,1069,2.0,2.433333333333333,439.3150684931507
2013,8,11,DL,JFK,LAX,63.0,63.0,331.0,2475,0.0,5.516666666666667,448.6404833836858
2013,6,3,DL,JFK,MIA,28.0,63.0,165.0,1089,35.0,2.75,396.0
2013,8,13,9E,JFK,ORD,70.0,63.0,121.0,740,-7.0,2.0166666666666666,366.9421487603306
2013,8,27,AA,JFK,BOS,56.0,63.0,38.0,187,7.0,0.6333333333333333,295.2631578947369
2013,7,9,B6,JFK,SJC,34.0,63.0,346.0,2569,29.0,5.766666666666667,445.4913294797688
2013,8,22,DL,JFK,SAN,-5.0,63.0,336.0,2446,68.0,5.6,436.78571428571433
2013,7,7,AA,JFK,LAX,20.0,63.0,323.0,2475,43.0,5.383333333333334,459.75232198142413
2013,7,28,B6,JFK,DEN,8.0,63.0,224.0,1626,55.0,3.7333333333333334,435.5357142857143
2013,8,31,MQ,JFK,IND,64.0,63.0,120.0,665,-1.0,2.0,332.5
2013,8,9,B6,JFK,BOS,70.0,62.0,42.0,187,-8.0,0.7,267.14285714285717
2013,6,28,DL,JFK,MCO,35.0,62.0,128.0,944,27.0,2.1333333333333333,442.5
2013,8,7,B6,JFK,BUF,66.0,62.0,55.0,301,-4.0,0.9166666666666666,328.3636363636364
2013,7,12,MQ,JFK,CMH,50.0,62.0,75.0,483,12.0,1.25,386.4
2013,7,8,9E,JFK,PHL,80.0,62.0,29.0,94,-18.0,0.48333333333333334,194.48275862068965
2013,7,23,DL,JFK,MCO,62.0,62.0,142.0,944,0.0,2.3666666666666667,398.8732394366197
2013,7,2,MQ,JFK,DCA,50.0,62.0,50.0,213,12.0,0.8333333333333334,255.6
2013,8,2,9E,JFK,ORD,53.0,62.0,125.0,740,9.0,2.0833333333333335,355.2
2013,6,7,B6,JFK,SFO,45.0,62.0,346.0,2586,17.0,5.766666666666667,448.4393063583815
2013,7,28,B6,JFK,MVY,-1.0,62.0,35.0,173,63.0,0.5833333333333334,296.57142857142856
2013,6,13,9E,JFK,DFW,66.0,62.0,183.0,1391,-4.0,3.05,456.0655737704918
2013,7,8,MQ,JFK,ORF,26.0,62.0,57.0,290,36.0,0.95,305.2631578947369
2013,7,17,9E,JFK,DTW,54.0,62.0,78.0,509,8.0,1.3,391.53846153846155
2013,8,14,9E,JFK,DTW,54.0,62.0,81.0,509,8.0,1.35,377.037037037037
2013,6,14,B6,JFK,SFO,-3.0,62.0,382.0,2586,65.0,6.366666666666666,406.17801047120423
2013,7,14,B6,JFK,SFO,102.0,62.0,306.0,2586,-40.0,5.1,507.0588235294118
2013,6,2,B6,JFK,MCO,70.0,62.0,125.0,944,-8.0,2.0833333333333335,453.11999999999995
2013,7,3,B6,JFK,TPA,4.0,62.0,134.0,1005,58.0,2.2333333333333334,450.0
2013,8,14,B6,JFK,RDU,-2.0,62.0,75.0,427,64.0,1.25,341.6
2013,8,28,B6,JFK,ROC,41.0,62.0,50.0,264,21.0,0.8333333333333334,316.8
2013,6,24,DL,JFK,SAN,-7.0,62.0,320.0,2446,69.0,5.333333333333333,458.625
2013,6,13,B6,JFK,SJC,-1.0,62.0,335.0,2569,63.0,5.583333333333333,460.11940298507466
2013,8,9,B6,JFK,MCO,57.0,62.0,124.0,944,5.0,2.066666666666667,456.7741935483871
2013,7,8,B6,JFK,SJU,73.0,62.0,202.0,1598,-11.0,3.3666666666666667,474.65346534653463
2013,7,12,DL,JFK,LAX,22.0,62.0,312.0,2475,40.0,5.2,475.96153846153845
2013,7,8,B6,JFK,SJU,70.0,62.0,203.0,1598,-8.0,3.3833333333333333,472.3152709359606
2013,6,28,B6,JFK,SFO,82.0,62.0,338.0,2586,-20.0,5.633333333333334,459.0532544378698
2013,8,11,B6,JFK,SJU,36.0,62.0,201.0,1598,26.0,3.35,477.0149253731343
2013,7,23,B6,JFK,SFO,-2.0,62.0,348.0,2586,64.0,5.8,445.86206896551727
2013,8,10,B6,JFK,CLT,9.0,62.0,106.0,541,53.0,1.7666666666666666,306.22641509433964
2013,7,9,DL,JFK,SAT,107.0,62.0,192.0,1587,-45.0,3.2,495.9375
2013,7,21,B6,JFK,SYR,68.0,62.0,43.0,209,-6.0,0.7166666666666667,291.62790697674416
2013,7,10,DL,JFK,SEA,-5.0,62.0,339.0,2422,67.0,5.65,428.6725663716814
2013,7,7,B6,JFK,LAX,0.0,62.0,326.0,2475,62.0,5.433333333333334,455.52147239263803
2013,8,28,DL,JFK,ATL,67.0,62.0,103.0,760,-5.0,1.7166666666666666,442.71844660194176
2013,6,27,B6,JFK,SYR,20.0,62.0,47.0,209,42.0,0.7833333333333333,266.8085106382979
2013,7,11,9E,JFK,BWI,36.0,62.0,41.0,184,26.0,0.6833333333333333,269.2682926829268
2013,7,13,B6,JFK,SYR,75.0,62.0,40.0,209,-13.0,0.6666666666666666,313.5
2013,7,1,AA,JFK,BOS,85.0,62.0,39.0,187,-23.0,0.65,287.6923076923077
2013,6,2,B6,JFK,SMF,58.0,62.0,326.0,2521,4.0,5.433333333333334,463.9877300613497
2013,8,8,B6,JFK,BTV,31.0,62.0,48.0,266,31.0,0.8,332.5
2013,6,23,DL,JFK,SEA,-1.0,62.0,322.0,2422,63.0,5.366666666666666,451.304347826087
2013,7,7,9E,JFK,MSP,0.0,62.0,150.0,1029,62.0,2.5,411.6
2013,6,23,B6,JFK,SMF,0.0,62.0,326.0,2521,62.0,5.433333333333334,463.9877300613497
2013,6,10,DL,JFK,ATL,55.0,62.0,111.0,760,7.0,1.85,410.8108108108108
2013,6,26,DL,JFK,SFO,81.0,62.0,335.0,2586,-19.0,5.583333333333333,463.1641791044776
2013,8,9,B6,JFK,SEA,-6.0,62.0,333.0,2422,68.0,5.55,436.3963963963964
2013,6,20,AA,JFK,MIA,73.0,62.0,141.0,1089,-11.0,2.35,463.40425531914894
2013,8,9,DL,JFK,LAX,9.0,62.0,336.0,2475,53.0,5.6,441.9642857142857
2013,7,16,DL,JFK,LAX,60.0,62.0,330.0,2475,2.0,5.5,450.0
2013,8,9,DL,JFK,DEN,74.0,62.0,218.0,1626,-12.0,3.6333333333333333,447.5229357798165
2013,7,3,B6,JFK,BOS,66.0,62.0,41.0,187,-4.0,0.6833333333333333,273.6585365853658
2013,7,1,B6,JFK,DEN,94.0,62.0,209.0,1626,-32.0,3.4833333333333334,466.7942583732057
2013,7,10,DL,JFK,FLL,12.0,62.0,146.0,1069,50.0,2.433333333333333,439.3150684931507
2013,7,13,MQ,JFK,BWI,-5.0,62.0,50.0,184,67.0,0.8333333333333334,220.79999999999998
2013,6,26,US,JFK,CLT,82.0,62.0,75.0,541,-20.0,1.25,432.8
2013,7,11,B6,JFK,ROC,87.0,62.0,47.0,264,-25.0,0.7833333333333333,337.02127659574467
2013,6,21,B6,JFK,MCO,82.0,62.0,121.0,944,-20.0,2.0166666666666666,468.099173553719
2013,7,31,B6,JFK,PBI,65.0,61.0,136.0,1028,-4.0,2.2666666666666666,453.5294117647059
2013,8,8,DL,JFK,FLL,63.0,61.0,137.0,1069,-2.0,2.283333333333333,468.17518248175185
2013,7,8,9E,JFK,CVG,99.0,61.0,82.0,589,-38.0,1.3666666666666667,430.9756097560975
2013,6,21,B6,JFK,TPA,60.0,61.0,144.0,1005,1.0,2.4,418.75
2013,8,16,UA,JFK,SFO,71.0,61.0,329.0,2586,-10.0,5.483333333333333,471.6109422492401
2013,6,14,DL,JFK,LAX,10.0,61.0,357.0,2475,51.0,5.95,415.96638655462186
2013,6,13,DL,JFK,MCO,26.0,61.0,141.0,944,35.0,2.35,401.70212765957444
2013,7,17,B6,JFK,ROC,54.0,61.0,45.0,264,7.0,0.75,352.0
2013,6,18,VX,JFK,SFO,24.0,61.0,370.0,2586,37.0,6.166666666666667,419.35135135135135
2013,7,20,B6,JFK,BTV,48.0,61.0,46.0,266,13.0,0.7666666666666667,346.95652173913044
2013,7,22,B6,JFK,BUF,40.0,61.0,54.0,301,21.0,0.9,334.44444444444446
2013,6,17,DL,JFK,LAS,52.0,61.0,303.0,2248,9.0,5.05,445.1485148514852
2013,7,9,B6,JFK,BUF,60.0,61.0,60.0,301,1.0,1.0,301.0
2013,8,14,DL,JFK,MCO,2.0,61.0,136.0,944,59.0,2.2666666666666666,416.47058823529414
2013,6,3,B6,JFK,FLL,72.0,61.0,169.0,1069,-11.0,2.816666666666667,379.5266272189349
2013,6,25,B6,JFK,ROC,73.0,61.0,48.0,264,-12.0,0.8,330.0
2013,7,9,B6,JFK,MCO,80.0,61.0,118.0,944,-19.0,1.9666666666666666,480.0
2013,6,30,B6,JFK,LAS,74.0,61.0,290.0,2248,-13.0,4.833333333333333,465.1034482758621
2013,7,14,B6,JFK,LAX,52.0,61.0,301.0,2475,9.0,5.016666666666667,493.3554817275748
2013,8,9,AA,JFK,IAH,37.0,61.0,187.0,1417,24.0,3.1166666666666667,454.6524064171123
2013,8,9,UA,JFK,LAX,18.0,61.0,339.0,2475,43.0,5.65,438.0530973451327
2013,8,20,9E,JFK,DTW,100.0,61.0,76.0,509,-39.0,1.2666666666666666,401.8421052631579
2013,6,23,DL,JFK,PDX,1.0,61.0,324.0,2454,60.0,5.4,454.4444444444444
2013,7,15,AA,JFK,LAS,131.0,61.0,266.0,2248,-70.0,4.433333333333334,507.0676691729323
2013,7,20,DL,JFK,SJU,37.0,61.0,203.0,1598,24.0,3.3833333333333333,472.3152709359606
2013,6,25,AA,JFK,LAX,61.0,61.0,320.0,2475,0.0,5.333333333333333,464.0625
2013,7,23,DL,JFK,BOS,14.0,61.0,73.0,187,47.0,1.2166666666666666,153.6986301369863
2013,7,28,B6,JFK,SJU,32.0,61.0,197.0,1598,29.0,3.283333333333333,486.7005076142132
2013,6,13,US,JFK,PHX,43.0,61.0,277.0,2153,18.0,4.616666666666666,466.35379061371845
2013,6,17,UA,JFK,SFO,55.0,61.0,345.0,2586,6.0,5.75,449.7391304347826
2013,6,15,VX,JFK,SFO,49.0,61.0,371.0,2586,12.0,6.183333333333334,418.2210242587601
2013,8,12,B6,JFK,SJU,67.0,61.0,205.0,1598,-6.0,3.4166666666666665,467.70731707317077
2013,6,22,B6,JFK,BOS,66.0,61.0,37.0,187,-5.0,0.6166666666666667,303.2432432432432
2013,7,24,AA,JFK,LAX,55.0,61.0,338.0,2475,6.0,5.633333333333334,439.34911242603545
2013,7,13,B6,JFK,BTV,73.0,61.0,44.0,266,-12.0,0.7333333333333333,362.72727272727275
2013,7,24,B6,JFK,FLL,41.0,61.0,172.0,1069,20.0,2.8666666666666667,372.90697674418607
2013,7,27,B6,JFK,ROC,72.0,61.0,45.0,264,-11.0,0.75,352.0
2013,7,20,AA,JFK,SJU,51.0,61.0,213.0,1598,10.0,3.55,450.1408450704226
2013,8,12,B6,JFK,BOS,65.0,61.0,39.0,187,-4.0,0.65,287.6923076923077
2013,6,27,DL,JFK,SFO,59.0,61.0,357.0,2586,2.0,5.95,434.62184873949576
2013,7,3,B6,JFK,BUF,65.0,61.0,56.0,301,-4.0,0.9333333333333333,322.5
2013,8,7,B6,JFK,OAK,46.0,61.0,358.0,2576,15.0,5.966666666666667,431.73184357541896
2013,8,16,B6,JFK,SJU,40.0,61.0,204.0,1598,21.0,3.4,470.0
2013,6,27,EV,JFK,IAD,57.0,61.0,44.0,228,4.0,0.7333333333333333,310.90909090909093
2013,6,13,B6,JFK,BUF,68.0,61.0,52.0,301,-7.0,0.8666666666666667,347.3076923076923
2013,6,11,B6,JFK,MSY,77.0,61.0,145.0,1182,-16.0,2.4166666666666665,489.1034482758621
2013,6,13,B6,JFK,BUF,45.0,61.0,55.0,301,16.0,0.9166666666666666,328.3636363636364
2013,6,3,DL,JFK,MCO,32.0,61.0,146.0,944,29.0,2.433333333333333,387.9452054794521
2013,7,28,9E,JFK,IAD,40.0,61.0,64.0,228,21.0,1.0666666666666667,213.75
2013,6,8,B6,JFK,ABQ,107.0,61.0,241.0,1826,-46.0,4.016666666666667,454.6058091286307
2013,7,22,B6,JFK,PWM,52.0,61.0,50.0,273,9.0,0.8333333333333334,327.59999999999997
2013,7,1,MQ,JFK,IND,48.0,61.0,105.0,665,13.0,1.75,380.0
2013,7,1,MQ,JFK,CVG,41.0,61.0,97.0,589,20.0,1.6166666666666667,364.3298969072165
2013,6,3,US,JFK,CLT,46.0,61.0,83.0,541,15.0,1.3833333333333333,391.0843373493976
2013,7,25,9E,JFK,CVG,102.0,61.0,82.0,589,-41.0,1.3666666666666667,430.9756097560975
2013,7,22,B6,JFK,SMF,18.0,61.0,328.0,2521,43.0,5.466666666666667,461.1585365853658
2013,7,12,B6,JFK,RSW,52.0,61.0,162.0,1074,9.0,2.7,397.77777777777777
2013,6,19,DL,JFK,SEA,81.0,61.0,319.0,2422,-20.0,5.316666666666666,455.54858934169283
2013,7,31,B6,JFK,DEN,77.0,61.0,228.0,1626,-16.0,3.8,427.89473684210526
2013,8,10,B6,JFK,LAX,3.0,61.0,330.0,2475,58.0,5.5,450.0
2013,6,14,AA,JFK,IAH,57.0,61.0,178.0,1417,4.0,2.966666666666667,477.6404494382022
2013,7,31,B6,JFK,BUF,81.0,61.0,55.0,301,-20.0,0.9166666666666666,328.3636363636364
2013,8,10,AA,JFK,LAS,79.0,61.0,306.0,2248,-18.0,5.1,440.7843137254902
2013,8,14,B6,JFK,SMF,28.0,61.0,327.0,2521,33.0,5.45,462.5688073394495
2013,7,21,DL,JFK,TPA,92.0,60.0,133.0,1005,-32.0,2.216666666666667,453.38345864661653
2013,7,16,DL,JFK,SEA,27.0,60.0,312.0,2422,33.0,5.2,465.7692307692308
2013,6,4,B6,JFK,PWM,56.0,60.0,54.0,273,4.0,0.9,303.3333333333333
2013,7,28,DL,JFK,LAS,4.0,60.0,310.0,2248,56.0,5.166666666666667,435.09677419354836
2013,7,17,B6,JFK,BOS,64.0,60.0,35.0,187,-4.0,0.5833333333333334,320.57142857142856
2013,7,28,B6,JFK,RSW,50.0,60.0,150.0,1074,10.0,2.5,429.6
2013,7,23,B6,JFK,BUF,46.0,60.0,58.0,301,14.0,0.9666666666666667,311.37931034482756
2013,6,14,AA,JFK,MIA,56.0,60.0,134.0,1089,4.0,2.2333333333333334,487.6119402985075
2013,7,28,B6,JFK,SLC,-1.0,60.0,285.0,1990,61.0,4.75,418.94736842105266
2013,6,23,B6,JFK,LAX,-1.0,60.0,326.0,2475,61.0,5.433333333333334,455.52147239263803
2013,6,17,MQ,JFK,CMH,-4.0,60.0,85.0,483,64.0,1.4166666666666667,340.94117647058823
2013,7,24,9E,JFK,DFW,48.0,60.0,190.0,1391,12.0,3.1666666666666665,439.2631578947369
2013,8,1,DL,JFK,LAS,51.0,60.0,301.0,2248,9.0,5.016666666666667,448.10631229235884
2013,7,2,B6,JFK,SFO,69.0,60.0,326.0,2586,-9.0,5.433333333333334,475.9509202453988
2013,6,22,B6,JFK,SYR,62.0,60.0,48.0,209,-2.0,0.8,261.25
2013,8,12,B6,JFK,PDX,65.0,60.0,330.0,2454,-5.0,5.5,446.1818181818182
2013,7,13,9E,JFK,MSP,57.0,60.0,137.0,1029,3.0,2.283333333333333,450.6569343065694
2013,7,13,9E,JFK,JAX,37.0,60.0,108.0,828,23.0,1.8,460.0
2013,8,1,9E,JFK,BWI,41.0,60.0,52.0,184,19.0,0.8666666666666667,212.3076923076923
2013,6,27,DL,JFK,SJU,54.0,60.0,189.0,1598,6.0,3.15,507.3015873015873
2013,8,6,B6,JFK,SJU,80.0,60.0,196.0,1598,-20.0,3.2666666666666666,489.18367346938777
2013,7,23,B6,JFK,ROC,45.0,60.0,49.0,264,15.0,0.8166666666666667,323.265306122449
2013,7,13,VX,JFK,SFO,111.0,60.0,319.0,2586,-51.0,5.316666666666666,486.39498432601886
2013,8,8,B6,JFK,TPA,36.0,60.0,130.0,1005,24.0,2.1666666666666665,463.84615384615387
2013,6,13,DL,JFK,SAN,33.0,60.0,308.0,2446,27.0,5.133333333333334,476.49350649350646
2013,7,3,MQ,JFK,DCA,52.0,60.0,58.0,213,8.0,0.9666666666666667,220.3448275862069
2013,7,9,B6,JFK,SYR,63.0,60.0,43.0,209,-3.0,0.7166666666666667,291.62790697674416
2013,7,18,MQ,JFK,DCA,-7.0,60.0,50.0,213,67.0,0.8333333333333334,255.6
2013,7,28,B6,JFK,FLL,31.0,60.0,151.0,1069,29.0,2.5166666666666666,424.76821192052984
2013,6,14,DL,JFK,PDX,0.0,60.0,335.0,2454,60.0,5.583333333333333,439.52238805970154
2013,8,15,DL,JFK,LAS,80.0,60.0,281.0,2248,-20.0,4.683333333333334,480.0
2013,8,8,B6,JFK,FLL,57.0,60.0,149.0,1069,3.0,2.4833333333333334,430.4697986577181
2013,6,26,B6,JFK,BUF,6.0,60.0,55.0,301,54.0,0.9166666666666666,328.3636363636364
2013,6,17,UA,JFK,SFO,23.0,60.0,373.0,2586,37.0,6.216666666666667,415.97855227882036
2013,7,16,DL,JFK,MIA,57.0,60.0,146.0,1089,3.0,2.433333333333333,447.5342465753425
2013,7,23,DL,JFK,TPA,49.0,60.0,130.0,1005,11.0,2.1666666666666665,463.84615384615387
2013,7,9,9E,JFK,RDU,33.0,60.0,64.0,427,27.0,1.0666666666666667,400.3125
2013,6,14,DL,JFK,SLC,3.0,60.0,263.0,1990,57.0,4.383333333333334,453.9923954372623
2013,8,10,B6,JFK,PBI,69.0,60.0,133.0,1028,-9.0,2.216666666666667,463.7593984962406
2013,8,13,B6,JFK,PWM,63.0,60.0,52.0,273,-3.0,0.8666666666666667,315.0
2013,6,19,B6,JFK,MCO,13.0,60.0,137.0,944,47.0,2.283333333333333,413.43065693430657
2013,8,14,B6,JFK,HOU,35.0,60.0,209.0,1428,25.0,3.4833333333333334,409.95215311004785
2013,7,19,AA,JFK,LAS,57.0,60.0,293.0,2248,3.0,4.883333333333334,460.3412969283276
2013,7,31,9E,JFK,BWI,53.0,60.0,36.0,184,7.0,0.6,306.6666666666667
2013,6,14,B6,JFK,JAX,79.0,60.0,108.0,828,-19.0,1.8,460.0
2013,6,14,B6,JFK,PWM,60.0,60.0,50.0,273,0.0,0.8333333333333334,327.59999999999997
2013,7,29,MQ,JFK,DCA,62.0,60.0,48.0,213,-2.0,0.8,266.25
2013,7,12,B6,JFK,PSE,79.0,60.0,191.0,1617,-19.0,3.183333333333333,507.9581151832461
2013,6,14,B6,JFK,SMF,14.0,60.0,356.0,2521,46.0,5.933333333333334,424.8876404494382
2013,6,11,MQ,JFK,CMH,79.0,60.0,75.0,483,-19.0,1.25,386.4
2013,6,13,B6,JFK,MCO,48.0,60.0,138.0,944,12.0,2.3,410.4347826086957
2013,6,29,AA,JFK,MIA,73.0,60.0,148.0,1089,-13.0,2.466666666666667,441.48648648648646
2013,7,11,B6,JFK,PWM,70.0,60.0,45.0,273,-10.0,0.75,364.0
2013,7,12,DL,JFK,ATL,61.0,60.0,109.0,760,-1.0,1.8166666666666667,418.348623853211
2013,6,14,AA,JFK,LAS,-9.0,60.0,310.0,2248,69.0,5.166666666666667,435.09677419354836
2013,6,21,B6,JFK,LAX,60.0,60.0,320.0,2475,0.0,5.333333333333333,464.0625
